time,cont_state_fl,cont_state_fr,cont_state_rl,cont_state_rr,ref_body_pos_x,ref_body_pos_y,ref_body_pos_z,ref_body_lin_vel_x,ref_body_lin_vel_y,ref_body_lin_vel_z,ref_body_euler_r,ref_body_euler_p,ref_body_euler_y,ref_body_euler_dr,ref_body_euler_dp,ref_body_euler_dy,ref_foot_fl_pos_x,ref_foot_fl_pos_y,ref_foot_fl_pos_z,ref_foot_fr_pos_x,ref_foot_fr_pos_y,ref_foot_fr_pos_z,ref_foot_rl_pos_x,ref_foot_rl_pos_y,ref_foot_rl_pos_z,ref_foot_rr_pos_x,ref_foot_rr_pos_y,ref_foot_rr_pos_z,ref_foot_fl_lin_vel_x,ref_foot_fl_lin_vel_y,ref_foot_fl_lin_vel_z,ref_foot_fr_lin_vel_x,ref_foot_fr_lin_vel_y,ref_foot_fr_lin_vel_z,ref_foot_rl_lin_vel_x,ref_foot_rl_lin_vel_y,ref_foot_rl_lin_vel_z,ref_foot_rr_lin_vel_x,ref_foot_rr_lin_vel_y,ref_foot_rr_lin_vel_z,ref_foot_fl_frc_x,ref_foot_fl_frc_y,ref_foot_fl_frc_z,ref_foot_fr_frc_x,ref_foot_fr_frc_y,ref_foot_fr_frc_z,ref_foot_rl_frc_x,ref_foot_rl_frc_y,ref_foot_rl_frc_z,ref_foot_rr_frc_x,ref_foot_rr_frc_y,ref_foot_rr_frc_z,ref_gripper_pos_x,ref_gripper_pos_y,ref_gripper_pos_z,ref_gripper_lin_vel_x,ref_gripper_lin_vel_y,ref_gripper_lin_vel_z,ref_gripper_euler_r,ref_gripper_euler_p,ref_gripper_euler_y,ref_gripper_euler_dr,ref_gripper_euler_dp,ref_gripper_euler_dy,ref_gripper_frc_x,ref_gripper_frc_y,ref_gripper_frc_z,wbc_jnt_trq_fl_hip,wbc_jnt_trq_fl_upper,wbc_jnt_trq_fl_lower,wbc_jnt_trq_fr_hip,wbc_jnt_trq_fr_upper,wbc_jnt_trq_fr_lower,wbc_jnt_trq_rl_hip,wbc_jnt_trq_rl_upper,wbc_jnt_trq_rl_lower,wbc_jnt_trq_rr_hip,wbc_jnt_trq_rr_upper,wbc_jnt_trq_rr_lower,wbc_jnt_trq_waist,wbc_jnt_trq_shoulder,wbc_jnt_trq_elbow,wbc_jnt_trq_wrist_angle,wbc_jnt_trq_wrist_rotate,wbc_jnt_trq_wrist2,wbc_foot_frc_fl_x,wbc_foot_frc_fl_y,wbc_foot_frc_fl_z,wbc_foot_frc_fr_x,wbc_foot_frc_fr_y,wbc_foot_frc_fr_z,wbc_foot_frc_rl_x,wbc_foot_frc_rl_y,wbc_foot_frc_rl_z,wbc_foot_frc_rr_x,wbc_foot_frc_rr_y,wbc_foot_frc_rr_z,sim_base_pos_x,sim_base_pos_y,sim_base_pos_z,sim_base_lin_vel_x,sim_base_lin_vel_y,sim_base_lin_vel_z,sim_base_euler_r,sim_base_euler_p,sim_base_euler_y,sim_base_euler_dr,sim_base_euler_dp,sim_base_euler_dy,sim_foot_fl_pos_x,sim_foot_fl_pos_y,sim_foot_fl_pos_z,sim_foot_fr_pos_x,sim_foot_fr_pos_y,sim_foot_fr_pos_z,sim_foot_rl_pos_x,sim_foot_rl_pos_y,sim_foot_rl_pos_z,sim_foot_rr_pos_x,sim_foot_rr_pos_y,sim_foot_rr_pos_z,sim_foot_fl_lin_vel_x,sim_foot_fl_lin_vel_y,sim_foot_fl_lin_vel_z,sim_foot_fr_lin_vel_x,sim_foot_fr_lin_vel_y,sim_foot_fr_lin_vel_z,sim_foot_rl_lin_vel_x,sim_foot_rl_lin_vel_y,sim_foot_rl_lin_vel_z,sim_foot_rr_lin_vel_x,sim_foot_rr_lin_vel_y,sim_foot_rr_lin_vel_z,sim_foot_fl_frc_z,sim_foot_fr_frc_z,sim_foot_rl_frc_z,sim_foot_rr_frc_z,sim_gripper_pos_x,sim_gripper_pos_y,sim_gripper_pos_z,sim_gripper_lin_vel_x,sim_gripper_lin_vel_y,sim_gripper_lin_vel_z,sim_gripper_euler_r,sim_gripper_euler_p,sim_gripper_euler_y,sim_gripper_euler_dr,sim_gripper_euler_dp,sim_gripper_euler_dy
0.018000000000000002,1,1,1,1,0.0,0.0,0.49999999999999994,0.0,0.0,0.0,0.0,-0.0,0.0,0.0,0.0,0.0,0.3285,0.19164302,-0.012182209999999971,0.3285,-0.19164302,-0.012182209999999971,-0.3285,0.19164302,-0.012182209999999971,-0.3285,-0.19164302,-0.012182209999999971,0.0,0.0,0.0,0.0,0.0,0.0,0.0,0.0,0.0,0.0,0.0,0.0,-4.879950174308719,-0.08760609687461256,77.49803893931961,-4.767820511747039,-0.08760609663354074,77.49803893931964,-4.879950174363906,-0.20996897416010316,77.49803893931961,-4.7678205113606875,-0.20996897461883932,77.49803893931961,0.5627,0.002,0.9304,-1.3877787807814457e-14,0.0,0.0,0.0,-0.0,0.0,0.0,0.0,0.0,0.0,0.0,0.0,0.0,0.0,0.0,0.0,0.0,0.0,0.0,0.0,0.0,0.0,0.0,0.0,0.0,0.0,0.0,0.0,0.0,0.0,0.0,0.0,0.0,0.0,0.0,0.0,0.0,0.0,0.0,0.0,0.0,0.0,0.009358875219555612,-3.4579269506230013e-07,0.6944405122288774,0.41112918106713897,0.00029279087877057196,-0.5076004102744726,0.0021614954120341666,-0.028768720323602448,2.5266705550067723e-05,0.09618681020919813,-1.8173693302158211,-0.004919164751669681,0.16103321742936366,-0.001307157153725461,1.0225271074633848,0.16103321742936366,-0.001307157153725461,1.0225271074633848,0.16103321742936366,-0.001307157153725461,1.0225271074633848,0.16103321742936366,-0.001307157153725461,1.0225271074633848,4.132527989902811,3.8814277887911763,0.9052152719581392,4.132527989902811,3.8814277887911763,0.9052152719581392,4.132527989902811,3.8814277887911763,0.9052152719581392,4.132527989902811,3.8814277887911763,0.9052152719581392,0.0,0.0,0.0,0.0,0.16103321742936366,-0.001307157153725461,1.0225271074633848,4.132527989902811,3.8814277887911763,0.9052152719581392,0.12802538492306706,-0.23153129320224086,-0.015469137634057432,14.157859724189706,-11.967308720006903,2.0219638006368914
0.038,1,1,1,1,0.0,0.0,0.49999999999999994,0.0,0.0,0.0,0.0,-0.0,0.0,0.0,0.0,0.0,0.3285,0.19164302,-0.012182209999999971,0.3285,-0.19164302,-0.012182209999999971,-0.3285,0.19164302,-0.012182209999999971,-0.3285,-0.19164302,-0.012182209999999971,0.0,0.0,0.0,0.0,0.0,0.0,0.0,0.0,0.0,0.0,0.0,0.0,-3.0697094162570417,0.04300656676533847,77.49803893931963,-2.842452197902198,0.04300656647358417,77.49803893931966,-3.069709417081249,-0.22428379195403203,77.49803893931961,-2.8424521975227015,-0.22428379054161776,77.49803893931961,0.5627,0.002,0.9304,0.0,0.0,0.0,0.0,-0.0,0.0,0.0,0.0,0.0,0.0,0.0,0.0,0.0,0.0,0.0,0.0,0.0,0.0,0.0,0.0,0.0,0.0,0.0,0.0,0.0,0.0,0.0,0.0,0.0,0.0,0.0,0.0,0.0,0.0,0.0,0.0,0.0,0.0,0.0,0.0,0.0,0.0,0.014491275372724668,3.257303079299233e-05,0.6820210460944129,0.08720523546952995,-0.0010106105742946618,-0.6978345936859952,0.0035341766212092425,-0.05590576909954348,-0.00024586339073538006,0.030284457010346266,-0.9168433566031043,-0.00661063643765121,0.16937946759908504,-0.0019769180784075437,1.0818869096903851,0.16937946759908504,-0.0019769180784075437,1.0818869096903851,0.16937946759908504,-0.0019769180784075437,1.0818869096903851,0.16937946759908504,-0.0019769180784075437,1.0818869096903851,3.706696711470187,7.355506251937406,2.233848988207768,3.706696711470187,7.355506251937406,2.233848988207768,3.706696711470187,7.355506251937406,2.233848988207768,3.706696711470187,7.355506251937406,2.233848988207768,0.0,0.0,0.0,0.0,0.16937946759908504,-0.0019769180784075437,1.0818869096903851,3.706696711470187,7.355506251937406,2.233848988207768,0.1694717995746048,-0.40080087453119506,-0.01579763521488174,24.618136489435013,-6.815890730314846,1.3840009806047373
0.058,1,1,1,1,0.0,0.0,0.4999999999999999,0.0,0.0,-2.7755575615628914e-14,0.0,-0.0,0.0,0.0,0.0,0.0,0.3285,0.19164302,-0.012182209999999971,0.3285,-0.19164302,-0.012182209999999971,-0.3285,0.19164302,-0.012182209999999971,-0.3285,-0.19164302,-0.012182209999999971,0.0,0.0,0.0,0.0,0.0,0.0,0.0,0.0,0.0,0.0,0.0,0.0,-1.794536337357499,-0.023723746558255866,77.49803893931964,-1.7247238729456988,-0.02372374748318641,77.49803893931966,-1.7945363378432084,-0.11606399552839769,77.49803893931961,-1.7247238726264806,-0.11606399552858028,77.49803893931963,0.5627,0.002,0.9304,0.0,0.0,0.0,0.0,-0.0,0.0,0.0,0.0,0.0,0.0,0.0,0.0,0.0,0.0,0.0,0.0,0.0,0.0,0.0,0.0,0.0,0.0,0.0,0.0,0.0,0.0,0.0,0.0,0.0,0.0,0.0,0.0,0.0,0.0,0.0,0.0,0.0,0.0,0.0,0.0,0.0,0.0,0.014746092850192372,5.022751226418791e-05,0.6672692090482434,-0.11238476623306529,-0.002380076050743332,-0.7675230159031065,0.003957238188643114,-0.06805137080499657,-0.0003887997765317794,-0.00795832916892347,-0.4759573845296446,3.483669591360962e-06,0.20150623628276923,-0.00242543153050719,1.1434275528509406,0.20150623628276923,-0.00242543153050719,1.1434275528509406,0.20150623628276923,-0.00242543153050719,1.1434275528509406,0.20150623628276923,-0.00242543153050719,1.1434275528509406,1.4988570289798564,7.9123841363392255,2.9386667043240076,1.4988570289798564,7.9123841363392255,2.9386667043240076,1.4988570289798564,7.9123841363392255,2.9386667043240076,1.4988570289798564,7.9123841363392255,2.9386667043240076,0.0,0.0,0.0,0.0,0.20150623628276923,-0.00242543153050719,1.1434275528509406,1.4988570289798564,7.9123841363392255,2.9386667043240076,0.1705098237724284,-0.47796316356983515,-0.015206478212652128,24.473195406845267,2.4041406673025856,-0.0075581365862493755
0.078,1,1,1,1,0.0,0.0,0.49999999999999994,0.0,0.0,0.0,0.0,-0.0,0.0,0.0,0.0,0.0,0.3285,0.19164302,-0.012182209999999971,0.3285,-0.19164302,-0.012182209999999971,-0.3285,0.19164302,-0.012182209999999971,-0.3285,-0.19164302,-0.012182209999999971,0.0,0.0,0.0,0.0,0.0,0.0,0.0,0.0,0.0,0.0,0.0,0.0,-2.4337786764076883,-0.06261609300684692,77.49803893931963,-2.4168114979970734,-0.06261609338540022,77.49803893931964,-2.433778677091968,-0.08467991782761046,77.49803893931963,-2.4168114981796758,-0.08467991787467057,77.49803893931963,0.5627,0.002,0.9304,0.0,0.0,0.0,0.0,-0.0,0.0,0.0,0.0,0.0,0.0,0.0,0.0,0.0,0.0,0.0,0.0,0.0,0.0,0.0,0.0,0.0,0.0,0.0,0.0,0.0,0.0,0.0,0.0,0.0,0.0,0.0,0.0,0.0,0.0,0.0,0.0,0.0,0.0,0.0,0.0,0.0,0.0,0.012620677763987967,6.364276070774728e-05,0.6507090920177988,-0.19690979447084442,-0.003109607481007439,-0.8642626118052222,0.004026335047698351,-0.07793683059793555,-0.00046041093348111626,-0.029065899375323813,-0.5346874795747188,0.0021785499002820803,0.25745100172299423,-0.0026936740656913465,1.1827250085393246,0.25745100172299423,-0.0026936740656913465,1.1827250085393246,0.25745100172299423,-0.0026936740656913465,1.1827250085393246,0.25745100172299423,-0.0026936740656913465,1.1827250085393246,1.7282829896487757,7.847236980180589,1.8516485870457038,1.7282829896487757,7.847236980180589,1.8516485870457038,1.7282829896487757,7.847236980180589,1.8516485870457038,1.7282829896487757,7.847236980180589,1.8516485870457038,0.0,0.0,0.0,0.0,0.25745100172299423,-0.0026936740656913465,1.1827250085393246,1.7282829896487757,7.847236980180589,1.8516485870457038,0.17027696579269097,-0.512631695376752,-0.014036240018475046,24.391527284733648,3.289872362647464,0.1542099163300108
0.098,1,1,1,1,0.0,0.0,0.49999999999999994,0.0,0.0,2.7755575615628914e-14,0.0,-0.0,0.0,0.0,0.0,0.0,0.3285,0.19164302,-0.012182209999999971,0.3285,-0.19164302,-0.012182209999999971,-0.3285,0.19164302,-0.012182209999999971,-0.3285,-0.19164302,-0.012182209999999971,0.0,0.0,0.0,0.0,0.0,0.0,0.0,0.0,0.0,0.0,0.0,0.0,12.116646620716306,-0.07167265379574969,80.87603852222225,12.07739331836475,-0.07167265530389258,80.83098664024101,12.116646620989458,-0.018825320369003477,140.21952500114932,12.077393318249992,-0.01882532262197159,140.02990736706607,0.5627,0.002,0.9304,1.3877787807814457e-14,0.0,0.0,0.0,-0.0,0.0,0.0,0.0,0.0,0.0,0.0,0.0,0.0,0.0,0.0,0.0,0.0,0.0,0.0,0.0,0.0,0.0,0.0,0.0,0.0,0.0,0.0,0.0,0.0,0.0,0.0,0.0,0.0,0.0,0.0,0.0,0.0,0.0,0.0,0.0,0.0,0.0,0.009982477634026198,7.431980368079973e-05,0.6316798754663103,-0.22085945863892525,-0.0035875671214355607,-1.0012753343332599,0.004003430476980437,-0.08968949411577576,-0.0005372527585983107,-0.0025213311321333554,-0.6368760462856314,0.000584124333353149,0.31899766832951765,-0.002827477856855176,1.1914150451889458,0.31899766832951765,-0.002827477856855176,1.1914150451889458,0.31899766832951765,-0.002827477856855176,1.1914150451889458,0.31899766832951765,-0.002827477856855176,1.1914150451889458,0.784357164658273,7.722385687538185,0.9447536200930456,0.784357164658273,7.722385687538185,0.9447536200930456,0.784357164658273,7.722385687538185,0.9447536200930456,0.784357164658273,7.722385687538185,0.9447536200930456,0.0,0.0,0.0,0.0,0.31899766832951765,-0.002827477856855176,1.1914150451889458,0.784357164658273,7.722385687538185,0.9447536200930456,0.17057221102104095,-0.5205329243386181,-0.014546513347777151,24.38183694576442,4.709578516161715,-0.4840068619464102
0.11800000000000001,1,1,1,1,0.0,0.0,0.49999999999999994,0.0,0.0,0.0,0.0,-0.0,0.0,0.0,0.0,0.0,0.3285,0.19164302,-0.012182209999999971,0.3285,-0.19164302,-0.012182209999999971,-0.3285,0.19164302,-0.012182209999999971,-0.3285,-0.19164302,-0.012182209999999971,0.0,0.0,0.0,0.0,0.0,0.0,0.0,0.0,0.0,0.0,0.0,0.0,11.280320384176528,-0.04932372583193619,147.99246299610218,11.213819141158288,-0.04932372727263491,147.9404121251835,11.280320383960595,0.03007413331844006,203.09448948068137,11.213819141793309,0.030074135632945972,203.02762429053206,0.5627,0.002,0.9304,0.0,0.0,0.0,0.0,-0.0,0.0,0.0,0.0,0.0,0.0,0.0,0.0,0.0,0.0,0.0,0.0,0.0,0.0,0.0,0.0,0.0,0.0,0.0,0.0,0.0,0.0,0.0,0.0,0.0,0.0,0.0,0.0,0.0,0.0,0.0,0.0,0.0,0.0,0.0,0.0,0.0,0.0,0.0075668134309158615,7.939991939589237e-05,0.6095486100252555,-0.2334347013589218,-0.004267685670950122,-1.1624836613073046,0.003924939115633467,-0.10277284621733052,-0.0006256859759808373,0.008398106654994726,-0.6677095074953902,-0.00039552901510048265,0.3758674622452063,-0.0028076445602968425,1.1721757388425134,0.3758674622452063,-0.0028076445602968425,1.1721757388425134,0.3758674622452063,-0.0028076445602968425,1.1721757388425134,0.3758674622452063,-0.0028076445602968425,1.1721757388425134,-0.5879833533199204,7.461275690306002,0.6273069967636333,-0.5879833533199204,7.461275690306002,0.6273069967636333,-0.5879833533199204,7.461275690306002,0.6273069967636333,-0.5879833533199204,7.461275690306002,0.6273069967636333,0.0,0.0,0.0,0.0,0.3758674622452063,-0.0028076445602968425,1.1721757388425134,-0.5879833533199204,7.461275690306002,0.6273069967636333,0.17004998957887044,-0.49171782835230493,-0.014217548344365144,24.372936237103993,6.558973384685914,-0.7546147511951915
0.138,1,1,1,1,0.0,0.0,0.49999999999999994,0.0,0.0,0.0,0.0,-0.0,0.0,0.0,0.0,0.0,0.3285,0.19164302,-0.012182209999999971,0.3285,-0.19164302,-0.012182209999999971,-0.3285,0.19164302,-0.012182209999999971,-0.3285,-0.19164302,-0.012182209999999971,0.0,0.0,0.0,0.0,0.0,0.0,0.0,0.0,0.0,0.0,0.0,0.0,9.543403812863199,-0.031406896996097416,224.49933567826008,9.453338442019989,-0.03140689823697531,224.496000318459,9.543403814155052,0.06800746969358952,272.3988354816374,9.453338441786867,0.06800746622333746,272.3766921093448,0.5627,0.002,0.9304,0.0,0.0,0.0,0.0,-0.0,0.0,0.0,0.0,0.0,0.0,0.0,0.0,0.0,0.0,0.0,0.0,0.0,0.0,0.0,0.0,0.0,0.0,0.0,0.0,0.0,0.0,0.0,0.0,0.0,0.0,0.0,0.0,0.0,0.0,0.0,0.0,0.0,0.0,0.0,0.0,0.0,0.0,0.005529423861935107,8.040673761752509e-05,0.5840001382375205,-0.24889931696072798,-0.004908289195847199,-1.335488341938263,0.0038330124566747416,-0.11565790520021446,-0.0007130332099998143,0.01474133584341619,-0.6294975455427411,-0.0012794143603742287,0.42450348696112494,-0.0026943573685634077,1.1323756215076908,0.42450348696112494,-0.0026943573685634077,1.1323756215076908,0.42450348696112494,-0.0026943573685634077,1.1323756215076908,0.42450348696112494,-0.0026943573685634077,1.1323756215076908,-1.6576486632670635,7.343645615882908,0.6198063949358058,-1.6576486632670635,7.343645615882908,0.6198063949358058,-1.6576486632670635,7.343645615882908,0.6198063949358058,-1.6576486632670635,7.343645615882908,0.6198063949358058,0.0,0.0,0.0,0.0,0.42450348696112494,-0.0026943573685634077,1.1323756215076908,-1.6576486632670635,7.343645615882908,0.6198063949358058,0.16887101663257623,-0.4309816326344591,-0.013194542366844919,24.364455257377944,7.913952645578659,-0.7468661604972464
0.158,1,1,1,1,0.0,0.0,0.49999999999999994,0.0,0.0,0.0,0.0,-0.0,0.0,0.0,0.0,0.0,0.3285,0.19164302,-0.012182209999999971,0.3285,-0.19164302,-0.012182209999999971,-0.3285,0.19164302,-0.012182209999999971,-0.3285,-0.19164302,-0.012182209999999971,0.0,0.0,0.0,0.0,0.0,0.0,0.0,0.0,0.0,0.0,0.0,0.0,7.842174117779826,-0.020295882173927884,308.12290124327427,7.733845949203125,-0.020295880909021832,308.1253366797865,7.842174118582737,0.09555351295803878,349.7825172954021,7.733845947243798,0.09555351232134467,349.7623445167953,0.5627,0.002,0.9304,0.0,0.0,0.0,0.0,-0.0,0.0,0.0,0.0,0.0,0.0,0.0,0.0,0.0,0.0,0.0,0.0,0.0,0.0,0.0,0.0,0.0,0.0,0.0,0.0,0.0,0.0,0.0,0.0,0.0,0.0,0.0,0.0,0.0,0.0,0.0,0.0,0.0,0.0,0.0,0.0,0.0,0.0,0.0038640439733361055,7.932439310091109e-05,0.5548452111538397,-0.27011357671040814,-0.005480265529786456,-1.5169167600234759,0.0037396096934731353,-0.1274527554910121,-0.0007916297976834396,0.018667641666798792,-0.5652791863583267,-0.0020021451463984492,0.46397787362764975,-0.0025302022858706827,1.0790574875171317,0.46397787362764975,-0.0025302022858706827,1.0790574875171317,0.46397787362764975,-0.0025302022858706827,1.0790574875171317,0.46397787362764975,-0.0025302022858706827,1.0790574875171317,-2.2357909720568707,7.444472518362112,0.6450270217310345,-2.2357909720568707,7.444472518362112,0.6450270217310345,-2.2357909720568707,7.444472518362112,0.6450270217310345,-2.2357909720568707,7.444472518362112,0.6450270217310345,0.0,0.0,0.0,0.0,0.46397787362764975,-0.0025302022858706827,1.0790574875171317,-2.2357909720568707,7.444472518362112,0.6450270217310345,0.16745891268938368,-0.3517209259046492,-0.011862023605903063,24.36787856344898,8.5418058579894,-0.6197761369237202
0.178,1,1,1,1,0.0,0.0,0.4999999999999999,0.0,0.0,-2.7755575615628914e-14,0.0,-0.0,0.0,0.0,0.0,0.0,0.3285,0.19164302,-0.012182209999999971,0.3285,-0.19164302,-0.012182209999999971,-0.3285,0.19164302,-0.012182209999999971,-0.3285,-0.19164302,-0.012182209999999971,0.0,0.0,0.0,0.0,0.0,0.0,0.0,0.0,0.0,0.0,0.0,0.0,6.145539888532903,-0.0171085981643232,319.6881008435141,6.026849042239953,-0.01710859190110995,319.685697988384,6.145539888282013,0.10847260997845981,357.2608116213731,6.026849043210779,0.1084726120027147,357.25685086219903,0.5627,0.002,0.9304,0.0,0.0,0.0,0.0,-0.0,0.0,0.0,0.0,0.0,0.0,0.0,0.0,0.0,0.0,0.0,0.0,0.0,0.0,0.0,0.0,0.0,0.0,0.0,0.0,0.0,0.0,0.0,0.0,0.0,0.0,0.0,0.0,0.0,0.0,0.0,0.0,0.0,0.0,0.0,0.0,0.0,0.0,0.0025229025074275033,7.751284602979704e-05,0.5219353074253755,-0.2966354607375268,-0.006012406432542865,-1.7049217355965907,0.003649057503153535,-0.13789997874591053,-0.000860169999630833,0.020857043097995125,-0.4920227142641077,-0.002575021130228647,0.494997360775055,-0.002348173277412826,1.0175787620384917,0.494997360775055,-0.002348173277412826,1.0175787620384917,0.494997360775055,-0.002348173277412826,1.0175787620384917,0.494997360775055,-0.002348173277412826,1.0175787620384917,-2.499498420455578,7.698777013671051,0.6599546504946705,-2.499498420455578,7.698777013671051,0.6599546504946705,-2.499498420455578,7.698777013671051,0.6599546504946705,-2.499498420455578,7.698777013671051,0.6599546504946705,0.0,0.0,0.0,0.0,0.494997360775055,-0.002348173277412826,1.0175787620384917,-2.499498420455578,7.698777013671051,0.6599546504946705,0.16611051381989933,-0.2652307432740888,-0.010507977198296825,24.378825128527737,8.721073289917697,-0.4634185224213647
0.198,1,1,1,1,0.0,0.0,0.5,0.0,0.0,2.7755575615628914e-14,0.0,-0.0,0.0,0.0,0.0,0.0,0.3285,0.19164302,-0.012182209999999971,0.3285,-0.19164302,-0.012182209999999971,-0.3285,0.19164302,-0.012182209999999971,-0.3285,-0.19164302,-0.012182209999999971,0.0,0.0,0.0,0.0,0.0,0.0,0.0,0.0,0.0,0.0,0.0,0.0,4.688977074264247,-0.013050957429256937,321.34390766112665,4.568914783860123,-0.013050963050151116,321.3431408253418,4.688977074451587,0.11372849819304749,355.58094182756685,4.568914783501804,0.11372849522503392,355.57956983254456,0.5627,0.002,0.9304,0.0,0.0,-5.551115123125783e-14,0.0,-0.0,0.0,0.0,0.0,0.0,0.0,0.0,0.0,0.0,0.0,0.0,0.0,0.0,0.0,0.0,0.0,0.0,0.0,0.0,0.0,0.0,0.0,0.0,0.0,0.0,0.0,0.0,0.0,0.0,0.0,0.0,0.0,0.0,0.0,0.0,0.0,0.0,0.0,0.0014655948601177773,7.558139982353612e-05,0.48515782033326915,-0.32739199591525303,-0.006533994548646463,-1.8975793309226427,0.0035644335996028583,-0.14687376140425323,-0.0009196757261906191,0.02183826393038993,-0.41679784757160465,-0.0030481214653663154,0.5183940181928092,-0.002152218736263399,0.9521120708626274,0.5183940181928092,-0.002152218736263399,0.9521120708626274,0.5183940181928092,-0.002152218736263399,0.9521120708626274,0.5183940181928092,-0.002152218736263399,0.9521120708626274,-2.2657709603130467,7.9573482185509565,0.329158364715766,-2.2657709603130467,7.9573482185509565,0.329158364715766,-2.2657709603130467,7.9573482185509565,0.329158364715766,-2.2657709603130467,7.9573482185509565,0.329158364715766,0.0,0.0,0.0,0.0,0.5183940181928092,-0.002152218736263399,0.9521120708626274,-2.2657709603130467,7.9573482185509565,0.329158364715766,0.16491496183593696,-0.18554341277172148,-0.008780937116049242,24.402288184891,7.908780252665169,-0.19489987706763134
0.218,1,1,1,1,0.0,0.0,0.4999999999999999,0.0,0.0,-2.7755575615628914e-14,0.0,-0.0,0.0,0.0,0.0,0.0,0.3285,0.19164302,-0.012182209999999971,0.3285,-0.19164302,-0.012182209999999971,-0.3285,0.19164302,-0.012182209999999971,-0.3285,-0.19164302,-0.012182209999999971,0.0,0.0,0.0,0.0,0.0,0.0,0.0,0.0,0.0,0.0,0.0,0.0,16.91355879739212,0.17402016293264433,310.2440165204405,16.996980499145586,0.17402015996175893,310.52893373342886,16.9135587941216,0.026233472527591555,366.35038907528855,16.996980498243687,0.026233472670072963,366.6348206033781,0.5627,0.002,0.9304,0.0,0.0,0.0,0.0,-0.0,0.0,0.0,0.0,0.0,0.0,0.0,0.0,0.0,0.0,0.0,0.0,0.0,0.0,0.0,0.0,0.0,0.0,0.0,0.0,0.0,0.0,0.0,0.0,0.0,0.0,0.0,0.0,0.0,0.0,0.0,0.0,0.0,0.0,0.0,0.0,0.0,0.0,-0.00024324540783241254,6.35543385324972e-05,0.4467172546845167,-0.40532627868281446,-0.007030877976329813,-1.8168151898546012,0.0034243492727120206,-0.14299231965758663,-0.000970152206157174,0.008091923352531637,0.9438779955266411,-0.008204606224015273,0.5369880852534636,-0.001979092272457924,0.8849908650462136,0.5369880852534636,-0.001979092272457924,0.8849908650462136,0.5369880852534636,-0.001979092272457924,0.8849908650462136,0.5369880852534636,-0.001979092272457924,0.8849908650462136,-1.9908405890729808,8.270758121553035,0.22272527089830618,-1.9908405890729808,8.270758121553035,0.22272527089830618,-1.9908405890729808,8.270758121553035,0.22272527089830618,-1.9908405890729808,8.270758121553035,0.22272527089830618,0.0,0.0,534.1825613719728,541.1602713868745,0.5369880852534636,-0.001979092272457924,0.8849908650462136,-1.9908405890729808,8.270758121553035,0.22272527089830618,0.1640460356213197,-0.11732902216277541,-0.007453478061521662,24.42195903891836,7.56559162101609,-0.3302886114811545
0.23800000000000002,1,1,1,1,0.0,0.0,0.49999999999999994,0.0,0.0,-2.7755575615628914e-14,0.0,-0.0,0.0,0.0,0.0,0.0,0.3285,0.19164302,-0.012182209999999971,0.3285,-0.19164302,-0.012182209999999971,-0.3285,0.19164302,-0.012182209999999971,-0.3285,-0.19164302,-0.012182209999999971,0.0,0.0,0.0,0.0,0.0,0.0,0.0,0.0,0.0,0.0,0.0,0.0,33.85186465523703,0.33963098963553356,297.43334400141737,34.1666425544323,0.33963098773174233,297.64158014149024,33.8518646577243,-0.20123314566487197,379.10689315217223,34.16664255528626,-0.20123314901349254,379.3148761119127,0.5627,0.002,0.9304,-1.3877787807814457e-14,0.0,0.0,0.0,-0.0,0.0,0.0,0.0,0.0,0.0,0.0,0.0,0.0,0.0,0.0,0.0,0.0,0.0,0.0,0.0,0.0,0.0,0.0,0.0,0.0,0.0,0.0,0.0,0.0,0.0,0.0,0.0,0.0,0.0,0.0,0.0,0.0,0.0,0.0,0.0,0.0,0.0,-0.004345038268732105,5.084175329270357e-05,0.4117123226702189,-0.41558161302933205,-0.005942637854613724,-1.629763028773683,0.0032951846003506464,-0.10676375894816315,-0.0010114093673546896,0.008467587378002862,2.4218880834628136,-0.01843740286571642,0.5592558900070957,-0.001853462255197271,0.8138832513166796,0.5592558900070957,-0.001853462255197271,0.8138832513166796,0.5592558900070957,-0.001853462255197271,0.8138832513166796,0.5592558900070957,-0.001853462255197271,0.8138832513166796,-1.3364777251237634,8.233090150148941,-0.11912289587200747,-1.3364777251237634,8.233090150148941,-0.11912289587200747,-1.3364777251237634,8.233090150148941,-0.11912289587200747,-1.3364777251237634,8.233090150148941,-0.11912289587200747,0.0,0.0,522.9841250813197,530.2315629907026,0.5592558900070957,-0.001853462255197271,0.8138832513166796,-1.3364777251237634,8.233090150148941,-0.11912289587200747,0.16339381990908067,-0.05884962672124616,-0.006353972700653715,24.437940662074475,7.1645033008599945,-0.3509413813592315
0.258,1,1,1,1,0.0,0.0,0.49999999999999994,0.0,0.0,0.0,0.0,-0.0,0.0,0.0,0.0,0.0,0.3285,0.19164302,-0.012182209999999971,0.3285,-0.19164302,-0.012182209999999971,-0.3285,0.19164302,-0.012182209999999971,-0.3285,-0.19164302,-0.012182209999999971,0.0,0.0,0.0,0.0,0.0,0.0,0.0,0.0,0.0,0.0,0.0,0.0,37.291683691614494,0.4711309748324789,296.25847642214734,37.78304727603135,0.47113097492011113,296.44965899773433,37.29168369053385,-0.3574304770860708,380.13305379801324,37.78304727446231,-0.35743047399302896,380.32087828934914,0.5627,0.002,0.9304,0.0,0.0,0.0,0.0,-0.0,0.0,0.0,0.0,0.0,0.0,0.0,0.0,0.0,0.0,0.0,0.0,0.0,0.0,0.0,0.0,0.0,0.0,0.0,0.0,0.0,0.0,0.0,0.0,0.0,0.0,0.0,0.0,0.0,0.0,0.0,0.0,0.0,0.0,0.0,0.0,0.0,0.0,-0.009303129411298024,4.1011872549925404e-05,0.38120475931264597,-0.3182195645598741,-0.004987126270254439,-1.3356779706090052,0.0031603314243867243,-0.05265747505967311,-0.001127823768690076,-2.62697277941124e-05,2.628470296781477,-0.022971608042728835,0.584949487524385,-0.0017960420133118393,0.7348342913747186,0.584949487524385,-0.0017960420133118393,0.7348342913747186,0.584949487524385,-0.0017960420133118393,0.7348342913747186,0.584949487524385,-0.0017960420133118393,0.7348342913747186,-1.5525381963615783,8.08136980983544,0.5219680378981603,-1.5525381963615783,8.08136980983544,0.5219680378981603,-1.5525381963615783,8.08136980983544,0.5219680378981603,-1.5525381963615783,8.08136980983544,0.5219680378981603,551.2995179365417,557.6844163214405,489.3087619617602,495.7587726752795,0.584949487524385,-0.0017960420133118393,0.7348342913747186,-1.5525381963615783,8.08136980983544,0.5219680378981603,0.16285407522362216,0.009259337943490209,-0.005514272255167971,24.43936988994411,8.640674275193671,-0.6819311457668777
0.278,1,1,1,1,0.0,0.0,0.49999999999999994,0.0,0.0,0.0,0.0,-0.0,0.0,0.0,0.0,0.0,0.3285,0.19164302,-0.012182209999999971,0.3285,-0.19164302,-0.012182209999999971,-0.3285,0.19164302,-0.012182209999999971,-0.3285,-0.19164302,-0.012182209999999971,0.0,0.0,0.0,0.0,0.0,0.0,0.0,0.0,0.0,0.0,0.0,0.0,33.716443593598285,0.36977127227762674,296.79181408139215,34.182473522675,0.36977127381346825,296.75719187123536,33.716443593686876,-0.41408924244687545,379.66354530837435,34.182473521953945,-0.4140892481476366,379.62447713103586,0.5627,0.002,0.9304,0.0,0.0,0.0,0.0,-0.0,0.0,0.0,0.0,0.0,0.0,0.0,0.0,0.0,0.0,0.0,0.0,0.0,0.0,0.0,0.0,0.0,0.0,0.0,0.0,0.0,0.0,0.0,0.0,0.0,0.0,0.0,0.0,0.0,0.0,0.0,0.0,0.0,0.0,0.0,0.0,0.0,0.0,-0.013989744716745382,3.983093186356323e-05,0.3594727428387148,-0.2214626779464231,-0.002728494490256975,-0.8645047673383854,0.003114489956046883,-0.008455468905105956,-0.001312525823765568,0.010473849509705742,1.8268661720064325,-0.019932914743535916,0.6039520308100566,-0.0017676854065296068,0.6523466088974147,0.6039520308100566,-0.0017676854065296068,0.6523466088974147,0.6039520308100566,-0.0017676854065296068,0.6523466088974147,0.6039520308100566,-0.0017676854065296068,0.6523466088974147,-2.1065480538560126,8.376391084265705,1.8269527247316022,-2.1065480538560126,8.376391084265705,1.8269527247316022,-2.1065480538560126,8.376391084265705,1.8269527247316022,-2.1065480538560126,8.376391084265705,1.8269527247316022,641.1081859431881,647.9915563964621,481.14210619806875,487.35608859034056,0.6039520308100566,-0.0017676854065296068,0.6523466088974147,-2.1065480538560126,8.376391084265705,1.8269527247316022,0.1622953389761178,0.1274430493128822,-0.004745232850286357,24.45310241805547,10.159563500250249,-0.9894009640049848
0.298,1,1,1,1,0.0,0.0,0.49999999999999994,0.0,0.0,0.0,0.0,-0.0,0.0,0.0,0.0,0.0,0.3285,0.19164302,-0.012182209999999971,0.3285,-0.19164302,-0.012182209999999971,-0.3285,0.19164302,-0.012182209999999971,-0.3285,-0.19164302,-0.012182209999999971,0.0,0.0,0.0,0.0,0.0,0.0,0.0,0.0,0.0,0.0,0.0,0.0,24.429982915080974,0.284400344263953,300.7148284506706,24.830076940035706,0.2844003397224303,300.57592948914373,24.429982914490115,-0.39278704083783084,375.7695628606802,24.830076938162893,-0.39278705115368034,375.6276633255544,0.5627,0.002,0.9304,0.0,0.0,0.0,0.0,-0.0,0.0,0.0,0.0,0.0,0.0,0.0,0.0,0.0,0.0,0.0,0.0,0.0,0.0,0.0,0.0,0.0,0.0,0.0,0.0,0.0,0.0,0.0,0.0,0.0,0.0,0.0,0.0,0.0,0.0,0.0,0.0,0.0,0.0,0.0,0.0,0.0,0.0,-0.017621190587529933,4.791210574801901e-05,0.34728001606214876,-0.1424221714622314,-0.0009896613121238252,-0.40649365770293805,0.003198749835237446,0.018179478552806883,-0.0015338261779019287,0.015352446649840269,0.9328951189715203,-0.015826297898702105,0.6112078801215468,-0.0017769857953936386,0.5833099330144622,0.6112078801215468,-0.0017769857953936386,0.5833099330144622,0.6112078801215468,-0.0017769857953936386,0.5833099330144622,0.6112078801215468,-0.0017769857953936386,0.5833099330144622,-1.6572033781267774,8.71439453772234,1.709620688285903,-1.6572033781267774,8.71439453772234,1.709620688285903,-1.6572033781267774,8.71439453772234,1.709620688285903,-1.6572033781267774,8.71439453772234,1.709620688285903,612.6425066456571,619.3379835529072,473.5617250092945,479.53588356357824,0.6112078801215468,-0.0017769857953936386,0.5833099330144622,-1.6572033781267774,8.71439453772234,1.709620688285903,0.1620572420848883,0.24449371569142708,-0.004083455062175348,24.474103549409413,8.073719900372273,-0.7061363651877324
0.318,1,1,1,1,0.0,0.0,0.49999999999999994,0.0,0.0,0.0,0.0,-0.0,0.0,0.0,0.0,0.0,0.3285,0.19164302,-0.012182209999999971,0.3285,-0.19164302,-0.012182209999999971,-0.3285,0.19164302,-0.012182209999999971,-0.3285,-0.19164302,-0.012182209999999971,0.0,0.0,0.0,0.0,0.0,0.0,0.0,0.0,0.0,0.0,0.0,0.0,13.68066187668735,0.22914581638405457,305.92484984519444,13.998471748144881,0.22914581167549597,305.8021219341792,13.680661877041056,-0.3152585292612554,370.55311835063463,13.998471748022105,-0.3152585291861015,370.42985741962985,0.5627,0.002,0.9304,0.0,0.0,0.0,0.0,-0.0,0.0,0.0,0.0,0.0,0.0,0.0,0.0,0.0,0.0,0.0,0.0,0.0,0.0,0.0,0.0,0.0,0.0,0.0,0.0,0.0,0.0,0.0,0.0,0.0,0.0,0.0,0.0,0.0,0.0,0.0,0.0,0.0,0.0,0.0,0.0,0.0,0.0,-0.019853493692616284,5.645061373471379e-05,0.34382012337421136,-0.07767236831362824,0.0003427236442176037,0.006615289467813611,0.0032950621020043885,0.027779586341870388,-0.0017817085396567025,0.015259686615945152,0.13474761251209272,-0.011656267869439805,0.6102811183758311,-0.001833364107987351,0.5369859371137659,0.6102811183758311,-0.001833364107987351,0.5369859371137659,0.6102811183758311,-0.001833364107987351,0.5369859371137659,0.6102811183758311,-0.001833364107987351,0.5369859371137659,-1.8133704028341286,8.993362429400316,3.442442729657281,-1.8133704028341286,8.993362429400316,3.442442729657281,-1.8133704028341286,8.993362429400316,3.442442729657281,-1.8133704028341286,8.993362429400316,3.442442729657281,537.64276647058,544.32543107302,459.5819948254792,465.35201980326207,0.6102811183758311,-0.001833364107987351,0.5369859371137659,-1.8133704028341286,8.993362429400316,3.442442729657281,0.16203630397470314,0.33883222816831493,-0.003602097461481296,24.481691379641482,9.120011646788875,-0.9167843320109492
0.338,1,1,1,1,0.0,0.0,0.49999999999999994,0.0,0.0,2.7755575615628914e-14,0.0,-0.0,0.0,0.0,0.0,0.0,0.3285,0.19164302,-0.012182209999999971,0.3285,-0.19164302,-0.012182209999999971,-0.3285,0.19164302,-0.012182209999999971,-0.3285,-0.19164302,-0.012182209999999971,0.0,0.0,0.0,0.0,0.0,0.0,0.0,0.0,0.0,0.0,0.0,0.0,2.7911039430689577,0.2026743757694814,312.66672735584876,3.032128737968284,0.20267437298764304,312.6157394387289,2.7911039455899083,-0.21047199557095042,363.82805502548496,3.032128737082997,-0.21047199556979634,363.7770681351269,0.5627,0.002,0.9304,0.0,0.0,5.551115123125783e-14,0.0,-0.0,0.0,0.0,0.0,0.0,0.0,0.0,0.0,0.0,0.0,0.0,0.0,0.0,0.0,0.0,0.0,0.0,0.0,0.0,0.0,0.0,0.0,0.0,0.0,0.0,0.0,0.0,0.0,0.0,0.0,0.0,0.0,0.0,0.0,0.0,0.0,0.0,0.0,-0.020682826310146556,6.104876553325218e-05,0.3479006853179729,-0.018586414374586017,0.0014110960920484608,0.35329692809403723,0.0033287431201008922,0.023421216290506974,-0.00203782070084177,0.011748066894656569,-0.4722845973739977,-0.007712363538494659,0.6057488199589793,-0.001924278552326578,0.5152793870929121,0.6057488199589793,-0.001924278552326578,0.5152793870929121,0.6057488199589793,-0.001924278552326578,0.5152793870929121,0.6057488199589793,-0.001924278552326578,0.5152793870929121,-0.7682725603028998,9.114728700940555,1.374171461455811,-0.7682725603028998,9.114728700940555,1.374171461455811,-0.7682725603028998,9.114728700940555,1.374171461455811,-0.7682725603028998,9.114728700940555,1.374171461455811,429.60767030248,436.07163964130865,432.95773840118716,438.21685507406426,0.6057488199589793,-0.001924278552326578,0.5152793870929121,-0.7682725603028998,9.114728700940555,1.374171461455811,0.1620979501727366,0.39487793737792054,-0.00328546038190633,24.492653933969123,3.4294821290896413,-0.035425482311225664
0.358,1,1,1,1,0.0,0.0,0.49999999999999994,0.0,0.0,0.0,0.0,-0.0,0.0,0.0,0.0,0.0,0.3285,0.19164302,-0.012182209999999971,0.3285,-0.19164302,-0.012182209999999971,-0.3285,0.19164302,-0.012182209999999971,-0.3285,-0.19164302,-0.012182209999999971,0.0,0.0,0.0,0.0,0.0,0.0,0.0,0.0,0.0,0.0,0.0,0.0,-6.354084789314258,0.13597013391517748,295.1711345420711,-6.193304688927608,0.13597013684511983,295.10750430532465,-6.354084789222217,-0.13866209634242002,328.50253031004206,-6.1933046867313015,-0.1386620989743506,328.44085903882075,0.5627,0.002,0.9304,0.0,0.0,0.0,0.0,-0.0,0.0,0.0,0.0,0.0,0.0,0.0,0.0,0.0,0.0,0.0,0.0,0.0,0.0,0.0,0.0,0.0,0.0,0.0,0.0,0.0,0.0,0.0,0.0,0.0,0.0,0.0,0.0,0.0,0.0,0.0,0.0,0.0,0.0,0.0,0.0,0.0,0.0,-0.020219443510826777,6.310981289350581e-05,0.35794727437711005,0.04730535925495223,0.0023540665588091224,0.611451380609755,0.0032983674052723014,0.009432270039445356,-0.002275795802116428,0.009370971189877233,-0.8450282105771011,-0.004012004042312584,0.601445327953709,-0.002029144151397219,0.514393430660143,0.601445327953709,-0.002029144151397219,0.514393430660143,0.601445327953709,-0.002029144151397219,0.514393430660143,0.601445327953709,-0.002029144151397219,0.514393430660143,-1.052352588442116,9.200014082053997,3.6340899790226953,-1.052352588442116,9.200014082053997,3.6340899790226953,-1.052352588442116,9.200014082053997,3.6340899790226953,-1.052352588442116,9.200014082053997,3.6340899790226953,299.38506252147073,305.8553831861178,392.2124042338122,397.24465940291304,0.601445327953709,-0.002029144151397219,0.514393430660143,-1.052352588442116,9.200014082053997,3.6340899790226953,0.16215338990897954,0.42463692632583605,-0.0030959456571079402,24.49140391529714,6.018355037692525,-0.46427712037237256
0.378,1,1,1,1,0.0,0.0,0.49999999999999994,0.0,0.0,0.0,0.0,-0.0,0.0,0.0,0.0,0.0,0.3285,0.19164302,-0.012182209999999971,0.3285,-0.19164302,-0.012182209999999971,-0.3285,0.19164302,-0.012182209999999971,-0.3285,-0.19164302,-0.012182209999999971,0.0,0.0,0.0,0.0,0.0,0.0,0.0,0.0,0.0,0.0,0.0,0.0,-15.189791796640002,0.06655787935202037,256.3607607902202,-15.093061029856356,0.06655788246831341,256.2113376166256,-15.189791797780538,-0.09436041581651879,263.9097111257673,-15.093061031308594,-0.09436041563451243,263.7657689079711,0.5627,0.002,0.9304,0.0,0.0,0.0,0.0,-0.0,0.0,0.0,0.0,0.0,0.0,0.0,0.0,0.0,0.0,0.0,0.0,0.0,0.0,0.0,0.0,0.0,0.0,0.0,0.0,0.0,0.0,0.0,0.0,0.0,0.0,0.0,0.0,0.0,0.0,0.0,0.0,0.0,0.0,0.0,0.0,0.0,0.0,-0.018535381698025016,6.664718556987762e-05,0.3720314042660432,0.11987851042264419,0.003124530154560967,0.7643228185243803,0.0032011841661243436,-0.009416809626331624,-0.002471449707043687,0.005892831011842086,-0.9837219501454141,-0.0008843375890565334,0.5987362710690545,-0.0021254010387742493,0.529129459882207,0.5987362710690545,-0.0021254010387742493,0.529129459882207,0.5987362710690545,-0.0021254010387742493,0.529129459882207,0.5987362710690545,-0.0021254010387742493,0.529129459882207,-0.4055685659258668,9.227402953750167,2.243171439147535,-0.4055685659258668,9.227402953750167,2.243171439147535,-0.4055685659258668,9.227402953750167,2.243171439147535,-0.4055685659258668,9.227402953750167,2.243171439147535,161.20571295185454,167.44751847016792,338.7253088416546,343.30489014181614,0.5987362710690545,-0.0021254010387742493,0.529129459882207,-0.4055685659258668,9.227402953750167,2.243171439147535,0.16214997478552773,0.4282121173685214,-0.002990756825840893,24.492310230402293,2.4070528069562744,0.10350016579695875
0.398,1,1,1,1,0.0,0.0,0.49999999999999994,0.0,0.0,0.0,0.0,-0.0,0.0,0.0,0.0,0.0,0.3285,0.19164302,-0.012182209999999971,0.3285,-0.19164302,-0.012182209999999971,-0.3285,0.19164302,-0.012182209999999971,-0.3285,-0.19164302,-0.012182209999999971,0.0,0.0,0.0,0.0,0.0,0.0,0.0,0.0,0.0,0.0,0.0,0.0,-23.369563231372624,-0.03648910737722991,233.89178776964184,-23.329084265904587,-0.036489104425604504,233.48750005190524,-23.36956323393974,-0.09932674270148543,213.99341874910542,-23.329084266786307,-0.09932674442124118,213.5943345967486,0.5627,0.002,0.9304,0.0,0.0,0.0,0.0,-0.0,0.0,0.0,0.0,0.0,0.0,0.0,0.0,0.0,0.0,0.0,0.0,0.0,0.0,0.0,0.0,0.0,0.0,0.0,0.0,0.0,0.0,0.0,0.0,0.0,0.0,0.0,0.0,0.0,0.0,0.0,0.0,0.0,0.0,0.0,0.0,0.0,0.0,-0.015661222563531096,7.772119081409244e-05,0.38798711529916563,0.1957902659928989,0.0038236120321806662,0.8042705031370416,0.003061287214885447,-0.0287112802042937,-0.002605475472420585,0.004308377208221573,-0.9175508094411859,0.001640253464590302,0.5985473700182146,-0.002192068947713164,0.5531852108056754,0.5985473700182146,-0.002192068947713164,0.5531852108056754,0.5985473700182146,-0.002192068947713164,0.5531852108056754,0.5985473700182146,-0.002192068947713164,0.5531852108056754,-0.5019985821484029,9.243428975113646,3.282400263186756,-0.5019985821484029,9.243428975113646,3.282400263186756,-0.5019985821484029,9.243428975113646,3.282400263186756,-0.5019985821484029,9.243428975113646,3.282400263186756,36.04384255831873,39.6403229540594,278.2621265465932,282.60082910832944,0.5985473700182146,-0.002192068947713164,0.5531852108056754,-0.5019985821484029,9.243428975113646,3.282400263186756,0.16208853661264294,0.4171216534103379,-0.0029231162427593577,24.49043766233145,3.791682795854518,-0.11643272452885967
0.418,1,1,1,1,0.0,0.0,0.49999999999999994,0.0,0.0,0.0,0.0,-0.0,0.0,0.0,0.0,0.0,0.3285,0.19164302,-0.012182209999999971,0.3285,-0.19164302,-0.012182209999999971,-0.3285,0.19164302,-0.012182209999999971,-0.3285,-0.19164302,-0.012182209999999971,0.0,0.0,0.0,0.0,0.0,0.0,0.0,0.0,0.0,0.0,0.0,0.0,-30.63944589007246,-0.055617157698649354,225.12381281400198,-30.62007637862543,-0.055617155465856105,224.66144338040004,-30.639445891545112,-0.08248484515355359,177.77168973558906,-30.6200763800299,-0.08248484666696912,177.3133073908419,0.5627,0.002,0.9304,0.0,0.0,0.0,0.0,-0.0,0.0,0.0,0.0,0.0,0.0,0.0,0.0,0.0,0.0,0.0,0.0,0.0,0.0,0.0,0.0,0.0,0.0,0.0,0.0,0.0,0.0,0.0,0.0,0.0,0.0,0.0,0.0,0.0,0.0,0.0,0.0,0.0,0.0,0.0,0.0,0.0,0.0,-0.011658164798700927,9.465005295727912e-05,0.4038762979317893,0.2579218680773645,0.0037084395586474755,0.7665233661817472,0.0029115790086527153,-0.045404714062809104,-0.002688617548817601,0.002886918163579407,-0.7580512125240493,0.0023876640259919875,0.6007779115991608,-0.002213923735875491,0.5808850830602655,0.6007779115991608,-0.002213923735875491,0.5808850830602655,0.6007779115991608,-0.002213923735875491,0.5808850830602655,0.6007779115991608,-0.002213923735875491,0.5808850830602655,-0.2526558325255295,9.231496984784537,2.7718141109125334,-0.2526558325255295,9.231496984784537,2.7718141109125334,-0.2526558325255295,9.231496984784537,2.7718141109125334,-0.2526558325255295,9.231496984784537,2.7718141109125334,14.127061897397718,12.362098591746836,217.1126040592929,221.16199749922248,0.6007779115991608,-0.002213923735875491,0.5808850830602655,-0.2526558325255295,9.231496984784537,2.7718141109125334,0.16199450521340977,0.3957215614609193,-0.0028197027157434718,24.488853261482884,2.754559941603676,0.056339616749406574
0.438,1,1,1,1,0.0,0.0,0.49999999999999994,0.0,0.0,0.0,0.0,-0.0,0.0,0.0,0.0,0.0,0.3285,0.19164302,-0.012182209999999971,0.3285,-0.19164302,-0.012182209999999971,-0.3285,0.19164302,-0.012182209999999971,-0.3285,-0.19164302,-0.012182209999999971,0.0,0.0,0.0,0.0,0.0,0.0,0.0,0.0,0.0,0.0,0.0,0.0,-34.666459128021,-0.06370164198956259,221.97042779911328,-34.67376342201152,-0.06370164184253867,221.48891086017005,-34.666459127173745,-0.04832222137850963,154.33290528486893,-34.6737634225981,-0.048322222051054735,153.85303875236747,0.5627,0.002,0.9304,0.0,0.0,0.0,0.0,-0.0,0.0,0.0,0.0,0.0,0.0,0.0,0.0,0.0,0.0,0.0,0.0,0.0,0.0,0.0,0.0,0.0,0.0,0.0,0.0,0.0,0.0,0.0,0.0,0.0,0.0,0.0,0.0,0.0,0.0,0.0,0.0,0.0,0.0,0.0,0.0,0.0,0.0,-0.006895091957348899,0.00011070562840827253,0.4186472609767322,0.2922116204573352,0.0035382154912985088,0.6860086880923848,0.002723612885469169,-0.058631695028801945,-0.0027294033697061047,0.003102053015914857,-0.5735675765680334,0.002628973592584283,0.6047630985146434,-0.0022023268083131158,0.6079105668359032,0.6047630985146434,-0.0022023268083131158,0.6079105668359032,0.6047630985146434,-0.0022023268083131158,0.6079105668359032,0.6047630985146434,-0.0022023268083131158,0.6079105668359032,-0.278858947511356,9.205692485216352,2.8819085331592773,-0.278858947511356,9.205692485216352,2.8819085331592773,-0.278858947511356,9.205692485216352,2.8819085331592773,-0.278858947511356,9.205692485216352,2.8819085331592773,0.0,0.0,157.93032474850725,161.6155470685019,0.6047630985146434,-0.0022023268083131158,0.6079105668359032,-0.278858947511356,9.205692485216352,2.8819085331592773,0.16184240010223216,0.37222739521611037,-0.002692922234383055,24.485439670464096,3.1439296346945564,0.01167792424665759
0.458,1,1,1,1,0.0,0.0,0.49999999999999994,0.0,0.0,0.0,0.0,-0.0,0.0,0.0,0.0,0.0,0.3285,0.19164302,-0.012182209999999971,0.3285,-0.19164302,-0.012182209999999971,-0.3285,0.19164302,-0.012182209999999971,-0.3285,-0.19164302,-0.012182209999999971,0.0,0.0,0.0,0.0,0.0,0.0,0.0,0.0,0.0,0.0,0.0,0.0,-36.74170050885953,-0.030978195039732072,225.56342289206444,-36.73417698809755,-0.030978190435008934,225.07223564284922,-36.741700507989975,-0.041139465743229756,142.9284014453667,-36.73417698803223,-0.04113946561923932,142.43632365350953,0.5627,0.002,0.9304,0.0,0.0,0.0,0.0,-0.0,0.0,0.0,0.0,0.0,0.0,0.0,0.0,0.0,0.0,0.0,0.0,0.0,0.0,0.0,0.0,0.0,0.0,0.0,0.0,0.0,0.0,0.0,0.0,0.0,0.0,0.0,0.0,0.0,0.0,0.0,0.0,0.0,0.0,0.0,0.0,0.0,0.0,-0.0017287772390144,0.00012513821534941794,0.4314905622641735,0.3064811981034852,0.0030262098245684545,0.5714954329954577,0.00244152200979384,-0.06835864370960465,-0.002759399362005508,-0.003241886069502936,-0.4200918968421658,0.001588885122063603,0.609781186564357,-0.002164600557519096,0.6318962667902701,0.609781186564357,-0.002164600557519096,0.6318962667902701,0.609781186564357,-0.002164600557519096,0.6318962667902701,0.609781186564357,-0.002164600557519096,0.6318962667902701,-0.26458145829064855,9.165308103232597,2.6966651666224615,-0.26458145829064855,9.165308103232597,2.6966651666224615,-0.26458145829064855,9.165308103232597,2.6966651666224615,-0.26458145829064855,9.165308103232597,2.6966651666224615,0.0,0.0,110.47043036949026,113.42967364610331,0.609781186564357,-0.002164600557519096,0.6318962667902701,-0.26458145829064855,9.165308103232597,2.6966651666224615,0.16158096032963515,0.3490405413707991,-0.002606081064471008,24.479910338442735,3.136626888704911,0.021125812552316603
0.47800000000000004,1,1,1,1,0.0,0.0,0.49999999999999994,0.0,0.0,0.0,0.0,-0.0,0.0,0.0,0.0,0.0,0.3285,0.19164302,-0.012182209999999971,0.3285,-0.19164302,-0.012182209999999971,-0.3285,0.19164302,-0.012182209999999971,-0.3285,-0.19164302,-0.012182209999999971,0.0,0.0,0.0,0.0,0.0,0.0,0.0,0.0,0.0,0.0,0.0,0.0,-38.14687924865727,-0.020755769868544688,236.13870501072387,-38.108880754588895,-0.020755771052849776,235.48810521253418,-38.14687924887921,-0.08342877687674381,140.7682351155017,-38.108880753288204,-0.08342877807057497,140.11446935210435,0.5627,0.002,0.9304,0.0,0.0,0.0,0.0,-0.0,0.0,0.0,0.0,0.0,0.0,0.0,0.0,0.0,0.0,0.0,0.0,0.0,0.0,0.0,0.0,0.0,0.0,0.0,0.0,0.0,0.0,0.0,0.0,0.0,0.0,0.0,0.0,0.0,0.0,0.0,0.0,0.0,0.0,0.0,0.0,0.0,0.0,0.003684749219292155,0.00014178887451589466,0.44185718453155837,0.3107584470930599,0.0028455671390762993,0.4362151689270022,0.0020882260784213947,-0.07563077894304815,-0.0028069865946920482,-0.004624571615433085,-0.31511348954450696,-0.00010964990097710051,0.6153609944559191,-0.0021084756106833813,0.6518753955259641,0.6153609944559191,-0.0021084756106833813,0.6518753955259641,0.6153609944559191,-0.0021084756106833813,0.6518753955259641,0.6153609944559191,-0.0021084756106833813,0.6518753955259641,-0.28164855549709955,9.098652433147384,2.5259746576414575,-0.28164855549709955,9.098652433147384,2.5259746576414575,-0.28164855549709955,9.098652433147384,2.5259746576414575,-0.28164855549709955,9.098652433147384,2.5259746576414575,0.0,0.0,83.48944490405229,85.63403124064324,0.6153609944559191,-0.0021084756106833813,0.6518753955259641,-0.28164855549709955,9.098652433147384,2.5259746576414575,0.16121318453235184,0.3263710083329343,-0.002574910989592366,24.478021976216443,3.202023608301702,0.017093539682689673
0.498,1,1,1,1,0.0,0.0,0.49999999999999994,0.0,0.0,0.0,0.0,-0.0,0.0,0.0,0.0,0.0,0.3285,0.19164302,-0.012182209999999971,0.3285,-0.19164302,-0.012182209999999971,-0.3285,0.19164302,-0.012182209999999971,-0.3285,-0.19164302,-0.012182209999999971,0.0,0.0,0.0,0.0,0.0,0.0,0.0,0.0,0.0,0.0,0.0,0.0,-38.67920914361447,-0.032970495453270965,252.57261552538242,-38.60739898083216,-0.032970494751737855,251.65374594219,-38.679209143347194,-0.15414346025819478,146.31340808314002,-38.60739898261825,-0.15414345804588123,145.38960984479485,0.5627,0.002,0.9304,0.0,0.0,0.0,0.0,-0.0,0.0,0.0,0.0,0.0,0.0,0.0,0.0,0.0,0.0,0.0,0.0,0.0,0.0,0.0,0.0,0.0,0.0,0.0,0.0,0.0,0.0,0.0,0.0,0.0,0.0,0.0,0.0,0.0,0.0,0.0,0.0,0.0,0.0,0.0,0.0,0.0,0.0,0.009234190830488575,0.0001666344410100297,0.4494339758099168,0.3050145635661248,0.0029688741528410183,0.2912791137862191,0.0017737589337454911,-0.08079924813146144,-0.002875771567463278,-0.0011754452145695457,-0.20221070932467694,-0.001899364667557889,0.6212361135802807,-0.0020416851672144473,0.6674801414542967,0.6212361135802807,-0.0020416851672144473,0.6674801414542967,0.6212361135802807,-0.0020416851672144473,0.6674801414542967,0.6212361135802807,-0.0020416851672144473,0.6674801414542967,-0.31049045177983453,9.021260864141786,2.367342453842451,-0.31049045177983453,9.021260864141786,2.367342453842451,-0.31049045177983453,9.021260864141786,2.367342453842451,-0.31049045177983453,9.021260864141786,2.367342453842451,0.0,0.0,73.27651176266745,74.73263449711652,0.6212361135802807,-0.0020416851672144473,0.6674801414542967,-0.31049045177983453,9.021260864141786,2.367342453842451,0.1608617034996862,0.3058268553947563,-0.0025266773250558344,24.48092323668818,3.3104588460874904,0.007802291824066998
0.518,1,1,1,1,0.0,0.0,0.49999999999999994,0.0,0.0,0.0,0.0,-0.0,0.0,0.0,0.0,0.0,0.3285,0.19164302,-0.012182209999999971,0.3285,-0.19164302,-0.012182209999999971,-0.3285,0.19164302,-0.012182209999999971,-0.3285,-0.19164302,-0.012182209999999971,0.0,0.0,0.0,0.0,0.0,0.0,0.0,0.0,0.0,0.0,0.0,0.0,-38.075240058531286,-0.0540097924307751,273.5399182047982,-37.976768193263055,-0.054009798277403785,272.3208665994935,-38.075240056405605,-0.22160693154983538,158.22808205658131,-37.976768191778625,-0.22160693429133227,157.00349124425628,0.5627,0.002,0.9304,0.0,0.0,0.0,0.0,-0.0,0.0,0.0,0.0,0.0,0.0,0.0,0.0,0.0,0.0,0.0,0.0,0.0,0.0,0.0,0.0,0.0,0.0,0.0,0.0,0.0,0.0,0.0,0.0,0.0,0.0,0.0,0.0,0.0,0.0,0.0,0.0,0.0,0.0,0.0,0.0,0.0,0.0,0.014769390932613069,0.00020186439669863686,0.4541043508736565,0.28937601114877765,0.0031957733524799765,0.14566433494803288,0.0015574130151747244,-0.08327927769984389,-0.002957788068386542,0.003520684574243435,-0.047928179725240404,-0.0032526015430192384,0.6274452845655377,-0.0019803752314976305,0.6784274967146074,0.6274452845655377,-0.0019803752314976305,0.6784274967146074,0.6274452845655377,-0.0019803752314976305,0.6784274967146074,0.6274452845655377,-0.0019803752314976305,0.6784274967146074,-0.3283680775210374,8.933799270985688,2.1907107953038696,-0.3283680775210374,8.933799270985688,2.1907107953038696,-0.3283680775210374,8.933799270985688,2.1907107953038696,-0.3283680775210374,8.933799270985688,2.1907107953038696,0.0,0.0,73.30133604143019,74.22096010932506,0.6274452845655377,-0.0019803752314976305,0.6784274967146074,-0.3283680775210374,8.933799270985688,2.1907107953038696,0.1605997999832696,0.28763430843600957,-0.0024485954745493144,24.485855494714524,3.412399422899019,-0.00123284660879186
0.538,1,1,1,1,0.0,0.0,0.49999999999999994,0.0,0.0,0.0,0.0,-0.0,0.0,0.0,0.0,0.0,0.3285,0.19164302,-0.012182209999999971,0.3285,-0.19164302,-0.012182209999999971,-0.3285,0.19164302,-0.012182209999999971,-0.3285,-0.19164302,-0.012182209999999971,0.0,0.0,0.0,0.0,0.0,0.0,0.0,0.0,0.0,0.0,0.0,0.0,-36.48411158214967,-0.07205192013041027,298.44282225297115,-36.37154524468511,-0.0720519281463812,296.9484015053179,-36.48411158156317,-0.26437225955470456,175.1533753298263,-36.37154524438919,-0.26437225686499405,173.6545284265222,0.5627,0.002,0.9304,0.0,0.0,0.0,0.0,-0.0,0.0,0.0,0.0,0.0,0.0,0.0,0.0,0.0,0.0,0.0,0.0,0.0,0.0,0.0,0.0,0.0,0.0,0.0,0.0,0.0,0.0,0.0,0.0,0.0,0.0,0.0,0.0,0.0,0.0,0.0,0.0,0.0,0.0,0.0,0.0,0.0,0.0,0.020146590916146626,0.0002460877565537147,0.4558867196795129,0.2670271002022625,0.003346112474431317,0.004571008830973541,0.0014315980318690986,-0.08217644136369562,-0.0030410557672348017,0.006706584356607177,0.1500564098288366,-0.0038720171670753242,0.6341480739277869,-0.0019355139797528334,0.6843435742953047,0.6341480739277869,-0.0019355139797528334,0.6843435742953047,0.6341480739277869,-0.0019355139797528334,0.6843435742953047,0.6341480739277869,-0.0019355139797528334,0.6843435742953047,-0.33555023505155485,8.83036628683504,2.003781069157883,-0.33555023505155485,8.83036628683504,2.003781069157883,-0.33555023505155485,8.83036628683504,2.003781069157883,-0.33555023505155485,8.83036628683504,2.003781069157883,0.0,0.0,78.71559980754994,79.19616407061795,0.6341480739277869,-0.0019355139797528334,0.6843435742953047,-0.33555023505155485,8.83036628683504,2.003781069157883,0.16042791334798173,0.2718823553995351,-0.002369100814606659,24.48990240865582,3.526940530012096,-0.013923561263226247
0.558,1,1,1,1,0.0,0.0,0.49999999999999994,0.0,0.0,0.0,0.0,-0.0,0.0,0.0,0.0,0.0,0.3285,0.19164302,-0.012182209999999971,0.3285,-0.19164302,-0.012182209999999971,-0.3285,0.19164302,-0.012182209999999971,-0.3285,-0.19164302,-0.012182209999999971,0.0,0.0,0.0,0.0,0.0,0.0,0.0,0.0,0.0,0.0,0.0,0.0,-34.35061688455167,-0.07987733429928422,327.3726994686515,-34.23566184921724,-0.07987733246862262,325.6498423429338,-34.35061688485689,-0.27675629694141535,195.78036947455973,-34.2356618488512,-0.2767562968641609,194.05579088275954,0.5627,0.002,0.9304,0.0,0.0,0.0,0.0,-0.0,0.0,0.0,0.0,0.0,0.0,0.0,0.0,0.0,0.0,0.0,0.0,0.0,0.0,0.0,0.0,0.0,0.0,0.0,0.0,0.0,0.0,0.0,0.0,0.0,0.0,0.0,0.0,0.0,0.0,0.0,0.0,0.0,0.0,0.0,0.0,0.0,0.0,0.02527753706006375,0.0002960503935955071,0.4548705893354477,0.24327243731866693,0.0033429941702168963,-0.12991679613488719,0.00135390398630631,-0.07676106611325251,-0.003114429319331133,0.007532749720484797,0.3771740552055147,-0.0037767930928846237,0.6414883707832699,-0.0019065477109433088,0.684814362402538,0.6414883707832699,-0.0019065477109433088,0.684814362402538,0.6414883707832699,-0.0019065477109433088,0.684814362402538,0.6414883707832699,-0.0019065477109433088,0.684814362402538,-0.33935705908466585,8.709721327666145,1.8265562743906523,-0.33935705908466585,8.709721327666145,1.8265562743906523,-0.33935705908466585,8.709721327666145,1.8265562743906523,-0.33935705908466585,8.709721327666145,1.8265562743906523,0.0,0.0,87.22674337977404,87.31029032188768,0.6414883707832699,-0.0019065477109433088,0.684814362402538,-0.33935705908466585,8.709721327666145,1.8265562743906523,0.1603062648983974,0.25927622148198703,-0.002315971714094908,24.49169979439312,3.6855636887448884,-0.034865323537967896
0.578,1,1,1,1,0.0,0.0,0.49999999999999994,0.0,0.0,0.0,0.0,-0.0,0.0,0.0,0.0,0.0,0.3285,0.19164302,-0.012182209999999971,0.3285,-0.19164302,-0.012182209999999971,-0.3285,0.19164302,-0.012182209999999971,-0.3285,-0.19164302,-0.012182209999999971,0.0,0.0,0.0,0.0,0.0,0.0,0.0,0.0,0.0,0.0,0.0,0.0,-32.2253146932976,-0.07500440196857017,360.7229711479222,-32.11479261845539,-0.07500440645690852,358.81322229316356,-32.225314698784665,-0.26445288946135165,218.84326884959464,-32.11479261866251,-0.2644528868091971,216.93351751515843,0.5627,0.002,0.9304,0.0,0.0,0.0,0.0,-0.0,0.0,0.0,0.0,0.0,0.0,0.0,0.0,0.0,0.0,0.0,0.0,0.0,0.0,0.0,0.0,0.0,0.0,0.0,0.0,0.0,0.0,0.0,0.0,0.0,0.0,0.0,0.0,0.0,0.0,0.0,0.0,0.0,0.0,0.0,0.0,0.0,0.0,0.030152749009777432,0.0003482899617189405,0.45117887650793803,0.22403731714633376,0.003206834538381648,-0.2570644629354529,0.0012815977005687074,-0.06665198950332107,-0.003170185466481646,0.0065576958374142435,0.6152575785443091,-0.00318155586784861,0.6495486408333477,-0.001884483025763947,0.6795040077597055,0.6495486408333477,-0.001884483025763947,0.6795040077597055,0.6495486408333477,-0.001884483025763947,0.6795040077597055,0.6495486408333477,-0.001884483025763947,0.6795040077597055,-0.3440793569048626,8.57734136350946,1.6751007198658991,-0.3440793569048626,8.57734136350946,1.6751007198658991,-0.3440793569048626,8.57734136350946,1.6751007198658991,-0.3440793569048626,8.57734136350946,1.6751007198658991,0.0,0.0,98.3668401677383,98.07121118082887,0.6495486408333477,-0.001884483025763947,0.6795040077597055,-0.3440793569048626,8.57734136350946,1.6751007198658991,0.1601916816378989,0.2509857270440945,-0.002295987568655261,24.49142865974284,3.903667069906411,-0.06574579725496665
0.598,1,1,1,1,0.0,0.0,0.49999999999999994,0.0,0.0,0.0,0.0,-0.0,0.0,0.0,0.0,0.0,0.3285,0.19164302,-0.012182209999999971,0.3285,-0.19164302,-0.012182209999999971,-0.3285,0.19164302,-0.012182209999999971,-0.3285,-0.19164302,-0.012182209999999971,0.0,0.0,0.0,0.0,0.0,0.0,0.0,0.0,0.0,0.0,0.0,0.0,-30.63536689010675,-0.05771361200012457,398.85072458170697,-30.53072438285315,-0.05771362675784318,396.77802465357,-30.635366889270845,-0.23707507344308243,243.08045266412864,-30.53072437988846,-0.2370750761240523,241.0075507370407,0.5627,0.002,0.9304,0.0,0.0,0.0,0.0,-0.0,0.0,0.0,0.0,0.0,0.0,0.0,0.0,0.0,0.0,0.0,0.0,0.0,0.0,0.0,0.0,0.0,0.0,0.0,0.0,0.0,0.0,0.0,0.0,0.0,0.0,0.0,0.0,0.0,0.0,0.0,0.0,0.0,0.0,0.0,0.0,0.0,0.0,0.034841906780547056,0.00040012958237333195,0.44495759636025456,0.21474501602812204,0.003007269218765033,-0.37604952054577395,0.0011903337042381687,-0.05179568210520791,-0.0032046388649264726,0.004852877908129652,0.8501043322308753,-0.002332036454615073,0.6583515978416536,-0.0018583932876927512,0.6682391952829718,0.6583515978416536,-0.0018583932876927512,0.6682391952829718,0.6583515978416536,-0.0018583932876927512,0.6682391952829718,0.6583515978416536,-0.0018583932876927512,0.6682391952829718,-0.34842430378434636,8.44299105989843,1.5573425454675127,-0.34842430378434636,8.44299105989843,1.5573425454675127,-0.34842430378434636,8.44299105989843,1.5573425454675127,-0.34842430378434636,8.44299105989843,1.5573425454675127,0.0,0.0,112.37939844365182,111.72783724512988,0.6583515978416536,-0.0018583932876927512,0.6682391952829718,-0.34842430378434636,8.44299105989843,1.5573425454675127,0.16005857637960746,0.24823958038258742,-0.0022964265674844248,24.490079346023986,4.177938510327121,-0.10558309843561187
0.618,1,1,1,1,0.0,0.0,0.49999999999999994,0.0,0.0,0.0,0.0,-0.0,0.0,0.0,0.0,0.0,0.3285,0.19164302,-0.012182209999999971,0.3285,-0.19164302,-0.012182209999999971,-0.3285,0.19164302,-0.012182209999999971,-0.3285,-0.19164302,-0.012182209999999971,0.0,0.0,0.0,0.0,0.0,0.0,0.0,0.0,0.0,0.0,0.0,0.0,-30.314105481466093,-0.03779488610209793,423.95287852665734,-30.212355451284594,-0.0377948900614857,421.762169573969,-30.314105480926106,-0.21015759666138967,252.36480117407265,-30.212355453128758,-0.2101575966270349,250.17458472488647,0.5627,0.002,0.9304,0.0,0.0,0.0,0.0,-0.0,0.0,0.0,0.0,0.0,0.0,0.0,0.0,0.0,0.0,0.0,0.0,0.0,0.0,0.0,0.0,0.0,0.0,0.0,0.0,0.0,0.0,0.0,0.0,0.0,0.0,0.0,0.0,0.0,0.0,0.0,0.0,0.0,0.0,0.0,0.0,0.0,0.0,0.03948162148991374,0.00044995505783989367,0.4363792928326833,0.21972347941614295,0.002814139941004034,-0.485356349359184,0.0010764775880457587,-0.032354075375277125,-0.0032174224988517474,0.0033220174279433943,1.0738270255173783,-0.0014047284695032588,0.6678797267033991,-0.0018205142445111985,0.6510344332821146,0.6678797267033991,-0.0018205142445111985,0.6510344332821146,0.6678797267033991,-0.0018205142445111985,0.6510344332821146,0.6678797267033991,-0.0018205142445111985,0.6510344332821146,-0.3468194296003628,8.31739206243843,1.4743039921311452,-0.3468194296003628,8.31739206243843,1.4743039921311452,-0.3468194296003628,8.31739206243843,1.4743039921311452,-0.3468194296003628,8.31739206243843,1.4743039921311452,0.0,0.0,129.37833827445613,128.41366835423764,0.6678797267033991,-0.0018205142445111985,0.6510344332821146,-0.3468194296003628,8.31739206243843,1.4743039921311452,0.15990295650381436,0.25201365363924966,-0.002296610306285349,24.488696959427923,4.493581862676512,-0.15205596536893662
0.638,1,1,1,1,0.0,0.0,0.49999999999999994,0.0,0.0,0.0,0.0,-0.0,0.0,0.0,0.0,0.0,0.3285,0.19164302,-0.012182209999999971,0.3285,-0.19164302,-0.012182209999999971,-0.3285,0.19164302,-0.012182209999999971,-0.3285,-0.19164302,-0.012182209999999971,0.0,0.0,0.0,0.0,0.0,0.0,0.0,0.0,0.0,0.0,0.0,0.0,-31.332780609523862,0.003969804957094053,430.57010172916335,-31.204066815143428,0.003969802224669873,428.3219051378302,-31.332780610719507,-0.2094088021586432,245.2235369708797,-31.204066813662962,-0.20940880535782316,242.97609968530438,0.5627,0.002,0.9304,0.0,0.0,0.0,0.0,-0.0,0.0,0.0,0.0,0.0,0.0,0.0,0.0,0.0,0.0,0.0,0.0,0.0,0.0,0.0,0.0,0.0,0.0,0.0,0.0,0.0,0.0,0.0,0.0,0.0,0.0,0.0,0.0,0.0,0.0,0.0,0.0,0.0,0.0,0.0,0.0,0.0,0.0,0.04423721036307209,0.0004948452577978435,0.42611478536306796,0.23551590149771,0.0024456994713529913,-0.5127543314215178,0.0008940216714857856,-0.010036012410733264,-0.0032293382913559767,-0.0053898387405361715,1.0754704154586838,-0.0011594963847119575,0.6779116380324339,-0.0017735975381057436,0.6281422966759225,0.6779116380324339,-0.0017735975381057436,0.6281422966759225,0.6779116380324339,-0.0017735975381057436,0.6281422966759225,0.6779116380324339,-0.0017735975381057436,0.6281422966759225,-0.41604559414554737,8.228719611953618,1.5823996591189873,-0.41604559414554737,8.228719611953618,1.5823996591189873,-0.41604559414554737,8.228719611953618,1.5823996591189873,-0.41604559414554737,8.228719611953618,1.5823996591189873,243.4923246239048,243.58652985372134,154.03302149207144,152.57462112923966,0.6779116380324339,-0.0017735975381057436,0.6281422966759225,-0.41604559414554737,8.228719611953618,1.5823996591189873,0.15969282583415323,0.26405596662062303,-0.0023273741486949107,24.486512322866886,5.062213593429475,-0.26495512925577724
0.658,1,1,1,1,0.0,0.0,0.49999999999999994,0.0,0.0,0.0,0.0,-0.0,0.0,0.0,0.0,0.0,0.3285,0.19164302,-0.012182209999999971,0.3285,-0.19164302,-0.012182209999999971,-0.3285,0.19164302,-0.012182209999999971,-0.3285,-0.19164302,-0.012182209999999971,0.0,0.0,0.0,0.0,0.0,0.0,0.0,0.0,0.0,0.0,0.0,0.0,-30.81996890796387,-0.03512663538331037,433.4679553005562,-30.71982290334617,-0.035126628067800064,431.0249263802085,-30.81996890990759,-0.19971883166469037,242.0399910457696,-30.719822903551208,-0.19971883210565325,239.59746075182406,0.5627,0.002,0.9304,0.0,0.0,0.0,0.0,-0.0,0.0,0.0,0.0,0.0,0.0,0.0,0.0,0.0,0.0,0.0,0.0,0.0,0.0,0.0,0.0,0.0,0.0,0.0,0.0,0.0,0.0,0.0,0.0,0.0,0.0,0.0,0.0,0.0,0.0,0.0,0.0,0.0,0.0,0.0,0.0,0.0,0.0,0.04894272968849067,0.0005396780431427341,0.41677341525733913,0.2371974496646446,0.002785910983229855,-0.41851038670525476,0.0007090245630398549,0.008935476508362683,-0.0032306780901001884,-0.001252620806924381,0.843175926239629,0.0007227560203931897,0.6861483391095838,-0.001705404793662695,0.6016683057157913,0.6861483391095838,-0.001705404793662695,0.6016683057157913,0.6861483391095838,-0.001705404793662695,0.6016683057157913,0.6861483391095838,-0.001705404793662695,0.6016683057157913,-0.7139128266478302,8.306983580944364,2.295183369280703,-0.7139128266478302,8.306983580944364,2.295183369280703,-0.7139128266478302,8.306983580944364,2.295183369280703,-0.7139128266478302,8.306983580944364,2.295183369280703,329.13581566434186,328.86902512497466,177.1700574651099,175.53363673200187,0.6861483391095838,-0.001705404793662695,0.6016683057157913,-0.7139128266478302,8.306983580944364,2.295183369280703,0.1594739901791621,0.2971769664774737,-0.0023356797124511053,24.490769876273795,6.328267116144766,-0.4732939064847814
0.678,1,1,1,1,0.0,0.0,0.49999999999999994,0.0,0.0,0.0,0.0,-0.0,0.0,0.0,0.0,0.0,0.3285,0.19164302,-0.012182209999999971,0.3285,-0.19164302,-0.012182209999999971,-0.3285,0.19164302,-0.012182209999999971,-0.3285,-0.19164302,-0.012182209999999971,0.0,0.0,0.0,0.0,0.0,0.0,0.0,0.0,0.0,0.0,0.0,0.0,-29.530599865917793,-0.06527266482148976,435.0702655139188,-29.45847503176031,-0.0652726647979811,432.44240435013654,-29.53059986552942,-0.18302099446323283,240.19103783416386,-29.45847503053869,-0.18302099539539432,237.5634189431505,0.5627,0.002,0.9304,0.0,0.0,0.0,0.0,-0.0,0.0,0.0,0.0,0.0,0.0,0.0,0.0,0.0,0.0,0.0,0.0,0.0,0.0,0.0,0.0,0.0,0.0,0.0,0.0,0.0,0.0,0.0,0.0,0.0,0.0,0.0,0.0,0.0,0.0,0.0,0.0,0.0,0.0,0.0,0.0,0.0,0.0,0.05344486942093392,0.0005877818056876735,0.4097237990788604,0.2278145498541346,0.0030146731001382578,-0.2865074436271846,0.0005751957421995331,0.023145418628561787,-0.0032084402374941796,0.0010839407680558195,0.6095145690428733,0.0023297323500331892,0.6915837828271616,-0.0016117605209558109,0.5762758957119076,0.6915837828271616,-0.0016117605209558109,0.5762758957119076,0.6915837828271616,-0.0016117605209558109,0.5762758957119076,0.6915837828271616,-0.0016117605209558109,0.5762758957119076,-0.7330426896760818,8.527733808868344,2.475514286970158,-0.7330426896760818,8.527733808868344,2.475514286970158,-0.7330426896760818,8.527733808868344,2.475514286970158,-0.7330426896760818,8.527733808868344,2.475514286970158,362.17584162992046,361.4509280342147,187.75964278294666,185.9833569376179,0.6915837828271616,-0.0016117605209558109,0.5762758957119076,-0.7330426896760818,8.527733808868344,2.475514286970158,0.1593280562278564,0.3444599192358786,-0.002278104262420186,24.493161168262002,6.3250129641603134,-0.4826104338441608
0.6980000000000001,1,1,1,1,0.0,0.0,0.49999999999999994,0.0,0.0,0.0,0.0,-0.0,0.0,0.0,0.0,0.0,0.3285,0.19164302,-0.012182209999999971,0.3285,-0.19164302,-0.012182209999999971,-0.3285,0.19164302,-0.012182209999999971,-0.3285,-0.19164302,-0.012182209999999971,0.0,0.0,0.0,0.0,0.0,0.0,0.0,0.0,0.0,0.0,0.0,0.0,-27.7371833363072,-0.077412169993724,435.88715552885617,-27.685783942706287,-0.07741215292350379,433.1019927425663,-27.737183335609156,-0.16142302787040294,239.14711241869657,-27.685783943566342,-0.16142302440953168,236.36200546261688,0.5627,0.002,0.9304,0.0,0.0,0.0,0.0,-0.0,0.0,0.0,0.0,0.0,0.0,0.0,0.0,0.0,0.0,0.0,0.0,0.0,0.0,0.0,0.0,0.0,0.0,0.0,0.0,0.0,0.0,0.0,0.0,0.0,0.0,0.0,0.0,0.0,0.0,0.0,0.0,0.0,0.0,0.0,0.0,0.0,0.0,0.05766428787163448,0.0006374632654132662,0.4054043208162634,0.21070070662531212,0.0031194037934212104,-0.14557041883596683,0.00045767414089727793,0.03290323625462799,-0.00316770387503491,0.001982567635510035,0.395751138445791,0.0035010782469290023,0.695257570408685,-0.001503466922468075,0.5561783254392698,0.695257570408685,-0.001503466922468075,0.5561783254392698,0.695257570408685,-0.001503466922468075,0.5561783254392698,0.695257570408685,-0.001503466922468075,0.5561783254392698,-0.5741927554497401,8.70108209633825,2.2172918971395608,-0.5741927554497401,8.70108209633825,2.2172918971395608,-0.5741927554497401,8.70108209633825,2.2172918971395608,-0.5741927554497401,8.70108209633825,2.2172918971395608,368.47361881285724,367.3049741682172,185.78614905162365,183.82539084861733,0.695257570408685,-0.001503466922468075,0.5561783254392698,-0.5741927554497401,8.70108209633825,2.2172918971395608,0.15919636583998742,0.3850235489280278,-0.00220473101761752,24.492806379893015,5.359946205267864,-0.33701308233355753
0.718,1,1,1,1,0.0,0.0,0.49999999999999994,0.0,0.0,0.0,0.0,-0.0,0.0,0.0,0.0,0.0,0.3285,0.19164302,-0.012182209999999971,0.3285,-0.19164302,-0.012182209999999971,-0.3285,0.19164302,-0.012182209999999971,-0.3285,-0.19164302,-0.012182209999999971,0.0,0.0,0.0,0.0,0.0,0.0,0.0,0.0,0.0,0.0,0.0,0.0,-25.502938198198493,-0.08514661102652622,435.5140853070734,-25.46960310718839,-0.0851466210495182,432.57927862747084,-25.50293819844102,-0.14034325627854133,238.5669269488209,-25.469603108900845,-0.1403432568375169,235.63218288735578,0.5627,0.002,0.9304,0.0,0.0,0.0,0.0,-0.0,0.0,0.0,0.0,0.0,0.0,0.0,0.0,0.0,0.0,0.0,0.0,0.0,0.0,0.0,0.0,0.0,0.0,0.0,0.0,0.0,0.0,0.0,0.0,0.0,0.0,0.0,0.0,0.0,0.0,0.0,0.0,0.0,0.0,0.0,0.0,0.0,0.0,0.06156043149591118,0.000687782513315881,0.4037997368646903,0.1899436228675983,0.0031527163268266632,-0.014919243668636107,0.0003442982323768513,0.038599593746408756,-0.0031133018496928627,0.0028213365867795423,0.20282343989415663,0.004345100319418036,0.697991791567774,-0.0013852475823277134,0.5427426380180083,0.697991791567774,-0.0013852475823277134,0.5427426380180083,0.697991791567774,-0.0013852475823277134,0.5427426380180083,0.697991791567774,-0.0013852475823277134,0.5427426380180083,-0.6139553020807392,8.830983614714192,2.811824571038352,-0.6139553020807392,8.830983614714192,2.811824571038352,-0.6139553020807392,8.830983614714192,2.811824571038352,-0.6139553020807392,8.830983614714192,2.811824571038352,354.42586569271157,352.8889397397591,174.54071530549484,172.46050949693733,0.697991791567774,-0.0013852475823277134,0.5427426380180083,-0.6139553020807392,8.830983614714192,2.811824571038352,0.1590608330076403,0.41622872850958315,-0.0021249759816839714,24.49479002198582,5.871056194798752,-0.42245958656599036
0.738,1,1,1,1,0.0,0.0,0.49999999999999994,0.0,0.0,0.0,0.0,-0.0,0.0,0.0,0.0,0.0,0.3285,0.19164302,-0.012182209999999971,0.3285,-0.19164302,-0.012182209999999971,-0.3285,0.19164302,-0.012182209999999971,-0.3285,-0.19164302,-0.012182209999999971,0.0,0.0,0.0,0.0,0.0,0.0,0.0,0.0,0.0,0.0,0.0,0.0,-23.780400444354335,-0.09091335638207652,412.37763043927254,-23.757144458475477,-0.09091335257253544,409.4063408638086,-23.780400446659954,-0.1301512050917882,221.99417755910255,-23.757144460069643,-0.1301512050897559,219.0233132812219,0.5627,0.002,0.9304,0.0,0.0,0.0,0.0,-0.0,0.0,0.0,0.0,0.0,0.0,0.0,0.0,0.0,0.0,0.0,0.0,0.0,0.0,0.0,0.0,0.0,0.0,0.0,0.0,0.0,0.0,0.0,0.0,0.0,0.0,0.0,0.0,0.0,0.0,0.0,0.0,0.0,0.0,0.0,0.0,0.0,0.0,0.06511191574009267,0.0007382240128417803,0.40456743235423376,0.1677524481810926,0.003112545418727137,0.09205486700216799,0.00023046777057161936,0.04071837963365943,-0.003049704413070411,0.0030202378241860426,0.03672175868927647,0.004821978745831253,0.7002056367206908,-0.0012605380600455894,0.5360464466244331,0.7002056367206908,-0.0012605380600455894,0.5360464466244331,0.7002056367206908,-0.0012605380600455894,0.5360464466244331,0.7002056367206908,-0.0012605380600455894,0.5360464466244331,-0.3719696870359451,8.908113991940713,2.0822882014886774,-0.3719696870359451,8.908113991940713,2.0822882014886774,-0.3719696870359451,8.908113991940713,2.0822882014886774,-0.3719696870359451,8.908113991940713,2.0822882014886774,325.7959991097093,323.81078897616374,157.466318279254,155.1328458651507,0.7002056367206908,-0.0012605380600455894,0.5360464466244331,-0.3719696870359451,8.908113991940713,2.0822882014886774,0.1589106739532471,0.4360443447624447,-0.0020431235172088252,24.491988418878087,4.060335363570554,-0.14020517251360864
0.758,1,1,1,1,0.0,0.0,0.49999999999999994,0.0,0.0,0.0,0.0,-0.0,0.0,0.0,0.0,0.0,0.3285,0.19164302,-0.012182209999999971,0.3285,-0.19164302,-0.012182209999999971,-0.3285,0.19164302,-0.012182209999999971,-0.3285,-0.19164302,-0.012182209999999971,0.0,0.0,0.0,0.0,0.0,0.0,0.0,0.0,0.0,0.0,0.0,0.0,-21.560995925413163,-0.10070421093926907,390.7231682430479,-21.548018547720474,-0.10070420951925087,387.71504548007096,-21.560995924310856,-0.12288010139408585,208.4579913002251,-21.548018550068498,-0.12288010148759332,205.44990198511675,0.5627,0.002,0.9304,0.0,0.0,0.0,0.0,-0.0,0.0,0.0,0.0,0.0,0.0,0.0,0.0,0.0,0.0,0.0,0.0,0.0,0.0,0.0,0.0,0.0,0.0,0.0,0.0,0.0,0.0,0.0,0.0,0.0,0.0,0.0,0.0,0.0,0.0,0.0,0.0,0.0,0.0,0.0,0.0,0.0,0.0,0.06829377806317666,0.0007885525554621509,0.407142393174156,0.145974465308278,0.0030349849082030164,0.16672412459220695,0.00012243780459005624,0.039916206671043675,-0.002980834652918471,0.0038990702353614444,-0.09118049929759657,0.005053957457856016,0.7022391365537446,-0.0011332324519693568,0.5350780738502875,0.7022391365537446,-0.0011332324519693568,0.5350780738502875,0.7022391365537446,-0.0011332324519693568,0.5350780738502875,0.7022391365537446,-0.0011332324519693568,0.5350780738502875,-0.47428688404657976,8.97202961123896,2.825927953447577,-0.47428688404657976,8.97202961123896,2.825927953447577,-0.47428688404657976,8.97202961123896,2.825927953447577,-0.47428688404657976,8.97202961123896,2.825927953447577,288.6759892753887,286.36422050452086,138.2213591179822,135.77101220878689,0.7022391365537446,-0.0011332324519693568,0.5350780738502875,-0.47428688404657976,8.97202961123896,2.825927953447577,0.15875925133485116,0.4481461213021891,-0.0019548544319793193,24.494625892561114,4.971660439773621,-0.2852651752585338
0.778,1,1,1,1,0.0,0.0,0.49999999999999994,0.0,0.0,0.0,0.0,-0.0,0.0,0.0,0.0,0.0,0.3285,0.19164302,-0.012182209999999971,0.3285,-0.19164302,-0.012182209999999971,-0.3285,0.19164302,-0.012182209999999971,-0.3285,-0.19164302,-0.012182209999999971,0.0,0.0,0.0,0.0,0.0,0.0,0.0,0.0,0.0,0.0,0.0,0.0,-19.17147924764511,-0.09356107235238047,372.91445469196344,-19.160159641945423,-0.0935610675664762,369.8897936009512,-19.171479249636608,-0.11296236694691889,198.5918687492996,-19.160159643863704,-0.11296236699371014,195.5672049638595,0.5627,0.002,0.9304,0.0,0.0,0.0,0.0,-0.0,0.0,0.0,0.0,0.0,0.0,0.0,0.0,0.0,0.0,0.0,0.0,0.0,0.0,0.0,0.0,0.0,0.0,0.0,0.0,0.0,0.0,0.0,0.0,0.0,0.0,0.0,0.0,0.0,0.0,0.0,0.0,0.0,0.0,0.0,0.0,0.0,0.0,0.0710762185952183,0.0008381714324228949,0.41085271474537427,0.12394226870698902,0.002894137416725005,0.20669011257538367,1.864207121592544e-05,0.03702905347394658,-0.002911093072391799,0.004210362017591933,-0.17526034488822306,0.00496847590678347,0.704114631755556,-0.0010068075176904278,0.538652485795751,0.704114631755556,-0.0010068075176904278,0.538652485795751,0.704114631755556,-0.0010068075176904278,0.538652485795751,0.704114631755556,-0.0010068075176904278,0.538652485795751,-0.3143226772958916,9.00465393316987,2.229166709605526,-0.3143226772958916,9.00465393316987,2.229166709605526,-0.3143226772958916,9.00465393316987,2.229166709605526,-0.3143226772958916,9.00465393316987,2.229166709605526,249.08137709186346,246.38158980037963,119.26589344987802,116.57185472188695,0.704114631755556,-0.0010068075176904278,0.538652485795751,-0.3143226772958916,9.00465393316987,2.229166709605526,0.15860087661658684,0.4517149809519361,-0.0018665090501826104,24.49269246250767,3.6001811568364546,-0.06917618562997951
0.798,1,1,1,1,0.0,0.0,0.49999999999999994,0.0,0.0,0.0,0.0,-0.0,0.0,0.0,0.0,0.0,0.3285,0.19164302,-0.012182209999999971,0.3285,-0.19164302,-0.012182209999999971,-0.3285,0.19164302,-0.012182209999999971,-0.3285,-0.19164302,-0.012182209999999971,0.0,0.0,0.0,0.0,0.0,0.0,0.0,0.0,0.0,0.0,0.0,0.0,-16.15354392933034,-0.08440274355067438,359.9087019869807,-16.143664709996656,-0.08440275665479602,356.85982804385674,-16.15354393051685,-0.10133656896580517,193.80600393065933,-16.143664711059152,-0.1013365668471976,190.75712969135006,0.5627,0.002,0.9304,0.0,0.0,0.0,0.0,-0.0,0.0,0.0,0.0,0.0,0.0,0.0,0.0,0.0,0.0,0.0,0.0,0.0,0.0,0.0,0.0,0.0,0.0,0.0,0.0,0.0,0.0,0.0,0.0,0.0,0.0,0.0,0.0,0.0,0.0,0.0,0.0,0.0,0.0,0.0,0.0,0.0,0.0,0.07341647293903102,0.0008865054314759321,0.4150144024041253,0.10162858252149733,0.002718523720708232,0.21340527759956687,-7.573646785409148e-05,0.032973985611946866,-0.002844227877633234,0.004937109118810548,-0.21281331867471687,0.004699964422225886,0.7059408654470553,-0.0008851392710052813,0.5451664715793649,0.7059408654470553,-0.0008851392710052813,0.5451664715793649,0.7059408654470553,-0.0008851392710052813,0.5451664715793649,0.7059408654470553,-0.0008851392710052813,0.5451664715793649,-0.4075910344058797,9.031288304373575,2.703463895545123,-0.4075910344058797,9.031288304373575,2.703463895545123,-0.4075910344058797,9.031288304373575,2.703463895545123,-0.4075910344058797,9.031288304373575,2.703463895545123,212.36076101426872,209.38579330750255,102.91806939639915,100.08391153974594,0.7059408654470553,-0.0008851392710052813,0.5451664715793649,-0.4075910344058797,9.031288304373575,2.703463895545123,0.15844804456589368,0.4502950257932561,-0.0017764559461013602,24.49493091458552,4.274887497171775,-0.174167559282548
0.8180000000000001,1,1,1,1,0.0,0.0,0.49999999999999994,0.0,0.0,0.0,0.0,-0.0,0.0,0.0,0.0,0.0,0.3285,0.19164302,-0.012182209999999971,0.3285,-0.19164302,-0.012182209999999971,-0.3285,0.19164302,-0.012182209999999971,-0.3285,-0.19164302,-0.012182209999999971,0.0,0.0,0.0,0.0,0.0,0.0,0.0,0.0,0.0,0.0,0.0,0.0,-12.808577029514392,-0.06008818156187461,352.20107034056394,-12.794511998123637,-0.060088171269986244,349.137584216599,-12.80857702927419,-0.08419685323342069,193.6363980110686,-12.79451199891263,-0.08419685322789441,190.57291187080855,0.5627,0.002,0.9304,0.0,0.0,0.0,0.0,-0.0,0.0,0.0,0.0,0.0,0.0,0.0,0.0,0.0,0.0,0.0,0.0,0.0,0.0,0.0,0.0,0.0,0.0,0.0,0.0,0.0,0.0,0.0,0.0,0.0,0.0,0.0,0.0,0.0,0.0,0.0,0.0,0.0,0.0,0.0,0.0,0.0,0.0,0.07527274784636165,0.0009326647134746535,0.4190215033467983,0.07789847640357568,0.002493558425168929,0.19267447159639922,-0.00016275005592968398,0.028621589322801233,-0.0027838709278206605,0.005226687373452783,-0.21023468628157962,0.004243513607568357,0.7075922946204743,-0.0007714273370708648,0.5531633226010758,0.7075922946204743,-0.0007714273370708648,0.5531633226010758,0.7075922946204743,-0.0007714273370708648,0.5531633226010758,0.7075922946204743,-0.0007714273370708648,0.5531633226010758,-0.33921180480319046,9.039462118336953,2.3220081294050705,-0.33921180480319046,9.039462118336953,2.3220081294050705,-0.33921180480319046,9.039462118336953,2.3220081294050705,-0.33921180480319046,9.039462118336953,2.3220081294050705,182.66892109442512,179.4060861429399,90.38015908556879,87.32658491654173,0.7075922946204743,-0.0007714273370708648,0.5531633226010758,-0.33921180480319046,9.039462118336953,2.3220081294050705,0.1582965300704629,0.4443138477580959,-0.0016916817071957052,24.494194772866102,3.536037029422822,-0.05598272958026129
0.838,1,1,1,1,0.0,0.0,0.49999999999999994,0.0,0.0,0.0,0.0,-0.0,0.0,0.0,0.0,0.0,0.3285,0.19164302,-0.012182209999999971,0.3285,-0.19164302,-0.012182209999999971,-0.3285,0.19164302,-0.012182209999999971,-0.3285,-0.19164302,-0.012182209999999971,0.0,0.0,0.0,0.0,0.0,0.0,0.0,0.0,0.0,0.0,0.0,0.0,-8.979184189272722,-0.031170955862032633,349.20273227034437,-8.96081454159367,-0.03117095609978777,346.11917064695433,-8.979184189489057,-0.06265819662038567,198.01151208879074,-8.960814542223945,-0.06265819944792221,194.92795050000703,0.5627,0.002,0.9304,0.0,0.0,0.0,0.0,-0.0,0.0,0.0,0.0,0.0,0.0,0.0,0.0,0.0,0.0,0.0,0.0,0.0,0.0,0.0,0.0,0.0,0.0,0.0,0.0,0.0,0.0,0.0,0.0,0.0,0.0,0.0,0.0,0.0,0.0,0.0,0.0,0.0,0.0,0.0,0.0,0.0,0.0,0.0766056611512113,0.0009758617657636313,0.4224015407905418,0.052876002795599265,0.002241866319505442,0.15209769900658454,-0.0002401604914250748,0.024678676242021025,-0.002732569284355432,0.005703932501579034,-0.17690504586964856,0.0037137653374742924,0.7090330144239243,-0.000668714482074618,0.5612154107229264,0.7090330144239243,-0.000668714482074618,0.5612154107229264,0.7090330144239243,-0.000668714482074618,0.5612154107229264,0.7090330144239243,-0.000668714482074618,0.5612154107229264,-0.42100222888721434,9.044334610980771,2.530360733307479,-0.42100222888721434,9.044334610980771,2.530360733307479,-0.42100222888721434,9.044334610980771,2.530360733307479,-0.42100222888721434,9.044334610980771,2.530360733307479,162.46022958164477,159.0006355969157,82.59061015270456,79.3825111764267,0.7090330144239243,-0.000668714482074618,0.5612154107229264,-0.42100222888721434,9.044334610980771,2.530360733307479,0.15815354991220637,0.4366825711644773,-0.001613265943724393,24.495831922062727,3.9574999789893566,-0.1199843083870018
0.858,1,1,1,1,0.0,0.0,0.49999999999999994,0.0,0.0,0.0,0.0,-0.0,0.0,0.0,0.0,0.0,0.3285,0.19164302,-0.012182209999999971,0.3285,-0.19164302,-0.012182209999999971,-0.3285,0.19164302,-0.012182209999999971,-0.3285,-0.19164302,-0.012182209999999971,0.0,0.0,0.0,0.0,0.0,0.0,0.0,0.0,0.0,0.0,0.0,0.0,-4.964091548688671,0.007052053853863442,350.0114912661338,-4.939114147437721,0.007052061291949497,346.91361862473195,-4.964091549829187,-0.03576183405219334,205.74550675068446,-4.939114149085691,-0.0357618272677971,202.64763405779223,0.5627,0.002,0.9304,0.0,0.0,0.0,0.0,-0.0,0.0,0.0,0.0,0.0,0.0,0.0,0.0,0.0,0.0,0.0,0.0,0.0,0.0,0.0,0.0,0.0,0.0,0.0,0.0,0.0,0.0,0.0,0.0,0.0,0.0,0.0,0.0,0.0,0.0,0.0,0.0,0.0,0.0,0.0,0.0,0.0,0.0,0.07739046983714895,0.0010152791849917756,0.42485231462520534,0.026651046698848116,0.0019613612950052923,0.10062946438641837,-0.00030954226631185397,0.0216134421939409,-0.0026920910855474057,0.005956354405967291,-0.12634052671558382,0.0031396346932355524,0.7101250414275524,-0.0005791323971059654,0.568275747932627,0.7101250414275524,-0.0005791323971059654,0.568275747932627,0.7101250414275524,-0.0005791323971059654,0.568275747932627,0.7101250414275524,-0.0005791323971059654,0.568275747932627,-0.42117693819998436,9.040400593442289,2.3169604839153863,-0.42117693819998436,9.040400593442289,2.3169604839153863,-0.42117693819998436,9.040400593442289,2.3169604839153863,-0.42117693819998436,9.040400593442289,2.3169604839153863,152.3911662897247,148.75477557865472,79.64204273122577,76.24929963725235,0.7101250414275524,-0.0005791323971059654,0.568275747932627,-0.42117693819998436,9.040400593442289,2.3169604839153863,0.1580168858657856,0.4283063321478926,-0.0015462230855714382,24.49594336433217,3.6966437661655345,-0.07671000643491155
0.878,1,1,1,1,0.0,0.0,0.49999999999999994,0.0,0.0,0.0,0.0,-0.0,0.0,0.0,0.0,0.0,0.3285,0.19164302,-0.012182209999999971,0.3285,-0.19164302,-0.012182209999999971,-0.3285,0.19164302,-0.012182209999999971,-0.3285,-0.19164302,-0.012182209999999971,0.0,0.0,0.0,0.0,0.0,0.0,0.0,0.0,0.0,0.0,0.0,0.0,-0.8238763431029945,0.047589066437946755,353.2501185177631,-0.7929787804355872,0.047589065716378005,350.1389823892393,-0.8238763442758754,-0.005372791620364358,215.92402715457052,-0.7929787815019744,-0.005372793909036948,212.81289050219308,0.5627,0.002,0.9304,0.0,0.0,0.0,0.0,-0.0,0.0,0.0,0.0,0.0,0.0,0.0,0.0,0.0,0.0,0.0,0.0,0.0,0.0,0.0,0.0,0.0,0.0,0.0,0.0,0.0,0.0,0.0,0.0,0.0,0.0,0.0,0.0,0.0,0.0,0.0,0.0,0.0,0.0,0.0,0.0,0.0,0.0,0.07761831199255162,0.001050314462640237,0.4262447590805315,0.0001893562801408903,0.0016677816393297939,0.04657792261773277,-0.0003700258863513933,0.019634080748319738,-0.002663012146780379,0.00632137246327807,-0.07080491231397527,0.00259190923421822,0.7108056708367072,-0.0005041393863662529,0.5736083472121627,0.7108056708367072,-0.0005041393863662529,0.5736083472121627,0.7108056708367072,-0.0005041393863662529,0.5736083472121627,0.7108056708367072,-0.0005041393863662529,0.5736083472121627,-0.49695524781355965,9.036136322299589,2.3904903296031264,-0.49695524781355965,9.036136322299589,2.3904903296031264,-0.49695524781355965,9.036136322299589,2.3904903296031264,-0.49695524781355965,9.036136322299589,2.3904903296031264,151.44561046288666,147.69930221784512,81.2960933920368,77.76329844818815,0.7108056708367072,-0.0005041393863662529,0.5736083472121627,-0.49695524781355965,9.036136322299589,2.3904903296031264,0.1578900644097976,0.4209696713541986,-0.0014916964156498902,24.49719339012924,3.991531411070709,-0.12105623091858142
0.898,1,1,1,1,0.0,0.0,0.49999999999999994,0.0,0.0,0.0,0.0,-0.0,0.0,0.0,0.0,0.0,0.3285,0.19164302,-0.012182209999999971,0.3285,-0.19164302,-0.012182209999999971,-0.3285,0.19164302,-0.012182209999999971,-0.3285,-0.19164302,-0.012182209999999971,0.0,0.0,0.0,0.0,0.0,0.0,0.0,0.0,0.0,0.0,0.0,0.0,3.1812579410621207,0.09117517531344221,357.5953122260821,3.218275094474119,0.09117517242669652,354.4805765015728,3.181257941056462,0.027723572845267188,227.23944586198323,3.218275096097805,0.027723575911122875,224.12470400223643,0.5627,0.002,0.9304,0.0,0.0,0.0,0.0,-0.0,0.0,0.0,0.0,0.0,0.0,0.0,0.0,0.0,0.0,0.0,0.0,0.0,0.0,0.0,0.0,0.0,0.0,0.0,0.0,0.0,0.0,0.0,0.0,0.0,0.0,0.0,0.0,0.0,0.0,0.0,0.0,0.0,0.0,0.0,0.0,0.0,0.0,0.0773004541308199,0.0010804990872655194,0.42660628312996957,-0.02566037990856217,0.0013631647095606267,-0.0029545915539053386,-0.000422393619629787,0.018716271602745138,-0.002645054797608613,0.006609588240116025,-0.021114438600452413,0.0020908755605561053,0.7109840789164149,-0.0004441933892212827,0.5769119985742486,0.7109840789164149,-0.0004441933892212827,0.5769119985742486,0.7109840789164149,-0.0004441933892212827,0.5769119985742486,0.7109840789164149,-0.0004441933892212827,0.5769119985742486,-0.5191104617158939,9.029046344202454,2.2351793156969144,-0.5191104617158939,9.029046344202454,2.2351793156969144,-0.5191104617158939,9.029046344202454,2.2351793156969144,-0.5191104617158939,9.029046344202454,2.2351793156969144,157.45071273090662,153.61973079051717,86.764758998628,83.08977927158199,0.7109840789164149,-0.0004441933892212827,0.5769119985742486,-0.5191104617158939,9.029046344202454,2.2351793156969144,0.1577719823142914,0.4151002254619791,-0.0014514965918888262,24.497533862994484,3.8868535243772993,-0.10303593997648974
0.918,1,1,1,1,0.0,0.0,0.49999999999999994,0.0,0.0,0.0,0.0,-0.0,0.0,0.0,0.0,0.0,0.3285,0.19164302,-0.012182209999999971,0.3285,-0.19164302,-0.012182209999999971,-0.3285,0.19164302,-0.012182209999999971,-0.3285,-0.19164302,-0.012182209999999971,0.0,0.0,0.0,0.0,0.0,0.0,0.0,0.0,0.0,0.0,0.0,0.0,6.961882850356797,0.13263181976230867,361.78292307179265,7.003425489835506,0.13263181824127132,358.6737281203986,6.961882850692204,0.06142370394005109,238.7774443178613,7.003425490155526,0.06142370792087135,235.66822035055944,0.5627,0.002,0.9304,0.0,0.0,0.0,0.0,-0.0,0.0,0.0,0.0,0.0,0.0,0.0,0.0,0.0,0.0,0.0,0.0,0.0,0.0,0.0,0.0,0.0,0.0,0.0,0.0,0.0,0.0,0.0,0.0,0.0,0.0,0.0,0.0,0.0,0.0,0.0,0.0,0.0,0.0,0.0,0.0,0.0,0.0,0.07646555290862386,0.0011055840984450494,0.42608365246403124,-0.049842047640099266,0.0010578616689831003,-0.04305619907383902,-0.0004658077374462531,0.018661884228080128,-0.0026370964424941414,0.007044773166625343,0.015908561564401746,0.0016701363933531459,0.7106309389895386,-0.00039903726178711877,0.5781977346341953,0.7106309389895386,-0.00039903726178711877,0.5781977346341953,0.7106309389895386,-0.00039903726178711877,0.5781977346341953,0.7106309389895386,-0.00039903726178711877,0.5781977346341953,-0.5991987349160611,9.025408643669332,2.328490800341096,-0.5991987349160611,9.025408643669332,2.328490800341096,-0.5991987349160611,9.025408643669332,2.328490800341096,-0.5991987349160611,9.025408643669332,2.328490800341096,167.6527081420595,163.7917872687807,95.10202414082111,91.3336459745242,0.7106309389895386,-0.00039903726178711877,0.5781977346341953,-0.5991987349160611,9.025408643669332,2.328490800341096,0.1576648539894538,0.4114638418994927,-0.001424653590119035,24.49879610606313,4.21122596587111,-0.1529506386949393
0.9380000000000001,1,1,1,1,0.0,0.0,0.49999999999999994,0.0,0.0,0.0,0.0,-0.0,0.0,0.0,0.0,0.0,0.3285,0.19164302,-0.012182209999999971,0.3285,-0.19164302,-0.012182209999999971,-0.3285,0.19164302,-0.012182209999999971,-0.3285,-0.19164302,-0.012182209999999971,0.0,0.0,0.0,0.0,0.0,0.0,0.0,0.0,0.0,0.0,0.0,0.0,10.309409007159651,0.17360348197452938,364.9207776281678,10.355256692434596,0.17360348054843747,361.8356002236171,10.309409007130403,0.09501857036505698,249.54920038586476,10.355256696153447,0.09501857036454976,246.46396000222,0.5627,0.002,0.9304,0.0,0.0,0.0,0.0,-0.0,0.0,0.0,0.0,0.0,0.0,0.0,0.0,0.0,0.0,0.0,0.0,0.0,0.0,0.0,0.0,0.0,0.0,0.0,0.0,0.0,0.0,0.0,0.0,0.0,0.0,0.0,0.0,0.0,0.0,0.0,0.0,0.0,0.0,0.0,0.0,0.0,0.0,0.07515852538528056,0.0011254286098136732,0.4249002006074185,-0.07178157648726716,0.0007505480116950768,-0.07090487788952651,-0.0005008292197376109,0.019169860562390673,-0.0026376025649331347,0.007411721553159214,0.03638385595627574,0.0013234017915818958,0.7097047002228003,-0.0003676983028403307,0.5777909505703293,0.7097047002228003,-0.0003676983028403307,0.5777909505703293,0.7097047002228003,-0.0003676983028403307,0.5777909505703293,0.7097047002228003,-0.0003676983028403307,0.5777909505703293,-0.5986482964101817,9.020555366758543,2.1315000927302545,-0.5986482964101817,9.020555366758543,2.1315000927302545,-0.5986482964101817,9.020555366758543,2.1315000927302545,-0.5986482964101817,9.020555366758543,2.1315000927302545,179.2907916922637,175.41146569507026,105.16216848074468,101.29953409204188,0.7097047002228003,-0.0003676983028403307,0.5777909505703293,-0.5986482964101817,9.020555366758543,2.1315000927302545,0.15756699419221232,0.40956021654956065,-0.0014104081357692033,24.49883793112891,3.9826917726255857,-0.1164979316655721
0.9580000000000001,1,1,1,1,0.0,0.0,0.49999999999999994,0.0,0.0,0.0,0.0,-0.0,0.0,0.0,0.0,0.0,0.3285,0.19164302,-0.012182209999999971,0.3285,-0.19164302,-0.012182209999999971,-0.3285,0.19164302,-0.012182209999999971,-0.3285,-0.19164302,-0.012182209999999971,0.0,0.0,0.0,0.0,0.0,0.0,0.0,0.0,0.0,0.0,0.0,0.0,13.237247313877516,0.20883877810921636,366.37447673184624,13.285219218048844,0.2088387731027086,363.3286704528613,13.237247316553379,0.1266150911726358,259.1630765219184,13.285219216779458,0.12661509645578597,256.11718389770596,0.5627,0.002,0.9304,0.0,0.0,0.0,0.0,-0.0,0.0,0.0,0.0,0.0,0.0,0.0,0.0,0.0,0.0,0.0,0.0,0.0,0.0,0.0,0.0,0.0,0.0,0.0,0.0,0.0,0.0,0.0,0.0,0.0,0.0,0.0,0.0,0.0,0.0,0.0,0.0,0.0,0.0,0.0,0.0,0.0,0.0,0.07343511941988147,0.0011400472442254302,0.423309926137367,-0.09079062076654364,0.0004505516350233306,-0.0859493941685777,-0.0005261063762959266,0.019904015669340414,-0.0026446995719980803,0.007998830302677718,0.040354231294946835,0.0010671715172289537,0.708238848334335,-0.00034893196274034374,0.5761339373889292,0.708238848334335,-0.00034893196274034374,0.5761339373889292,0.708238848334335,-0.00034893196274034374,0.5761339373889292,0.708238848334335,-0.00034893196274034374,0.5761339373889292,-0.6896945176395213,9.02230453499198,2.3383430798738445,-0.6896945176395213,9.02230453499198,2.3383430798738445,-0.6896945176395213,9.02230453499198,2.3383430798738445,-0.6896945176395213,9.02230453499198,2.3383430798738445,190.00375015764908,186.16438535206015,115.98592335987465,112.0984342999923,0.708238848334335,-0.00034893196274034374,0.5761339373889292,-0.6896945176395213,9.02230453499198,2.3383430798738445,0.15748098740126515,0.40968906080636147,-0.001405677332677352,24.50039293502226,4.43237778658826,-0.1869912029011047
0.978,1,1,1,1,0.0,0.0,0.49999999999999994,0.0,0.0,0.0,0.0,-0.0,0.0,0.0,0.0,0.0,0.3285,0.19164302,-0.012182209999999971,0.3285,-0.19164302,-0.012182209999999971,-0.3285,0.19164302,-0.012182209999999971,-0.3285,-0.19164302,-0.012182209999999971,0.0,0.0,0.0,0.0,0.0,0.0,0.0,0.0,0.0,0.0,0.0,0.0,15.562533589329925,0.24344918044068292,365.993886376022,15.613205465821117,0.24344918710143132,363.01370896565805,15.562533591011011,0.15659710153985001,267.04355218214744,15.613205468035742,0.1565971067658181,264.0632979710024,0.5627,0.002,0.9304,0.0,0.0,0.0,0.0,-0.0,0.0,0.0,0.0,0.0,0.0,0.0,0.0,0.0,0.0,0.0,0.0,0.0,0.0,0.0,0.0,0.0,0.0,0.0,0.0,0.0,0.0,0.0,0.0,0.0,0.0,0.0,0.0,0.0,0.0,0.0,0.0,0.0,0.0,0.0,0.0,0.0,0.0,0.07136029862987042,0.0011494536599134665,0.4215610578611777,-0.10682899760973383,0.00015120985098127906,-0.08909885730894197,-0.0005427285559098109,0.02054838057941266,-0.002656662928785438,0.008422217086823433,0.0293082970565686,0.0008686234030635788,0.7062352896979687,-0.0003412026496884453,0.5738091311387405,0.7062352896979687,-0.0003412026496884453,0.5738091311387405,0.7062352896979687,-0.0003412026496884453,0.5738091311387405,0.7062352896979687,-0.0003412026496884453,0.5738091311387405,-0.6466083121462192,9.02105692616214,2.055153938946608,-0.6466083121462192,9.02105692616214,2.055153938946608,-0.6466083121462192,9.02105692616214,2.055153938946608,-0.6466083121462192,9.02105692616214,2.055153938946608,198.06270438053002,194.25495821153834,126.62371527216008,122.69535263284365,0.7062352896979687,-0.0003412026496884453,0.5738091311387405,-0.6466083121462192,9.02105692616214,2.055153938946608,0.15740347660257267,0.4105586938996393,-0.0014088944489199784,24.499904417747818,3.9615547012964534,-0.11330613642254761
0.998,1,1,1,1,0.0,0.0,0.49999999999999994,0.0,0.0,0.0,0.0,-0.0,0.0,0.0,0.0,0.0,0.3285,0.19164302,-0.012182209999999971,0.3285,-0.19164302,-0.012182209999999971,-0.3285,0.19164302,-0.012182209999999971,-0.3285,-0.19164302,-0.012182209999999971,0.0,0.0,0.0,0.0,0.0,0.0,0.0,0.0,0.0,0.0,0.0,0.0,17.431645070611726,0.2707628523618656,363.782498458119,17.48269834553233,0.2707628643502683,360.88449165074906,17.431645070567956,0.1832539607596642,273.3944236601721,17.48269834580942,0.18325396591028834,270.49636703111804,0.5627,0.002,0.9304,0.0,0.0,0.0,0.0,-0.0,0.0,0.0,0.0,0.0,0.0,0.0,0.0,0.0,0.0,0.0,0.0,0.0,0.0,0.0,0.0,0.0,0.0,0.0,0.0,0.0,0.0,0.0,0.0,0.0,0.0,0.0,0.0,0.0,0.0,0.0,0.0,0.0,0.0,0.0,0.0,0.0,0.0,0.06900197117360185,0.0011537724376779863,0.419864936352902,-0.11942579662255708,-0.00013511459043381746,-0.08273583645920903,-0.0005488770421023708,0.020846903070667056,-0.0026717893117572593,0.00912748233150588,0.007579566133599238,0.0007445342999749367,0.7037985501809213,-0.00034321504400515256,0.5712948935286969,0.7037985501809213,-0.00034321504400515256,0.5712948935286969,0.7037985501809213,-0.00034321504400515256,0.5712948935286969,0.7037985501809213,-0.00034321504400515256,0.5712948935286969,-0.7469770587933172,9.027984531575406,2.3854877566960484,-0.7469770587933172,9.027984531575406,2.3854877566960484,-0.7469770587933172,9.027984531575406,2.3854877566960484,-0.7469770587933172,9.027984531575406,2.3854877566960484,202.44635325170955,198.7390490538463,136.55674336400392,132.6794491589699,0.7037985501809213,-0.00034321504400515256,0.5712948935286969,-0.7469770587933172,9.027984531575406,2.3854877566960484,0.15733816045765717,0.4125660565042233,-0.0014160983891466916,24.50178424330757,4.546476236521552,-0.20545606220006007
1.018,1,1,1,1,-2.1575817882000005e-06,0.0,0.49999999999999994,-0.00031997740290000024,0.0,-2.7755575615628914e-14,0.0,-0.0,0.0,0.0,0.0,0.0,0.3285,0.19164302,-0.012182209999999971,0.3285,-0.19164302,-0.012182209999999971,-0.3285,0.19164302,-0.012182209999999971,-0.3285,-0.19164302,-0.012182209999999971,0.0,0.0,0.0,0.0,0.0,0.0,0.0,0.0,0.0,0.0,0.0,0.0,18.61181950298598,0.29940219713261945,360.23450486862805,18.665168306288454,0.29940219735716855,357.44697620258887,18.6118195001409,0.2079565562882088,277.8666038851233,18.665168303226427,0.2079565562826827,275.0790566676871,0.5626978424182117,0.002,0.9304,-0.0003199774029072344,0.0,-5.551115123125783e-14,0.0,-0.0,0.0,0.0,0.0,0.0,0.0,0.0,0.0,0.0,0.0,0.0,0.0,0.0,0.0,0.0,0.0,0.0,0.0,0.0,0.0,0.0,0.0,0.0,0.0,0.0,0.0,0.0,0.0,0.0,0.0,0.0,0.0,0.0,0.0,0.0,0.0,0.0,0.0,0.06643157575073556,0.0011530427962361995,0.4183813274730516,-0.1288716295883916,-0.00041905752448367266,-0.06952847336438413,-0.0005465174309225063,0.020626474945617312,-0.0026889039432309945,0.009547673120118472,-0.021191008130537453,0.0006444360770732871,0.7009628616964703,-0.0003536428041443539,0.5690898109988799,0.7009628616964703,-0.0003536428041443539,0.5690898109988799,0.7009628616964703,-0.0003536428041443539,0.5690898109988799,0.7009628616964703,-0.0003536428041443539,0.5690898109988799,-0.6664066043182231,9.029007113193842,2.0262699255577092,-0.6664066043182231,9.029007113193842,2.0262699255577092,-0.6664066043182231,9.029007113193842,2.0262699255577092,-0.6664066043182231,9.029007113193842,2.0262699255577092,202.80706793530717,199.17507699857137,145.26120367384678,141.4005101418161,0.7009628616964703,-0.0003536428041443539,0.5690898109988799,-0.6664066043182231,9.029007113193842,2.0262699255577092,0.15727995194611133,0.4140501528512357,-0.0014265086555372425,24.500819069847772,3.8674635356884495,-0.09945740796902669
1.038,1,1,1,1,-1.9995012478199996e-05,0.0,0.49999999999999994,-0.001484001627899995,0.0,0.0,0.0,-0.0,0.0,0.0,0.0,0.0,0.3285,0.19164302,-0.012182209999999971,0.3285,-0.19164302,-0.012182209999999971,-0.3285,0.19164302,-0.012182209999999971,-0.3285,-0.19164302,-0.012182209999999971,0.0,0.0,0.0,0.0,0.0,0.0,0.0,0.0,0.0,0.0,0.0,0.0,19.272214387505937,0.32112598224854233,355.8040656346992,19.32613438686315,0.3211259869712917,353.1390272472359,19.272214386819417,0.22870075924231217,280.96532444404187,19.326134386840913,0.22870075924683597,278.300282518825,0.5626800049875217,0.002,0.9304,-0.0014840016279021873,0.0,0.0,0.0,-0.0,0.0,0.0,0.0,0.0,0.0,0.0,0.0,0.0,0.0,0.0,0.0,0.0,0.0,0.0,0.0,0.0,0.0,0.0,0.0,0.0,0.0,0.0,0.0,0.0,0.0,0.0,0.0,0.0,0.0,0.0,0.0,0.0,0.0,0.0,0.0,0.0,0.0,0.06371777181630209,0.0011474209764292902,0.41720770375502175,-0.13475109851746064,-0.0006842135817436099,-0.05272342514391772,-0.0005336712951105234,0.019805657754441208,-0.002706964113871382,0.010275259141799133,-0.051503964675957636,0.0005937112818486892,0.6978824037320582,-0.00037168570582971614,0.5674533412884643,0.6978824037320582,-0.00037168570582971614,0.5674533412884643,0.6978824037320582,-0.00037168570582971614,0.5674533412884643,0.6978824037320582,-0.00037168570582971614,0.5674533412884643,-0.7694573886116024,9.03835382529632,2.4339118642242137,-0.7694573886116024,9.03835382529632,2.4339118642242137,-0.7694573886116024,9.03835382529632,2.4339118642242137,-0.7694573886116024,9.03835382529632,2.4339118642242137,199.35316124076104,195.87273374693333,152.70920571141377,148.96993936407074,0.6978824037320582,-0.00037168570582971614,0.5674533412884643,-0.7694573886116024,9.03835382529632,2.4339118642242137,0.15723357909040203,0.41580080502114813,-0.0014364395185176848,24.50287606844775,4.5394505118871695,-0.20517736064133096
1.058,1,1,1,1,-7.00211555682e-05,0.0,0.5,-0.003450064452900003,0.0,5.551115123125783e-14,0.0,-0.0,0.0,0.0,0.0,0.0,0.3285,0.19164302,-0.012182209999999971,0.3285,-0.19164302,-0.012182209999999971,-0.3285,0.19164302,-0.012182209999999971,-0.3285,-0.19164302,-0.012182209999999971,0.0,0.0,0.0,0.0,0.0,0.0,0.0,0.0,0.0,0.0,0.0,0.0,19.21354912288605,0.3462341839159294,351.1658303663817,19.271057015314078,0.34623418906102715,348.6470962602165,19.213549124795367,0.2476589048927148,282.52061321426044,19.271057016170094,0.24765889919457523,280.0018789241383,0.5626299788444318,0.002,0.9304,-0.003450064452903412,0.0,0.0,0.0,-0.0,0.0,0.0,0.0,0.0,0.0,0.0,0.0,0.0,0.0,0.0,0.0,0.0,0.0,0.0,0.0,0.0,0.0,0.0,0.0,0.0,0.0,0.0,0.0,0.0,0.0,0.0,0.0,0.0,0.0,0.0,0.0,0.0,0.0,0.0,0.0,0.0,0.0,0.06092938042771008,0.001136953908043136,0.41638477633883536,-0.13754945258522824,-0.0009432429980075203,-0.03488142767288506,-0.0005130878711640959,0.01839049975955276,-0.002725562765831965,0.010628178315850993,-0.0802119907145023,0.0005365945026138847,0.694601846891545,-0.00039653119735508604,0.5666316410350958,0.694601846891545,-0.00039653119735508604,0.5666316410350958,0.694601846891545,-0.00039653119735508604,0.5666316410350958,0.694601846891545,-0.00039653119735508604,0.5666316410350958,-0.6678132353170091,9.039649614416632,2.037362094812534,-0.6678132353170091,9.039649614416632,2.037362094812534,-0.6678132353170091,9.039649614416632,2.037362094812534,-0.6678132353170091,9.039649614416632,2.037362094812534,192.7336206408244,189.3696995655204,158.7404690566396,155.07424325155534,0.694601846891545,-0.00039653119735508604,0.5666316410350958,-0.6678132353170091,9.039649614416632,2.037362094812534,0.15719278127107617,0.4161906785919729,-0.0014466629791757973,24.50163755769397,3.763100401218856,-0.08386808399763623
1.078,1,1,1,1,-0.0001677089190582,0.0,0.49999999999999994,-0.006166703877899998,0.0,0.0,0.0,-0.0,0.0,0.0,0.0,0.0,0.3285,0.19164302,-0.012182209999999971,0.3285,-0.19164302,-0.012182209999999971,-0.3285,0.19164302,-0.012182209999999971,-0.3285,-0.19164302,-0.012182209999999971,0.0,0.0,0.0,0.0,0.0,0.0,0.0,0.0,0.0,0.0,0.0,0.0,18.72960763084652,0.36508731056454313,346.7044645299402,18.789318961912695,0.3650873172462807,344.33584482982076,18.729607631286072,0.2627351934281583,283.28504832780635,18.789318958842397,0.2627351893083676,280.91642862848863,0.5625322910809418,0.002,0.9304,-0.006166703877888424,0.0,0.0,0.0,-0.0,0.0,0.0,0.0,0.0,0.0,0.0,0.0,0.0,0.0,0.0,0.0,0.0,0.0,0.0,0.0,0.0,0.0,0.0,0.0,0.0,0.0,0.0,0.0,0.0,0.0,0.0,0.0,0.0,0.0,0.0,0.0,0.0,0.0,0.0,0.0,0.0,0.0,0.05812919405466904,0.0011218426497482613,0.4159005422376173,-0.1369424423469445,-0.001177311447933728,-0.018548803738440436,-0.0004829499776196737,0.016461158304226897,-0.0027443364960995373,0.011277136320046363,-0.10299313355358813,0.0005067126476980249,0.6912875796509047,-0.0004279087906065891,0.5666050664040557,0.6912875796509047,-0.0004279087906065891,0.5666050664040557,0.6912875796509047,-0.0004279087906065891,0.5666050664040557,0.6912875796509047,-0.0004279087906065891,0.5666050664040557,-0.7669847074845411,9.048611443486907,2.4618118303482466,-0.7669847074845411,9.048611443486907,2.4618118303482466,-0.7669847074845411,9.048611443486907,2.4618118303482466,-0.7669847074845411,9.048611443486907,2.4618118303482466,183.84324851110284,180.67195984384426,163.64338341747228,160.15441477004197,0.6912875796509047,-0.0004279087906065891,0.5666050664040557,-0.7669847074845411,9.048611443486907,2.4618118303482466,0.157162740368254,0.4164099438474911,-0.0014543397088413595,24.503677102751563,4.45895512523192,-0.19293378700557007
1.098,1,1,1,1,-0.00032751385094820007,0.0,0.49999999999999994,-0.00958353790290003,0.0,0.0,0.0,-0.0,0.0,0.0,0.0,0.0,0.3285,0.19164302,-0.012182209999999971,0.3285,-0.19164302,-0.012182209999999971,-0.3285,0.19164302,-0.012182209999999971,-0.3285,-0.19164302,-0.012182209999999971,0.0,0.0,0.0,0.0,0.0,0.0,0.0,0.0,0.0,0.0,0.0,0.0,17.61932161880494,0.3879816363928539,343.01569396642856,17.68445088782344,0.3879816380824057,340.81259627169953,17.61932162143752,0.27634269951252916,283.06973420394905,17.684450887331003,0.27634269258746674,280.8666365556173,0.5623724861490518,0.002,0.9304,-0.009583537902910222,0.0,0.0,0.0,-0.0,0.0,0.0,0.0,0.0,0.0,0.0,0.0,0.0,0.0,0.0,0.0,0.0,0.0,0.0,0.0,0.0,0.0,0.0,0.0,0.0,0.0,0.0,0.0,0.0,0.0,0.0,0.0,0.0,0.0,0.0,0.0,0.0,0.0,0.0,0.0,0.0,0.0,0.05537823517489536,0.001102199315159155,0.4157071108798832,-0.1335766909263879,-0.0013995623419287867,-0.0050995236508452405,-0.0004464647994344808,0.014151678900733877,-0.0027634535755252255,0.011515137607177662,-0.11870289671450118,0.00045373356241173025,0.6879736275562999,-0.0004653992618079765,0.5673721359249878,0.6879736275562999,-0.0004653992618079765,0.5673721359249878,0.6879736275562999,-0.0004653992618079765,0.5673721359249878,0.6879736275562999,-0.0004653992618079765,0.5673721359249878,-0.6600297604875788,9.048817050921157,2.067462352429247,-0.6600297604875788,9.048817050921157,2.067462352429247,-0.6600297604875788,9.048817050921157,2.067462352429247,-0.6600297604875788,9.048817050921157,2.067462352429247,173.7344108480508,170.71653660665567,167.45216882237656,164.0845170952835,0.6879736275562999,-0.0004653992618079765,0.5673721359249878,-0.6600297604875788,9.048817050921157,2.067462352429247,0.15713674712886672,0.4150914189068178,-0.0014616839827562567,24.502371633569886,3.696036890445794,-0.07349343981740475
1.118,1,1,1,1,-0.0005628957392382001,0.0,0.49999999999999994,-0.013651264527900013,0.0,0.0,0.0,-0.0,0.0,0.0,0.0,0.0,0.3285,0.19164302,-0.012182209999999971,0.3285,-0.19164302,-0.012182209999999971,-0.3285,0.19164302,-0.012182209999999971,-0.3285,-0.19164302,-0.012182209999999971,0.0,0.0,0.0,0.0,0.0,0.0,0.0,0.0,0.0,0.0,0.0,0.0,16.179507840008867,0.405026534497978,340.2920477549187,16.248913318109718,0.4050265345045912,338.2497195344159,16.17950784135192,0.2860576183397693,282.56110193884354,16.248913316169507,0.2860576218603794,280.51877373065304,0.5621371042607619,0.002,0.9304,-0.013651264527902995,0.0,0.0,0.0,-0.0,0.0,0.0,0.0,0.0,0.0,0.0,0.0,0.0,0.0,0.0,0.0,0.0,0.0,0.0,0.0,0.0,0.0,0.0,0.0,0.0,0.0,0.0,0.0,0.0,0.0,0.0,0.0,0.0,0.0,0.0,0.0,0.0,0.0,0.0,0.0,0.0,0.0,0.05272977520763433,0.0010783246198444293,0.41573075183295594,-0.12728130694085438,-0.001591120127466286,0.004314437216942752,-0.0004021566928660177,0.011626942903449455,-0.002782954034736989,0.012017566179082423,-0.12530664331816121,0.0004148022490043453,0.6848085601901002,-0.0005089731816819444,0.5687156974634273,0.6848085601901002,-0.0005089731816819444,0.5687156974634273,0.6848085601901002,-0.0005089731816819444,0.5687156974634273,0.6848085601901002,-0.0005089731816819444,0.5687156974634273,-0.7514513629015624,9.055812452392376,2.4647208649467296,-0.7514513629015624,9.055812452392376,2.4647208649467296,-0.7514513629015624,9.055812452392376,2.4647208649467296,-0.7514513629015624,9.055812452392376,2.4647208649467296,163.40317544426435,160.60735589336971,170.55918749608378,167.40591242066523,0.6848085601901002,-0.0005089731816819444,0.5687156974634273,-0.7514513629015624,9.055812452392376,2.4647208649467296,0.15711984046422423,0.4136596230587253,-0.001466687090617591,24.504248936936982,4.369286824789243,-0.17858198968786
1.1380000000000001,1,1,1,1,-0.0008863402119282001,0.0,0.49999999999999994,-0.018321661752899943,0.0,0.0,0.0,-0.0,0.0,0.0,0.0,0.0,0.3285,0.19164302,-0.012182209999999971,0.3285,-0.19164302,-0.012182209999999971,-0.3285,0.19164302,-0.012182209999999971,-0.3285,-0.19164302,-0.012182209999999971,0.0,0.0,0.0,0.0,0.0,0.0,0.0,0.0,0.0,0.0,0.0,0.0,14.222128504979336,0.4254215838887139,338.873383407089,14.298632098797238,0.42542158050773843,336.99858280264544,14.22212850337983,0.2942856258055849,281.478352263063,14.298632093915108,0.29428562928142377,279.6035516698119,0.561813659788072,0.002,0.9303999999999999,-0.018321661752904173,0.0,-5.551115123125783e-14,0.0,-0.0,0.0,0.0,0.0,0.0,0.0,0.0,0.0,0.0,0.0,0.0,0.0,0.0,0.0,0.0,0.0,0.0,0.0,0.0,0.0,0.0,0.0,0.0,0.0,0.0,0.0,0.0,0.0,0.0,0.0,0.0,0.0,0.0,0.0,0.0,0.0,0.0,0.0,0.05023388129862775,0.001050460418535796,0.41589053628928224,-0.11880618676086802,-0.0017647498954935234,0.009724132228591698,-0.000353342662810896,0.009059559999252453,-0.0028032231947712214,0.012119274832290822,-0.12389610541421558,0.00035041843540161853,0.6818054543910961,-0.0005582873380189091,0.5704950626909512,0.6818054543910961,-0.0005582873380189091,0.5704950626909512,0.6818054543910961,-0.0005582873380189091,0.5704950626909512,0.6818054543910961,-0.0005582873380189091,0.5704950626909512,-0.6485384994164026,9.054509607451287,2.0960706913801053,-0.6485384994164026,9.054509607451287,2.0960706913801053,-0.6485384994164026,9.054509607451287,2.0960706913801053,-0.6485384994164026,9.054509607451287,2.0960706913801053,153.77196621552872,151.15707706502042,173.03078716595843,170.03294991444596,0.6818054543910961,-0.0005582873380189091,0.5704950626909512,-0.6485384994164026,9.054509607451287,2.0960706913801053,0.15710546209110654,0.4110339765876829,-0.0014723376768700364,24.502994832544317,3.684076975555307,-0.07110169998733795
1.158,1,1,1,1,-0.0013093803370182,0.0,0.49999999999999994,-0.023547587577900028,0.0,0.0,0.0,-0.0,0.0,0.0,0.0,0.0,0.3285,0.19164302,-0.012182209999999971,0.3285,-0.19164302,-0.012182209999999971,-0.3285,0.19164302,-0.012182209999999971,-0.3285,-0.19164302,-0.012182209999999971,0.0,0.0,0.0,0.0,0.0,0.0,0.0,0.0,0.0,0.0,0.0,0.0,12.025614694438021,0.43980564534267097,338.6891622097545,12.108086180388954,0.4398056492449558,336.9706719677748,12.025614696378344,0.29843990363288503,280.34200417536033,12.108086178045715,0.29843990006927806,278.62351405025083,0.561390619662982,0.002,0.9304,-0.023547587577901763,0.0,0.0,0.0,-0.0,0.0,0.0,0.0,0.0,0.0,0.0,0.0,0.0,0.0,0.0,0.0,0.0,0.0,0.0,0.0,0.0,0.0,0.0,0.0,0.0,0.0,0.0,0.0,0.0,0.0,0.0,0.0,0.0,0.0,0.0,0.0,0.0,0.0,0.0,0.0,0.0,0.0,0.04793187099903077,0.0010190446283423363,0.41610672561559486,-0.10810609773400283,-0.0019033302999914247,0.011264116417637278,-0.0002988887450200222,0.006609914169620756,-0.0028243715305078503,0.012454299067368118,-0.1145173307756195,0.00029677663155524344,0.6790817568443137,-0.0006132064243777969,0.5724315963492334,0.6790817568443137,-0.0006132064243777969,0.5724315963492334,0.6790817568443137,-0.0006132064243777969,0.5724315963492334,0.6790817568443137,-0.0006132064243777969,0.5724315963492334,-0.7315171919935745,9.059319488949455,2.4507170451572717,-0.7315171919935745,9.059319488949455,2.4507170451572717,-0.7315171919935745,9.059319488949455,2.4507170451572717,-0.7315171919935745,9.059319488949455,2.4507170451572717,145.50437212029277,143.1270361192739,175.20066999709144,172.4356857567634,0.6790817568443137,-0.0006132064243777969,0.5724315963492334,-0.7315171919935745,9.059319488949455,2.4507170451572717,0.1570981895904115,0.40866889905371706,-0.0014770580498118524,24.504651931811228,4.317466504794282,-0.16965694806514087
1.178,1,1,1,1,-0.0018426182225081997,0.0,0.49999999999999994,-0.02928298000289995,0.0,0.0,0.0,-0.0,0.0,0.0,0.0,0.0,0.3285,0.19164302,-0.012182209999999971,0.3285,-0.19164302,-0.012182209999999971,-0.3285,0.19164302,-0.012182209999999971,-0.3285,-0.19164302,-0.012182209999999971,0.0,0.0,0.0,0.0,0.0,0.0,0.0,0.0,0.0,0.0,0.0,0.0,9.423301693877002,0.4561135379448635,339.8107149681549,9.513848822821467,0.45611353301729524,338.2489136437916,9.423301693640676,0.3009050641010299,278.77291020826965,9.513848822782212,0.30090505660416095,277.2111089602105,0.560857381777492,0.002,0.9304,-0.029282980002903747,0.0,0.0,0.0,-0.0,0.0,0.0,0.0,0.0,0.0,0.0,0.0,0.0,0.0,0.0,0.0,0.0,0.0,0.0,0.0,0.0,0.0,0.0,0.0,0.0,0.0,0.0,0.0,0.0,0.0,0.0,0.0,0.0,0.0,0.0,0.0,0.0,0.0,0.0,0.0,0.0,0.0,0.0458606896994791,0.0009844674700624104,0.4163144210144399,-0.09594474376541129,-0.002019197616886541,0.009940407350472686,-0.00024198821966852821,0.004411107907477119,-0.002846699940586105,0.012423141963979931,-0.09969213170650597,0.00022497338785350086,0.6766280019543105,-0.0006731827237634488,0.5743747215669508,0.6766280019543105,-0.0006731827237634488,0.5743747215669508,0.6766280019543105,-0.0006731827237634488,0.5743747215669508,0.6766280019543105,-0.0006731827237634488,0.5743747215669508,-0.6346567411746908,9.056802219979572,2.1114160159280075,-0.6346567411746908,9.056802219979572,2.1114160159280075,-0.6346567411746908,9.056802219979572,2.1114160159280075,-0.6346567411746908,9.056802219979572,2.1114160159280075,139.07368945595871,136.89008015398272,177.05596822920768,174.4634549493242,0.6766280019543105,-0.0006731827237634488,0.5743747215669508,-0.6346567411746908,9.056802219979572,2.1114160159280075,0.15709189717722088,0.4056593798184551,-0.0014838743459324316,24.50345965619958,3.7175362133847,-0.07546504929542408
1.198,1,1,1,1,-0.0024957466163982004,0.0,0.49999999999999994,-0.03548285702790034,0.0,2.7755575615628914e-14,0.0,-0.0,0.0,0.0,0.0,0.0,0.3285,0.19164302,-0.012182209999999971,0.3285,-0.19164302,-0.012182209999999971,-0.3285,0.19164302,-0.012182209999999971,-0.3285,-0.19164302,-0.012182209999999971,0.0,0.0,0.0,0.0,0.0,0.0,0.0,0.0,0.0,0.0,0.0,0.0,6.671607847521276,0.4658587122607113,341.9664188610347,6.768869509700269,0.46585869861402246,340.546408501717,6.671607845793242,0.29914065836087983,277.1371361525251,6.768869509045923,0.29914065461084927,275.7171258509396,0.560204253383602,0.002,0.9304,-0.03548285702789644,0.0,0.0,0.0,-0.0,0.0,0.0,0.0,0.0,0.0,0.0,0.0,0.0,0.0,0.0,0.0,0.0,0.0,0.0,0.0,0.0,0.0,0.0,0.0,0.0,0.0,0.0,0.0,0.0,0.0,0.0,0.0,0.0,0.0,0.0,0.0,0.0,0.0,0.0,0.0,0.0,0.0,0.04404806503596842,0.0009472909309688198,0.41646576926694356,-0.08232583782562576,-0.002097717371203447,0.006560100622948554,-0.00018172261966530262,0.002560051468793345,-0.0028701656600085123,0.01260822793864337,-0.08048081578346963,0.00016811595767439715,0.67452984885422,-0.0007377681668865172,0.5760986535422638,0.67452984885422,-0.0007377681668865172,0.5760986535422638,0.67452984885422,-0.0007377681668865172,0.5760986535422638,0.67452984885422,-0.0007377681668865172,0.5760986535422638,-0.7111450068485983,9.060114522378356,2.432519768287684,-0.7111450068485983,9.060114522378356,2.432519768287684,-0.7111450068485983,9.060114522378356,2.432519768287684,-0.7111450068485983,9.060114522378356,2.432519768287684,134.64111744493127,132.69521952695598,178.79289746352194,176.43583357198438,0.67452984885422,-0.0007377681668865172,0.5760986535422638,-0.7111450068485983,9.060114522378356,2.432519768287684,0.15709069263571446,0.4033453837291294,-0.0014911552762146146,24.50491450864595,4.318995178789155,-0.16892555254316655
1.218,1,1,1,1,-0.0032775705066882,0.0,0.4999999999999999,-0.042103316652900444,0.0,-2.7755575615628914e-14,0.0,-0.0,0.0,0.0,0.0,0.0,0.3285,0.19164302,-0.012182209999999971,0.3285,-0.19164302,-0.012182209999999971,-0.3285,0.19164302,-0.012182209999999971,-0.3285,-0.19164302,-0.012182209999999971,0.0,0.0,0.0,0.0,0.0,0.0,0.0,0.0,0.0,0.0,0.0,0.0,3.621312691958325,0.4761848070392594,345.06468030632976,3.7266379873187203,0.47618480603695307,343.78333836474656,3.6213126907144235,0.2956447469067386,275.0006956049911,3.7266379858289187,0.2956447434227063,273.71935376086486,0.5594224294933119,0.002,0.9304,-0.04210331665291389,0.0,0.0,0.0,-0.0,0.0,0.0,0.0,0.0,0.0,0.0,0.0,0.0,0.0,0.0,0.0,0.0,0.0,0.0,0.0,0.0,0.0,0.0,0.0,0.0,0.0,0.0,0.0,0.0,0.0,0.0,0.0,0.0,0.0,0.0,0.0,0.0,0.0,0.0,0.0,0.0,0.0,0.042516770579495274,0.0009080130699407933,0.4165360258030551,-0.06796960970883448,-0.0021513707551962715,0.0023970928829359574,-0.00012108484703324588,0.0011144232627247064,-0.0028948434729533052,0.012462041227791062,-0.05966281417331786,0.00010428726624564261,0.6727568983632124,-0.0008061031004970043,0.5775313217433571,0.6727568983632124,-0.0008061031004970043,0.5775313217433571,0.6727568983632124,-0.0008061031004970043,0.5775313217433571,0.6727568983632124,-0.0008061031004970043,0.5775313217433571,-0.6171446371259656,9.056987395135646,2.112228302229679,-0.6171446371259656,9.056987395135646,2.112228302229679,-0.6171446371259656,9.056987395135646,2.112228302229679,-0.6171446371259656,9.056987395135646,2.112228302229679,132.19807005508693,130.44155825140115,180.28258489596675,178.0983422881324,0.6727568983632124,-0.0008061031004970043,0.5775313217433571,-0.6171446371259656,9.056987395135646,2.112228302229679,0.15708882051913708,0.4008458661555445,-0.0015015430945131553,24.50372102818971,3.7724255933849875,-0.08318689501200005
1.238,1,1,1,1,-0.0041960287213782,0.0,0.5,-0.049101536877900386,0.0,2.7755575615628914e-14,0.0,-0.0,0.0,0.0,0.0,0.0,0.3285,0.19164302,-0.012182209999999971,0.3285,-0.19164302,-0.012182209999999971,-0.3285,0.19164302,-0.012182209999999971,-0.3285,-0.19164302,-0.012182209999999971,0.0,0.0,0.0,0.0,0.0,0.0,0.0,0.0,0.0,0.0,0.0,0.0,0.5130331553603359,0.47939736763566754,348.757988930499,0.6246811352895949,0.4793973647142879,347.59875384890057,0.5130331570937545,0.28801949523431963,272.65876500430403,0.6246811357913143,0.2880194984912076,271.49953095910274,0.5585039712786221,0.002,0.9304,-0.04910153687788521,0.0,0.0,0.0,-0.0,0.0,0.0,0.0,0.0,0.0,0.0,0.0,0.0,0.0,0.0,0.0,0.0,0.0,0.0,0.0,0.0,0.0,0.0,0.0,0.0,0.0,0.0,0.0,0.0,0.0,0.0,0.0,0.0,0.0,0.0,0.0,0.0,0.0,0.0,0.0,0.0,0.0,0.04128053749172344,0.0008672618931398793,0.41651907437704744,-0.05286837082167902,-0.0021677927785104223,-0.0017740119423803806,-5.920536575116861e-05,9.489489030478637e-05,-0.002920465657730732,0.012531947838550366,-0.03817420694778018,6.328310312150203e-05,0.6713690556594639,-0.0008774236648501395,0.5785514722043141,0.6713690556594639,-0.0008774236648501395,0.5785514722043141,0.6713690556594639,-0.0008774236648501395,0.5785514722043141,0.6713690556594639,-0.0008774236648501395,0.5785514722043141,-0.6904760701173944,9.059759354535837,2.420400636926452,-0.6904760701173944,9.059759354535837,2.420400636926452,-0.6904760701173944,9.059759354535837,2.420400636926452,-0.6904760701173944,9.059759354535837,2.420400636926452,131.50135113999875,129.96831856866027,181.59665471459928,179.63830281368877,0.6713690556594639,-0.0008774236648501395,0.5785514722043141,-0.6904760701173944,9.059759354535837,2.420400636926452,0.15709010813723961,0.39934149623499415,-0.0015130259190040407,24.505030373595805,4.361910415955252,-0.17481587060935944
1.258,1,1,1,1,-0.005258215528468201,0.0,0.49999999999999994,-0.056435775702900426,0.0,0.0,0.0,-0.0,0.0,0.0,0.0,0.0,0.3285,0.19164302,-0.012182209999999971,0.3285,-0.19164302,-0.012182209999999971,-0.3285,0.19164302,-0.012182209999999971,-0.3285,-0.19164302,-0.012182209999999971,0.0,0.0,0.0,0.0,0.0,0.0,0.0,0.0,0.0,0.0,0.0,0.0,-2.7966696125191652,0.48248815957828284,352.92903534819845,-2.677964548533538,0.48248815440141396,351.8873561359311,-2.7966696143826124,0.27901357197868515,269.6830951588331,-2.6779645510293175,0.27901356866474775,268.6414159708695,0.5574417844715319,0.002,0.9304,-0.05643577570289826,0.0,0.0,0.0,-0.0,0.0,0.0,0.0,0.0,0.0,0.0,0.0,0.0,0.0,0.0,0.0,0.0,0.0,0.0,0.0,0.0,0.0,0.0,0.0,0.0,0.0,0.0,0.0,0.0,0.0,0.0,0.0,0.0,0.0,0.0,0.0,0.0,0.0,0.0,0.0,0.0,0.0,0.04034839467504624,0.0008255689803521815,0.41642747130495605,-0.03769074071256504,-0.002160310210665205,-0.004998471306015742,1.087221170375293e-06,-0.000509119233759403,-0.002946883260459594,0.012291344010856636,-0.01820414070876915,2.5733628382229232e-05,0.6703179646477111,-0.0009506275749847535,0.579189316587209,0.6703179646477111,-0.0009506275749847535,0.579189316587209,0.6703179646477111,-0.0009506275749847535,0.579189316587209,0.6703179646477111,-0.0009506275749847535,0.579189316587209,-0.5946317576762621,9.056562917131801,2.1044745894276873,-0.5946317576762621,9.056562917131801,2.1044745894276873,-0.5946317576762621,9.056562917131801,2.1044745894276873,-0.5946317576762621,9.056562917131801,2.1044745894276873,132.24953360513885,130.8860613923964,182.52686678304147,180.7279075603193,0.6703179646477111,-0.0009506275749847535,0.579189316587209,-0.5946317576762621,9.056562917131801,2.1044745894276873,0.15708892595681395,0.3978640638782118,-0.001527845035873568,24.503754594501302,3.825461284189166,-0.0908678796753577
1.278,1,1,1,1,-0.006470402235958201,0.0,0.49999999999999994,-0.06406537112789998,0.0,0.0,0.0,-0.0,0.0,0.0,0.0,0.0,0.3285,0.19164302,-0.012182209999999971,0.3285,-0.19164302,-0.012182209999999971,-0.3285,0.19164302,-0.012182209999999971,-0.3285,-0.19164302,-0.012182209999999971,0.0,0.0,0.0,0.0,0.0,0.0,0.0,0.0,0.0,0.0,0.0,0.0,-6.074125128591029,0.4782187751637904,357.26464905280056,-5.9504975689618105,0.4782187784155387,356.32310254554466,-6.074125125502605,0.2663063814654871,266.3913410613747,-5.950497568514267,0.2663063813670968,265.4497945814773,0.5562295977640418,0.002,0.9304,-0.06406537112790822,0.0,0.0,0.0,-0.0,0.0,0.0,0.0,0.0,0.0,0.0,0.0,0.0,0.0,0.0,0.0,0.0,0.0,0.0,0.0,0.0,0.0,0.0,0.0,0.0,0.0,0.0,0.0,0.0,0.0,0.0,0.0,0.0,0.0,0.0,0.0,0.0,0.0,0.0,0.0,0.0,0.0,0.03972107899775928,0.0007835575902029314,0.4162839594117921,-0.0223861830896174,-0.00211805220364916,-0.006979894632668732,6.07571492583735e-05,-0.0007313805109336879,-0.002973641466988782,0.012279132523654736,7.626206446918827e-05,1.866867651182575e-05,0.6696466542798455,-0.0010247753548594258,0.5794170911848977,0.6696466542798455,-0.0010247753548594258,0.5794170911848977,0.6696466542798455,-0.0010247753548594258,0.5794170911848977,0.6696466542798455,-0.0010247753548594258,0.5794170911848977,-0.6679288694708413,9.059496191738893,2.4185181965698326,-0.6679288694708413,9.059496191738893,2.4185181965698326,-0.6679288694708413,9.059496191738893,2.4185181965698326,-0.6679288694708413,9.059496191738893,2.4185181965698326,134.03450940915405,132.86896202999748,183.09560984941487,181.5042768907044,0.6696466542798455,-0.0010247753548594258,0.5794170911848977,-0.6679288694708413,9.059496191738893,2.4185181965698326,0.15708908115502596,0.397472750879752,-0.001543509583242314,24.504974780969675,4.421242270528206,-0.18356208912340222
1.298,1,1,1,1,-0.0078380587918482,0.0,0.49999999999999994,-0.07195074115290065,0.0,0.0,0.0,-0.0,0.0,0.0,0.0,0.0,0.3285,0.19164302,-0.012182209999999971,0.3285,-0.19164302,-0.012182209999999971,-0.3285,0.19164302,-0.012182209999999971,-0.3285,-0.19164302,-0.012182209999999971,0.0,0.0,0.0,0.0,0.0,0.0,0.0,0.0,0.0,0.0,0.0,0.0,-9.468537819226432,0.47388466117846023,361.71690659645003,-9.339634433707625,0.4738846580928379,360.87040876559433,-9.468537819282664,0.2529288616235466,262.4037380758868,-9.339634435341608,0.25292885518787683,261.5572402740109,0.5548619412081518,0.002,0.9303999999999999,-0.07195074115290412,0.0,-5.551115123125783e-14,0.0,-0.0,0.0,0.0,0.0,0.0,0.0,0.0,0.0,0.0,0.0,0.0,0.0,0.0,0.0,0.0,0.0,0.0,0.0,0.0,0.0,0.0,0.0,0.0,0.0,0.0,0.0,0.0,0.0,0.0,0.0,0.0,0.0,0.0,0.0,0.0,0.0,0.0,0.0,0.03939552373666982,0.0007417231299287592,0.41611929453288865,-0.007583187208253748,-0.0020555735147599636,-0.007317525486416181,0.00011707751563943256,-0.0006203705283871486,-0.0030004479256909534,0.011961603769660614,0.015319404482363646,2.1620433935391837e-05,0.6692930738313947,-0.0010986806209311792,0.5793393571454707,0.6692930738313947,-0.0010986806209311792,0.5793393571454707,0.6692930738313947,-0.0010986806209311792,0.5793393571454707,0.6692930738313947,-0.0010986806209311792,0.5793393571454707,-0.5673134116373098,9.056485808752017,2.0959868915184146,-0.5673134116373098,9.056485808752017,2.0959868915184146,-0.5673134116373098,9.056485808752017,2.0959868915184146,-0.5673134116373098,9.056485808752017,2.0959868915184146,136.50930384172918,135.4822973209176,183.08791032175213,181.63277879332963,0.6692930738313947,-0.0010986806209311792,0.5793393571454707,-0.5673134116373098,9.056485808752017,2.0959868915184146,0.15708486016392964,0.3970758949352029,-0.0015620853302952958,24.503562720629162,3.863291164448329,-0.09647565192468832
1.318,1,1,1,1,-0.009365875384138198,0.0,0.49999999999999994,-0.08005338377789928,0.0,0.0,0.0,-0.0,0.0,0.0,0.0,0.0,0.3285,0.19164302,-0.012182209999999971,0.3285,-0.19164302,-0.012182209999999971,-0.3285,0.19164302,-0.012182209999999971,-0.3285,-0.19164302,-0.012182209999999971,0.0,0.0,0.0,0.0,0.0,0.0,0.0,0.0,0.0,0.0,0.0,0.0,-12.746335730982132,0.4623375354904017,366.05859176605475,-12.614579692665652,0.4623375370587786,365.2888714542539,-12.74633572987949,0.23649191651011892,258.11498232642026,-12.614579692267574,0.23649191640555015,257.3452620571373,0.5533341246158616,0.002,0.9304,-0.08005338377790883,0.0,0.0,0.0,-0.0,0.0,0.0,0.0,0.0,0.0,0.0,0.0,0.0,0.0,0.0,0.0,0.0,0.0,0.0,0.0,0.0,0.0,0.0,0.0,0.0,0.0,0.0,0.0,0.0,0.0,0.0,0.0,0.0,0.0,0.0,0.0,0.0,0.0,0.0,0.0,0.0,0.0,0.039361369910616256,0.0007006311090074687,0.41596335955470265,0.006826441348383328,-0.0019626286917240714,-0.006260432856992365,0.00017120350929647737,-0.00023110897008926656,-0.0030267484213268438,0.011890403149844688,0.028176218664455233,5.954002177272718e-05,0.6692916563130753,-0.001171403145339111,0.5789758490298242,0.6692916563130753,-0.001171403145339111,0.5789758490298242,0.6692916563130753,-0.001171403145339111,0.5789758490298242,0.6692916563130753,-0.001171403145339111,0.5789758490298242,-0.6424002644951238,9.059801295498549,2.425181002683967,-0.6424002644951238,9.059801295498549,2.425181002683967,-0.6424002644951238,9.059801295498549,2.425181002683967,-0.6424002644951238,9.059801295498549,2.425181002683967,139.3184351280367,138.45614144417917,182.55930848709215,181.28743977967596,0.6692916563130753,-0.001171403145339111,0.5789758490298242,-0.6424002644951238,9.059801295498549,2.425181002683967,0.1570802837175625,0.39768422014200855,-0.0015806644924190177,24.504727256590034,4.473942225666529,-0.19152762230289966
1.338,1,1,1,1,-0.011057784040828203,0.0,0.49999999999999994,-0.088335877002901,0.0,0.0,0.0,-0.0,0.0,0.0,0.0,0.0,0.3285,0.19164302,-0.012182209999999971,0.3285,-0.19164302,-0.012182209999999971,-0.3285,0.19164302,-0.012182209999999971,-0.3285,-0.19164302,-0.012182209999999971,0.0,0.0,0.0,0.0,0.0,0.0,0.0,0.0,0.0,0.0,0.0,0.0,-16.068803499609615,0.4513420242159279,370.33830995208456,-15.933974281062728,0.4513420356468118,369.639892561523,-16.068803500896088,0.22022853609790202,253.20239572161987,-15.933974281892276,0.22022853298402775,252.50397819918837,0.5516422159591716,0.002,0.9304,-0.0883358770028958,0.0,0.0,0.0,-0.0,0.0,0.0,0.0,0.0,0.0,0.0,0.0,0.0,0.0,0.0,0.0,0.0,0.0,0.0,0.0,0.0,0.0,0.0,0.0,0.0,0.0,0.0,0.0,0.0,0.0,0.0,0.0,0.0,0.0,0.0,0.0,0.0,0.0,0.0,0.0,0.0,0.0,0.03960557912617778,0.0006606991121981329,0.4158442466473005,0.02024759779300115,-0.001854928010826601,-0.003858917324786911,0.00022048769298873465,0.00038133264829642854,-0.0030522085508157006,0.011510930789014068,0.037938582222162676,0.0001087459096988479,0.6695709744197319,-0.0012418252507933813,0.578457195337111,0.6695709744197319,-0.0012418252507933813,0.578457195337111,0.6695709744197319,-0.0012418252507933813,0.578457195337111,0.6695709744197319,-0.0012418252507933813,0.578457195337111,-0.5372259701427587,9.056932250887163,2.09212943822979,-0.5372259701427587,9.056932250887163,2.09212943822979,-0.5372259701427587,9.056932250887163,2.09212943822979,-0.5372259701427587,9.056932250887163,2.09212943822979,142.23644940463802,141.4751311572983,181.34771120844312,180.18287653307823,0.6695709744197319,-0.0012418252507933813,0.578457195337111,-0.5372259701427587,9.056932250887163,2.09212943822979,0.1570695025503362,0.3981097113874763,-0.0016013850710459437,24.503170893418705,3.8837867299056885,-0.09957655653262876
1.358,1,1,1,1,-0.012916980229918197,0.0,0.49999999999999994,-0.09676187882789923,0.0,0.0,0.0,-0.0,0.0,0.0,0.0,0.0,0.3285,0.19164302,-0.012182209999999971,0.3285,-0.19164302,-0.012182209999999971,-0.3285,0.19164302,-0.012182209999999971,-0.3285,-0.19164302,-0.012182209999999971,0.0,0.0,0.0,0.0,0.0,0.0,0.0,0.0,0.0,0.0,0.0,0.0,-19.2001433189248,0.43360892391474937,374.40831690594547,-19.064777353496204,0.4336089186156149,373.7620178250271,-19.20014331828532,0.20157532702962655,248.13938151016828,-19.06477735138588,0.20157533034177677,247.49308230661327,0.5497830197700817,0.002,0.9304,-0.0967618788279001,0.0,0.0,0.0,-0.0,0.0,0.0,0.0,0.0,0.0,0.0,0.0,0.0,0.0,0.0,0.0,0.0,0.0,0.0,0.0,0.0,0.0,0.0,0.0,0.0,0.0,0.0,0.0,0.0,0.0,0.0,0.0,0.0,0.0,0.0,0.0,0.0,0.0,0.0,0.0,0.0,0.0,0.04010878425583367,0.0006224096282622533,0.41578145168145575,0.03285078036595837,-0.001722227196510764,-0.0007020072896524156,0.0002663246449074381,0.0011668364482426696,-0.003076270884890358,0.011395610018826276,0.04578159566665192,0.00019285635517282085,0.6701616837798842,-0.0013091387486695795,0.5778027370760902,0.6701616837798842,-0.0013091387486695795,0.5778027370760902,0.6701616837798842,-0.0013091387486695795,0.5778027370760902,0.6701616837798842,-0.0013091387486695795,0.5778027370760902,-0.6145268270798379,9.060451095216495,2.435583262639656,-0.6145268270798379,9.060451095216495,2.435583262639656,-0.6145268270798379,9.060451095216495,2.435583262639656,-0.6145268270798379,9.060451095216495,2.435583262639656,145.06496383283113,144.4305850063802,179.58727351210487,178.57699276509894,0.6701616837798842,-0.0013091387486695795,0.5778027370760902,-0.6145268270798379,9.060451095216495,2.435583262639656,0.1570568958174805,0.39937759742580026,-0.0016210502635057578,24.504289556353942,4.507484081883543,-0.19661362385074987
1.3780000000000001,1,1,1,1,-0.0149459444594082,0.0,0.49999999999999994,-0.10529612725290044,0.0,0.0,0.0,-0.0,0.0,0.0,0.0,0.0,0.3285,0.19164302,-0.012182209999999971,0.3285,-0.19164302,-0.012182209999999971,-0.3285,0.19164302,-0.012182209999999971,-0.3285,-0.19164302,-0.012182209999999971,0.0,0.0,0.0,0.0,0.0,0.0,0.0,0.0,0.0,0.0,0.0,0.0,-22.31468099724701,0.41731099943095756,378.38878667192637,-22.17847492177486,0.4173109940308148,377.7887685990658,-22.314680997457728,0.18383732540503442,242.64045907736187,-22.178474922695766,0.1838373254524045,242.04043983287673,0.5477540555405916,0.002,0.9304,-0.1052961272528935,0.0,-5.551115123125783e-14,0.0,-0.0,0.0,0.0,0.0,0.0,0.0,0.0,0.0,0.0,0.0,0.0,0.0,0.0,0.0,0.0,0.0,0.0,0.0,0.0,0.0,0.0,0.0,0.0,0.0,0.0,0.0,0.0,0.0,0.0,0.0,0.0,0.0,0.0,0.0,0.0,0.0,0.0,0.0,0.040850014745155455,0.0005860885342962113,0.41578784075476427,0.04407717040365254,-0.0015809880043034393,0.0029786577041507885,0.0003061779018524145,0.00208295437761441,-0.0030986499672680523,0.010969884121287965,0.051266170344380434,0.0002844996988640057,0.6709858384577032,-0.0013723950745509561,0.5771290508957453,0.6709858384577032,-0.0013723950745509561,0.5771290508957453,0.6709858384577032,-0.0013723950745509561,0.5771290508957453,0.6709858384577032,-0.0013723950745509561,0.5771290508957453,-0.5074980892866899,9.057512462602459,2.0941948682238767,-0.5074980892866899,9.057512462602459,2.0941948682238767,-0.5074980892866899,9.057512462602459,2.0941948682238767,-0.5074980892866899,9.057512462602459,2.0941948682238767,147.74402893226437,147.1701676564095,177.18850475880907,176.25290350914239,0.6709858384577032,-0.0013723950745509561,0.5771290508957453,-0.5074980892866899,9.057512462602459,2.0941948682238767,0.15703657646984712,0.4002594156014978,-0.0016420118075889667,24.502620748912875,3.8920223784195804,-0.10079453048338571
1.3980000000000001,1,1,1,1,-0.017146463877298204,0.0,0.49999999999999994,-0.11390444027790068,0.0,0.0,0.0,-0.0,0.0,0.0,0.0,0.0,0.3285,0.19164302,-0.012182209999999971,0.3285,-0.19164302,-0.012182209999999971,-0.3285,0.19164302,-0.012182209999999971,-0.3285,-0.19164302,-0.012182209999999971,0.0,0.0,0.0,0.0,0.0,0.0,0.0,0.0,0.0,0.0,0.0,0.0,-25.176787263423318,0.3949680933725419,382.17424798089934,-25.04220316669289,0.39496808338910844,381.6007338636119,-25.17678726381002,0.1642745810253182,237.22228325157053,-25.042203165761233,0.16427459231865912,236.64876906669727,0.5455535361227017,0.002,0.9304,-0.1139044402778816,0.0,-5.551115123125783e-14,0.0,-0.0,0.0,0.0,0.0,0.0,0.0,0.0,0.0,0.0,0.0,0.0,0.0,0.0,0.0,0.0,0.0,0.0,0.0,0.0,0.0,0.0,0.0,0.0,0.0,0.0,0.0,0.0,0.0,0.0,0.0,0.0,0.0,0.0,0.0,0.0,0.0,0.0,0.0,0.041802869818978024,0.0005521292698759615,0.4158655590661891,0.05415781663187141,-0.0014206916513314178,0.0065383655677367135,0.0003416892548095741,0.0030961853558448826,-0.0031188674372239376,0.010822693914493982,0.05571346439243158,0.000406795732018411,0.6720711938494149,-0.0014309897937131103,0.5764265131417914,0.6720711938494149,-0.0014309897937131103,0.5764265131417914,0.6720711938494149,-0.0014309897937131103,0.5764265131417914,0.6720711938494149,-0.0014309897937131103,0.5764265131417914,-0.5866447793239407,9.060895534202716,2.444913067592432,-0.5866447793239407,9.060895534202716,2.444913067592432,-0.5866447793239407,9.060895534202716,2.444913067592432,-0.5866447793239407,9.060895534202716,2.444913067592432,150.22487589457808,149.73797541292026,174.36241632443102,173.54955064775305,0.6720711938494149,-0.0014309897937131103,0.5764265131417914,-0.5866447793239407,9.060895534202716,2.444913067592432,0.15701331674254823,0.40182470571042295,-0.001660923467667691,24.503692103020427,4.520779964238411,-0.19849104549262186
1.418,1,1,1,1,-0.0195196538715882,0.0,0.5,-0.1225537159028952,0.0,2.7755575615628914e-14,0.0,-0.0,0.0,0.0,0.0,0.0,0.3285,0.19164302,-0.012182209999999971,0.3285,-0.19164302,-0.012182209999999971,-0.3285,0.19164302,-0.012182209999999971,-0.3285,-0.19164302,-0.012182209999999971,0.0,0.0,0.0,0.0,0.0,0.0,0.0,0.0,0.0,0.0,0.0,0.0,-27.972095336568895,0.37499351588103724,385.9117939992924,-27.83859037259662,0.37499352409457914,385.3588941331023,-27.972095336106342,0.14614976957082249,231.6052580066581,-27.838590371316908,0.1461497695710201,231.0523581049363,0.5431803461284117,0.002,0.9304000000000001,-0.12255371590288999,0.0,5.551115123125783e-14,0.0,-0.0,0.0,0.0,0.0,0.0,0.0,0.0,0.0,0.0,0.0,0.0,0.0,0.0,0.0,0.0,0.0,0.0,0.0,0.0,0.0,0.0,0.0,0.0,0.0,0.0,0.0,0.0,0.0,0.0,0.0,0.0,0.0,0.0,0.0,0.0,0.0,0.0,0.0,0.042940377402060186,0.0005207661232656833,0.4160106334721999,0.06258056196967057,-0.001258033564386713,0.009818338821646544,0.0003704894012933693,0.004181408887258042,-0.003136753052684592,0.01036910463230228,0.05863751901861097,0.000529442242333379,0.6733346140191604,-0.0014841925665670175,0.5757796024027413,0.6733346140191604,-0.0014841925665670175,0.5757796024027413,0.6733346140191604,-0.0014841925665670175,0.5757796024027413,0.6733346140191604,-0.0014841925665670175,0.5757796024027413,-0.481324729687366,9.057676644789062,2.1002621792819736,-0.481324729687366,9.057676644789062,2.1002621792819736,-0.481324729687366,9.057676644789062,2.1002621792819736,-0.481324729687366,9.057676644789062,2.1002621792819736,152.5660029154754,152.0987891436984,171.0748912565125,170.30290948322795,0.6733346140191604,-0.0014841925665670175,0.5757796024027413,-0.481324729687366,9.057676644789062,2.1002621792819736,0.1569813513266407,0.40285582409231124,-0.0016803749470386958,24.501963021922375,3.8949073526528535,-0.10106205903693954
1.438,1,1,1,1,-0.0220659796702782,0.0,0.49999999999999994,-0.13121193212790178,0.0,0.0,0.0,-0.0,0.0,0.0,0.0,0.0,0.3285,0.19164302,-0.012182209999999971,0.3285,-0.19164302,-0.012182209999999971,-0.3285,0.19164302,-0.012182209999999971,-0.3285,-0.19164302,-0.012182209999999971,0.0,0.0,0.0,0.0,0.0,0.0,0.0,0.0,0.0,0.0,0.0,0.0,-30.47048937962267,0.3497884321281307,389.4992534385153,-30.3403009496308,0.3497884443047794,388.9473550891344,-30.470489381523592,0.12662962178125053,226.30368388781812,-30.34030094767235,0.1266296261438474,225.7517854621153,0.5406340203297216,0.002,0.9304,-0.13121193212789484,0.0,0.0,0.0,-0.0,0.0,0.0,0.0,0.0,0.0,0.0,0.0,0.0,0.0,0.0,0.0,0.0,0.0,0.0,0.0,0.0,0.0,0.0,0.0,0.0,0.0,0.0,0.0,0.0,0.0,0.0,0.0,0.0,0.0,0.0,0.0,0.0,0.0,0.0,0.0,0.0,0.0,0.04423112468581766,0.0004923031575541712,0.4162108193114697,0.06963508085932031,-0.0010822092823147523,0.012326855100833695,0.00039444476476925214,0.005320603465924556,-0.003151963240261389,0.010204095980256223,0.061231623972580446,0.0006759120508475646,0.6747998667233411,-0.0015316301383304861,0.575145139100751,0.6747998667233411,-0.0015316301383304861,0.575145139100751,0.6747998667233411,-0.0015316301383304861,0.575145139100751,0.6747998667233411,-0.0015316301383304861,0.575145139100751,-0.5618618532468711,9.06065132831554,2.450354727018589,-0.5618618532468711,9.06065132831554,2.450354727018589,-0.5618618532468711,9.06065132831554,2.450354727018589,-0.5618618532468711,9.06065132831554,2.450354727018589,154.7986143999063,154.37815848025502,167.58080660629736,166.8977784933189,0.6747998667233411,-0.0015316301383304861,0.575145139100751,-0.5618618532468711,9.06065132831554,2.450354727018589,0.1569457885953905,0.40446378723000564,-0.001697001326788336,24.50298840611009,4.520034509370937,-0.19802177925899223
1.458,1,1,1,1,-0.024785277941368197,0.0,0.5,-0.13984814695289574,0.0,2.7755575615628914e-14,0.0,-0.0,0.0,0.0,0.0,0.0,0.3285,0.19164302,-0.012182209999999971,0.3285,-0.19164302,-0.012182209999999971,-0.3285,0.19164302,-0.012182209999999971,-0.3285,-0.19164302,-0.012182209999999971,0.0,0.0,0.0,0.0,0.0,0.0,0.0,0.0,0.0,0.0,0.0,0.0,-32.866896125601315,0.3278348407100262,393.0736754813141,-32.73915206589418,0.32783484048587963,392.5174735147145,-32.866896124709086,0.10886595378478976,221.0172129491311,-32.73915206614669,0.10886596095468554,220.46101081202679,0.5379147220586317,0.002,0.9304,-0.13984814695290615,0.0,0.0,0.0,-0.0,0.0,0.0,0.0,0.0,0.0,0.0,0.0,0.0,0.0,0.0,0.0,0.0,0.0,0.0,0.0,0.0,0.0,0.0,0.0,0.0,0.0,0.0,0.0,0.0,0.0,0.0,0.0,0.0,0.0,0.0,0.0,0.0,0.0,0.0,0.0,0.0,0.0,0.04564425174230626,0.0004668842748289244,0.4164515404685308,0.07486998671345167,-0.0009097070645909323,0.014111589920774088,0.00041139605407663257,0.006500605075892452,-0.003164477823595074,0.009743198606883767,0.06280659278456915,0.000814247891489201,0.6763796383748705,-0.0015728077225118646,0.5745786219676862,0.6763796383748705,-0.0015728077225118646,0.5745786219676862,0.6763796383748705,-0.0015728077225118646,0.5745786219676862,0.6763796383748705,-0.0015728077225118646,0.5745786219676862,-0.4611636667554954,9.057052067771677,2.1071715172231,-0.4611636667554954,9.057052067771677,2.1071715172231,-0.4611636667554954,9.057052067771677,2.1071715172231,-0.4611636667554954,9.057052067771677,2.1071715172231,157.0185583464049,156.57840941083325,163.8662767784594,163.19001526073853,0.6763796383748705,-0.0015728077225118646,0.5745786219676862,-0.4611636667554954,9.057052067771677,2.1071715172231,0.15690111330024864,0.40546958866172855,-0.001713588464417215,24.50125100701762,3.897277948682879,-0.10106309700612037
1.478,1,1,1,1,-0.027676778392858203,0.0,0.5,-0.14843249837790012,0.0,0.0,0.0,-0.0,0.0,0.0,0.0,0.0,0.3285,0.19164302,-0.012182209999999971,0.3285,-0.19164302,-0.012182209999999971,-0.3285,0.19164302,-0.012182209999999971,-0.3285,-0.19164302,-0.012182209999999971,0.0,0.0,0.0,0.0,0.0,0.0,0.0,0.0,0.0,0.0,0.0,0.0,-34.9419973953612,0.30150971174205776,396.5134684401245,-34.818627729577244,0.30150971815678185,395.9344715653164,-34.94199739495999,0.09003906905592123,216.22406221722932,-34.818627727087616,0.09003906905639385,215.64506491987123,0.5350232216071416,0.002,0.9304,-0.14843249837791228,0.0,0.0,0.0,-0.0,0.0,0.0,0.0,0.0,0.0,0.0,0.0,0.0,0.0,0.0,0.0,0.0,0.0,0.0,0.0,0.0,0.0,0.0,0.0,0.0,0.0,0.0,0.0,0.0,0.0,0.0,0.0,0.0,0.0,0.0,0.0,0.0,0.0,0.0,0.0,0.0,0.0,0.04714566636308561,0.000444721638492315,0.41671435591800654,0.07863479288650009,-0.0007295353546843306,0.014904401200797182,0.00042339509830907856,0.007711011778674948,-0.003174110350492576,0.009577400034369589,0.06432805217316037,0.0009690167390958097,0.678093224702385,-0.001607587727282724,0.5740153750523048,0.678093224702385,-0.001607587727282724,0.5740153750523048,0.678093224702385,-0.001607587727282724,0.5740153750523048,0.678093224702385,-0.001607587727282724,0.5740153750523048,-0.5429429202603725,9.05953087006533,2.4515471755170104,-0.5429429202603725,9.05953087006533,2.4515471755170104,-0.5429429202603725,9.05953087006533,2.4515471755170104,-0.5429429202603725,9.05953087006533,2.4515471755170104,159.25980668954867,158.8279161341407,160.18961349090014,159.5679136418801,0.678093224702385,-0.001607587727282724,0.5740153750523048,-0.5429429202603725,9.05953087006533,2.4515471755170104,0.15685266651241495,0.4070045262440858,-0.0017268596247630164,24.502242257721946,4.513257982981612,-0.19642837714630268
1.498,1,1,1,1,-0.030739125372748196,0.0,0.5,-0.156936204402899,0.0,2.7755575615628914e-14,0.0,-0.0,0.0,0.0,0.0,0.0,0.3285,0.19164302,-0.012182209999999971,0.3285,-0.19164302,-0.012182209999999971,-0.3285,0.19164302,-0.012182209999999971,-0.3285,-0.19164302,-0.012182209999999971,0.0,0.0,0.0,0.0,0.0,0.0,0.0,0.0,0.0,0.0,0.0,0.0,-36.898757417990694,0.27924789588746074,399.9297024887771,-36.77853114286454,0.27924789260480243,399.323977291714,-36.8987574185443,0.07316543383186869,211.5901727310826,-36.77853114205772,0.0731654338429671,210.9844466216938,0.5319608746272517,0.002,0.9304,-0.15693620440287992,0.0,0.0,0.0,-0.0,0.0,0.0,0.0,0.0,0.0,0.0,0.0,0.0,0.0,0.0,0.0,0.0,0.0,0.0,0.0,0.0,0.0,0.0,0.0,0.0,0.0,0.0,0.0,0.0,0.0,0.0,0.0,0.0,0.0,0.0,0.0,0.0,0.0,0.0,0.0,0.0,0.0,0.04870311131675271,0.00042586627983889414,0.4169828282639724,0.08055013281541762,-0.0005577147555195042,0.014958799923506091,0.0004285008464968154,0.008941944753391384,-0.003180992788840516,0.009129694012274885,0.06490926591318301,0.0011077067637264297,0.6798509822571026,-0.0016357109876531024,0.5734966952485561,0.6798509822571026,-0.0016357109876531024,0.5734966952485561,0.6798509822571026,-0.0016357109876531024,0.5734966952485561,0.6798509822571026,-0.0016357109876531024,0.5734966952485561,-0.4483358208640459,9.055588860905807,2.112312397856543,-0.4483358208640459,9.055588860905807,2.112312397856543,-0.4483358208640459,9.055588860905807,2.112312397856543,-0.4483358208640459,9.055588860905807,2.112312397856543,161.58836048338253,161.10040605005574,156.52377246427835,155.87538929092653,0.6798509822571026,-0.0016357109876531024,0.5734966952485561,-0.4483358208640459,9.055588860905807,2.112312397856543,0.15679523104038887,0.4079303697337344,-0.0017397402823096375,24.50053499762735,3.900482870429204,-0.10101839823562209
1.518,1,1,1,1,-0.033970399469038196,0.0,0.49999999999999994,-0.16533156302789634,0.0,0.0,0.0,-0.0,0.0,0.0,0.0,0.0,0.3285,0.19164302,-0.012182209999999971,0.3285,-0.19164302,-0.012182209999999971,-0.3285,0.19164302,-0.012182209999999971,-0.3285,-0.19164302,-0.012182209999999971,0.0,0.0,0.0,0.0,0.0,0.0,0.0,0.0,0.0,0.0,0.0,0.0,-38.53132258805284,0.2534471044851304,403.1789812528717,-38.41585219947234,0.2534471129810753,402.53003081713183,-38.531322588686926,0.055516868642867125,207.54530317980985,-38.41585220110459,0.05551686854103481,206.8963508137931,0.5287296005309617,0.002,0.9304,-0.1653315630278998,0.0,0.0,0.0,-0.0,0.0,0.0,0.0,0.0,0.0,0.0,0.0,0.0,0.0,0.0,0.0,0.0,0.0,0.0,0.0,0.0,0.0,0.0,0.0,0.0,0.0,0.0,0.0,0.0,0.0,0.0,0.0,0.0,0.0,0.0,0.0,0.0,0.0,0.0,0.0,0.0,0.0,0.05028248502463326,0.0004104337686620815,0.41724050126067763,0.08102668136048741,-0.000383143379099696,0.014182282199938305,0.0004289095233931542,0.010182564717703846,-0.0031850849706943113,0.008981609333020784,0.06533843493985322,0.001256521417383617,0.6816692546220038,-0.0016572676473153249,0.5729535119486744,0.6816692546220038,-0.0016572676473153249,0.5729535119486744,0.6816692546220038,-0.0016572676473153249,0.5729535119486744,0.6816692546220038,-0.0016572676473153249,0.5729535119486744,-0.5315370531689526,9.057670500232437,2.4498625508388803,-0.5315370531689526,9.057670500232437,2.4498625508388803,-0.5315370531689526,9.057670500232437,2.4498625508388803,-0.5315370531689526,9.057670500232437,2.4498625508388803,163.99268728788394,163.4781200962721,153.10079285863242,152.4735976141881,0.6816692546220038,-0.0016572676473153249,0.5729535119486744,-0.5315370531689526,9.057670500232437,2.4498625508388803,0.1567342799390365,0.4093757171215546,-0.0017491073648029098,24.501514380575603,4.5062149994806,-0.19464868713765782
1.538,1,1,1,1,-0.037368139109728214,0.0,0.49999999999999994,-0.17359195225290572,0.0,0.0,0.0,-0.0,0.0,0.0,0.0,0.0,0.3285,0.19164302,-0.012182209999999971,0.3285,-0.19164302,-0.012182209999999971,-0.3285,0.19164302,-0.012182209999999971,-0.3285,-0.19164302,-0.012182209999999971,0.0,0.0,0.0,0.0,0.0,0.0,0.0,0.0,0.0,0.0,0.0,0.0,-40.04993587898934,0.2324505087983379,406.35093458003564,-39.93764817836584,0.23245050812326062,405.6569226821758,-40.049935878291734,0.03997589127073894,203.72263428321887,-39.9376481771294,0.039975885254608955,203.02861932209663,0.5253318608902716,0.002,0.9304,-0.17359195225290225,0.0,0.0,0.0,-0.0,0.0,0.0,0.0,0.0,0.0,0.0,0.0,0.0,0.0,0.0,0.0,0.0,0.0,0.0,0.0,0.0,0.0,0.0,0.0,0.0,0.0,0.0,0.0,0.0,0.0,0.0,0.0,0.0,0.0,0.0,0.0,0.0,0.0,0.0,0.0,0.0,0.0,0.05185287166707375,0.0003983784782510041,0.4174758062707432,0.07975851170817455,-0.00022129721947942237,0.012947744476536419,0.000422872864849002,0.011419887333229628,-0.0031866454268689153,0.008565122690148481,0.0646358864149302,0.001382943649502046,0.6834589799268062,-0.0016722210898781691,0.5724284739970029,0.6834589799268062,-0.0016722210898781691,0.5724284739970029,0.6834589799268062,-0.0016722210898781691,0.5724284739970029,0.6834589799268062,-0.0016722210898781691,0.5724284739970029,-0.44301878710952247,9.053523536537552,2.1145327700762375,-0.44301878710952247,9.053523536537552,2.1145327700762375,-0.44301878710952247,9.053523536537552,2.1145327700762375,-0.44301878710952247,9.053523536537552,2.1145327700762375,166.48020321371627,165.87768524639762,149.86071049357676,149.17522648346588,0.6834589799268062,-0.0016722210898781691,0.5724284739970029,-0.44301878710952247,9.053523536537552,2.1145327700762375,0.15666486522517603,0.41022863417351796,-0.001757977558037055,24.499858557293297,3.9031034108817546,-0.10076962674133583
1.558,1,1,1,1,-0.040929362162818214,0.0,0.49999999999999994,-0.1816918300779069,0.0,0.0,0.0,-0.0,0.0,0.0,0.0,0.0,0.3285,0.19164302,-0.012182209999999971,0.3285,-0.19164302,-0.012182209999999971,-0.3285,0.19164302,-0.012182209999999971,-0.3285,-0.19164302,-0.012182209999999971,0.0,0.0,0.0,0.0,0.0,0.0,0.0,0.0,0.0,0.0,0.0,0.0,-41.26132512412048,0.20865336522234174,409.2921786718874,-41.1535621608587,0.20865335377775746,408.5392155642866,-41.26132512485846,0.023934841780388304,200.5098068173576,-41.15356215890749,0.023934841765180348,199.75683857578406,0.5217706378371817,0.002,0.9304,-0.18169183007789996,0.0,0.0,0.0,-0.0,0.0,0.0,0.0,0.0,0.0,0.0,0.0,0.0,0.0,0.0,0.0,0.0,0.0,0.0,0.0,0.0,0.0,0.0,0.0,0.0,0.0,0.0,0.0,0.0,0.0,0.0,0.0,0.0,0.0,0.0,0.0,0.0,0.0,0.0,0.0,0.0,0.0,0.0533828860053476,0.00038971678709468025,0.4176790410362741,0.07721374530049506,-6.095271352347544e-05,0.011234565417584328,0.0004126989236830673,0.012638543818793035,-0.003185744613693934,0.008452114454162019,0.06353542551389148,0.0015151367185626912,0.6852368734478002,-0.0016808699950314652,0.5718607902417854,0.6852368734478002,-0.0016808699950314652,0.5718607902417854,0.6852368734478002,-0.0016808699950314652,0.5718607902417854,0.6852368734478002,-0.0016808699950314652,0.5718607902417854,-0.5279447867654479,9.055417652161971,2.4472206455984824,-0.5279447867654479,9.055417652161971,2.4472206455984824,-0.5279447867654479,9.055417652161971,2.4472206455984824,-0.5279447867654479,9.055417652161971,2.4472206455984824,168.98597915467343,168.32736163238593,146.99764381470519,146.30276487983397,0.6852368734478002,-0.0016808699950314652,0.5718607902417854,-0.5279447867654479,9.055417652161971,2.4472206455984824,0.15659252578359384,0.41160139927530626,-0.0017633966540049617,24.500853482489063,4.5009322163544345,-0.19306853243521793
1.578,1,1,1,1,-0.04465058753630819,0.0,0.49999999999999994,-0.18960673450289095,0.0,0.0,0.0,-0.0,0.0,0.0,0.0,0.0,0.3285,0.19164302,-0.012182209999999971,0.3285,-0.19164302,-0.012182209999999971,-0.3285,0.19164302,-0.012182209999999971,-0.3285,-0.19164302,-0.012182209999999971,0.0,0.0,0.0,0.0,0.0,0.0,0.0,0.0,0.0,0.0,0.0,0.0,-42.382145695108484,0.19031927015586936,412.0868168365982,-42.27703858228933,0.19031925461975346,411.27568941401057,-42.38214569448526,0.010153533539513723,197.5166087659777,-42.27703858444902,0.0101535302522162,196.7054746198037,0.5180494124636917,0.002,0.9304,-0.18960673450289095,0.0,0.0,0.0,-0.0,0.0,0.0,0.0,0.0,0.0,0.0,0.0,0.0,0.0,0.0,0.0,0.0,0.0,0.0,0.0,0.0,0.0,0.0,0.0,0.0,0.0,0.0,0.0,0.0,0.0,0.0,0.0,0.0,0.0,0.0,0.0,0.0,0.0,0.0,0.0,0.0,0.0,0.0548455562955793,0.0003843060789869921,0.41784613270710474,0.0731491573119484,8.292036247749753e-05,0.00943011606249345,0.00039678717466195526,0.013820853274041145,-0.0031827256580954253,0.00808080413849508,0.061085445446538156,0.0016205773005750442,0.6869178224307676,-0.0016833736694220518,0.5713035495809714,0.6869178224307676,-0.0016833736694220518,0.5713035495809714,0.6869178224307676,-0.0016833736694220518,0.5713035495809714,0.6869178224307676,-0.0016833736694220518,0.5713035495809714,-0.4445142577288017,9.051237556468356,2.114114206966302,-0.4445142577288017,9.051237556468356,2.114114206966302,-0.4445142577288017,9.051237556468356,2.114114206966302,-0.4445142577288017,9.051237556468356,2.114114206966302,171.46842171356815,170.69580263968282,144.41481753507486,143.63331362328336,0.6869178224307676,-0.0016833736694220518,0.5713035495809714,-0.4445142577288017,9.051237556468356,2.114114206966302,0.15651251237472735,0.41238985489519875,-0.001768431586574734,24.499256897842166,3.902721504616493,-0.10001513312151822
1.598,1,1,1,1,-0.04852785677819819,0.0,0.49999999999999994,-0.19731328352789665,0.0,0.0,0.0,-0.0,0.0,0.0,0.0,0.0,0.3285,0.19164302,-0.012182209999999971,0.3285,-0.19164302,-0.012182209999999971,-0.3285,0.19164302,-0.012182209999999971,-0.3285,-0.19164302,-0.012182209999999971,0.0,0.0,0.0,0.0,0.0,0.0,0.0,0.0,0.0,0.0,0.0,0.0,-43.228087706264674,0.16977466863447793,414.5874513742714,-43.12678691547329,0.16977466614049563,413.7071906665209,-43.228087703103554,-0.0038662053865155138,195.10433120068052,-43.1267869155082,-0.0038662153737248394,194.22406094465322,0.5141721432218017,0.002,0.9304,-0.19731328352790012,0.0,0.0,0.0,-0.0,0.0,0.0,0.0,0.0,0.0,0.0,0.0,0.0,0.0,0.0,0.0,0.0,0.0,0.0,0.0,0.0,0.0,0.0,0.0,0.0,0.0,0.0,0.0,0.0,0.0,0.0,0.0,0.0,0.0,0.0,0.0,0.0,0.0,0.0,0.0,0.0,0.0,0.056214572758540006,0.0003820669749759358,0.41797471104856454,0.06807954735756185,0.00022176680565350618,0.007489903407607318,0.00037753507183268284,0.014947670455306206,-0.0031777231460722857,0.008016736404607552,0.05807970696147632,0.0017295126793634061,0.6885228521627383,-0.001680208209788936,0.5707083334405713,0.6885228521627383,-0.001680208209788936,0.5707083334405713,0.6885228521627383,-0.001680208209788936,0.5707083334405713,0.6885228521627383,-0.001680208209788936,0.5707083334405713,-0.5313478835550995,9.053168317945923,2.4450985943707018,-0.5313478835550995,9.053168317945923,2.4450985943707018,-0.5313478835550995,9.053168317945923,2.4450985943707018,-0.5313478835550995,9.053168317945923,2.4450985943707018,173.83187630732797,172.98042364944175,142.27228266732305,141.45528516174164,0.6885228521627383,-0.001680208209788936,0.5707083334405713,-0.5313478835550995,9.053168317945923,2.4450985943707018,0.15643040288738236,0.41368879986066487,-0.0017702710388269732,24.500293205048884,4.496434306415363,-0.19160137393966536
1.618,1,1,1,1,-0.052556755676488195,0.0,0.49999999999999994,-0.20478917515290643,0.0,-2.7755575615628914e-14,0.0,-0.0,0.0,0.0,0.0,0.0,0.3285,0.19164302,-0.012182209999999971,0.3285,-0.19164302,-0.012182209999999971,-0.3285,0.19164302,-0.012182209999999971,-0.3285,-0.19164302,-0.012182209999999971,0.0,0.0,0.0,0.0,0.0,0.0,0.0,0.0,0.0,0.0,0.0,0.0,-44.02089898592495,0.15524192906777876,416.88903013724496,-43.921303298647786,0.15524192703729686,415.94332097900025,-44.0208989897556,-0.01547570569249401,192.87031022696425,-43.92130330191002,-0.015475712494977121,191.92459027706846,0.5101432443235117,0.002,0.9304,-0.20478917515290296,0.0,0.0,0.0,-0.0,0.0,0.0,0.0,0.0,0.0,0.0,0.0,0.0,0.0,0.0,0.0,0.0,0.0,0.0,0.0,0.0,0.0,0.0,0.0,0.0,0.0,0.0,0.0,0.0,0.0,0.0,0.0,0.0,0.0,0.0,0.0,0.0,0.0,0.0,0.0,0.0,0.0,0.05746896055982927,0.00038276622382732,0.4180670825052402,0.06180497246742336,0.000341056653663301,0.0057432133500185676,0.00035344049425672344,0.015999274999989987,-0.0031711201882057855,0.007699923091360694,0.053670947539958144,0.0018091083300924337,0.6899737385241473,-0.0016716901774395147,0.5701394250034717,0.6899737385241473,-0.0016716901774395147,0.5701394250034717,0.6899737385241473,-0.0016716901774395147,0.5701394250034717,0.6899737385241473,-0.0016716901774395147,0.5701394250034717,-0.4516172240989959,9.049100820499179,2.112162395870295,-0.4516172240989959,9.049100820499179,2.112162395870295,-0.4516172240989959,9.049100820499179,2.112162395870295,-0.4516172240989959,9.049100820499179,2.112162395870295,176.0169319063347,175.03235083233005,140.44356302481214,139.51639385756647,0.6899737385241473,-0.0016716901774395147,0.5701394250034717,-0.4516172240989959,9.049100820499179,2.112162395870295,0.15634157296134238,0.4143889170963102,-0.0017719919143115992,24.49875670970757,3.8975932998611453,-0.09853927809425045
1.6380000000000001,1,1,1,1,-0.0567324358591782,0.0,0.49999999999999994,-0.2120131873779088,0.0,0.0,0.0,-0.0,0.0,0.0,0.0,0.0,0.3285,0.19164302,-0.012182209999999971,0.3285,-0.19164302,-0.012182209999999971,-0.3285,0.19164302,-0.012182209999999971,-0.3285,-0.19164302,-0.012182209999999971,0.0,0.0,0.0,0.0,0.0,0.0,0.0,0.0,0.0,0.0,0.0,0.0,-44.5806132009333,0.1389097563780828,418.8617207536088,-44.48376748810332,0.13890975284139773,417.8425698547206,-44.58061320110122,-0.02709374320932827,191.1651144625619,-44.48376748773772,-0.027093739796712143,190.14595005172538,0.5059675641408216,0.002,0.9304,-0.21201318737791575,0.0,0.0,0.0,-0.0,0.0,0.0,0.0,0.0,0.0,0.0,0.0,0.0,0.0,0.0,0.0,0.0,0.0,0.0,0.0,0.0,0.0,0.0,0.0,0.0,0.0,0.0,0.0,0.0,0.0,0.0,0.0,0.0,0.0,0.0,0.0,0.0,0.0,0.0,0.0,0.0,0.0,0.05858913929825495,0.0003862395124201333,0.41812583984593327,0.0548709191979388,0.00045260054394134243,0.004071005809252243,0.0003269726016159255,0.016956700865393914,-0.00316307225064648,0.007693778727551583,0.048769104073720794,0.0018916438193820758,0.6912990722746731,-0.0016584324283926812,0.569557316807586,0.6912990722746731,-0.0016584324283926812,0.569557316807586,0.6912990722746731,-0.0016584324283926812,0.569557316807586,0.6912990722746731,-0.0016584324283926812,0.569557316807586,-0.5402721246550489,9.051234177486538,2.4440858513255783,-0.5402721246550489,9.051234177486538,2.4440858513255783,-0.5402721246550489,9.051234177486538,2.4440858513255783,-0.5402721246550489,9.051234177486538,2.4440858513255783,177.930497337303,176.85194425411774,139.0661278555352,138.0832495091272,0.6912990722746731,-0.0016584324283926812,0.569557316807586,-0.5402721246550489,9.051234177486538,2.4440858513255783,0.15625163562717956,0.4155754406840062,-0.001770881790691764,24.4998535282685,4.490573917726538,-0.18995215588466863
1.6580000000000001,1,1,1,1,-0.061049636394268206,0.0,0.49999999999999994,-0.2189651782028984,0.0,0.0,0.0,-0.0,0.0,0.0,0.0,0.0,0.3285,0.19164302,-0.012182209999999971,0.3285,-0.19164302,-0.012182209999999971,-0.3285,0.19164302,-0.012182209999999971,-0.3285,-0.19164302,-0.012182209999999971,0.0,0.0,0.0,0.0,0.0,0.0,0.0,0.0,0.0,0.0,0.0,0.0,-45.132319639541606,0.12899309726455063,420.62067869886437,-45.035961659737836,0.128993098202246,419.53469443524074,-45.13231963761787,-0.03617396661794727,189.58152262268788,-45.03596165904043,-0.03617397016123961,188.49552475133848,0.5016503636057316,0.002,0.9304,-0.2189651782028984,0.0,0.0,0.0,-0.0,0.0,0.0,0.0,0.0,0.0,0.0,0.0,0.0,0.0,0.0,0.0,0.0,0.0,0.0,0.0,0.0,0.0,0.0,0.0,0.0,0.0,0.0,0.0,0.0,0.0,0.0,0.0,0.0,0.0,0.0,0.0,0.0,0.0,0.0,0.0,0.0,0.0,0.05956138343636199,0.0003921765291672982,0.41815659641853303,0.04709855950463824,0.0005422743694203859,0.002722548485458868,0.00029668351701045426,0.01780277257552343,-0.00315396618043697,0.0074363160593349095,0.04264211903302717,0.0019436616426112352,0.6924293735723261,-0.0016408630878318167,0.5690323044937037,0.6924293735723261,-0.0016408630878318167,0.5690323044937037,0.6924293735723261,-0.0016408630878318167,0.5690323044937037,0.6924293735723261,-0.0016408630878318167,0.5690323044937037,-0.46293365328324815,9.047366203230528,2.109875919664002,-0.46293365328324815,9.047366203230528,2.109875919664002,-0.46293365328324815,9.047366203230528,2.109875919664002,-0.46293365328324815,9.047366203230528,2.109875919664002,179.527698518917,178.3045038387947,137.99458159105447,136.88413192740182,0.6924293735723261,-0.0016408630878318167,0.5690323044937037,-0.46293365328324815,9.047366203230528,2.109875919664002,0.15615603663103828,0.41613019044083854,-0.001769986778252089,24.498376476223417,3.88752115880349,-0.09633520233705539
1.678,1,1,1,1,-0.0655027053897582,0.0,0.49999999999999994,-0.2256260856279002,0.0,2.7755575615628914e-14,0.0,-0.0,0.0,0.0,0.0,0.0,0.3285,0.19164302,-0.012182209999999971,0.3285,-0.19164302,-0.012182209999999971,-0.3285,0.19164302,-0.012182209999999971,-0.3285,-0.19164302,-0.012182209999999971,0.0,0.0,0.0,0.0,0.0,0.0,0.0,0.0,0.0,0.0,0.0,0.0,-45.49636704818853,0.11750240571055189,422.05692315601055,-45.40151244233817,0.11750238926903897,420.8989391336401,-45.496367047799716,-0.04508768898795734,188.46930387864307,-45.401512441196815,-0.045087685480521354,187.31130447327757,0.4971972946102416,0.002,0.9304,-0.22562608562789327,0.0,5.551115123125783e-14,0.0,-0.0,0.0,0.0,0.0,0.0,0.0,0.0,0.0,0.0,0.0,0.0,0.0,0.0,0.0,0.0,0.0,0.0,0.0,0.0,0.0,0.0,0.0,0.0,0.0,0.0,0.0,0.0,0.0,0.0,0.0,0.0,0.0,0.0,0.0,0.0,0.0,0.0,0.0,0.060373658524397876,0.00040034529248772347,0.41816360932962515,0.039046117482110336,0.0006223884594258217,0.0015027889530768736,0.00026509383586268516,0.018523277609733046,-0.0031439472894380597,0.007491889357080277,0.036306854109591224,0.001999259455915723,0.6934025804154854,-0.0016196867246594312,0.5685267213389766,0.6934025804154854,-0.0016196867246594312,0.5685267213389766,0.6934025804154854,-0.0016196867246594312,0.5685267213389766,0.6934025804154854,-0.0016196867246594312,0.5685267213389766,-0.5530399941601682,9.049781484956704,2.4439781796131883,-0.5530399941601682,9.049781484956704,2.4439781796131883,-0.5530399941601682,9.049781484956704,2.4439781796131883,-0.5530399941601682,9.049781484956704,2.4439781796131883,180.74408157168426,179.41966789995934,137.3551100717203,136.1755723089097,0.6934025804154854,-0.0016196867246594312,0.5685267213389766,-0.5530399941601682,9.049781484956704,2.4439781796131883,0.15606042065702627,0.4171396532425289,-0.001766655572726844,24.49954402549351,4.481759787152049,-0.18788286524487496
1.698,1,1,1,1,-0.07008562159364821,0.0,0.49999999999999994,-0.2319779276529002,0.0,0.0,0.0,-0.0,0.0,0.0,0.0,0.0,0.3285,0.19164302,-0.012182209999999971,0.3285,-0.19164302,-0.012182209999999971,-0.3285,0.19164302,-0.012182209999999971,-0.3285,-0.19164302,-0.012182209999999971,0.0,0.0,0.0,0.0,0.0,0.0,0.0,0.0,0.0,0.0,0.0,0.0,-45.89920113242485,0.11265579542868387,423.3060717863231,-45.803500612665566,0.11265579979038906,422.08542086147963,-45.89920113656391,-0.05138421982543337,187.42027378325363,-45.80350061269342,-0.05138421981697454,186.19960872908285,0.4926143784063516,0.002,0.9304,-0.23197792765290715,0.0,0.0,0.0,-0.0,0.0,0.0,0.0,0.0,0.0,0.0,0.0,0.0,0.0,0.0,0.0,0.0,0.0,0.0,0.0,0.0,0.0,0.0,0.0,0.0,0.0,0.0,0.0,0.0,0.0,0.0,0.0,0.0,0.0,0.0,0.0,0.0,0.0,0.0,0.0,0.0,0.0,0.06101990642035292,0.0004103778645476991,0.4181527168946915,0.030535666496403522,0.0006792375361535611,0.0005996561505441833,0.00023077362012914582,0.01910761466875921,-0.003133383190429837,0.007294659164053356,0.029106215670514874,0.0020242361166879974,0.6941585248375285,-0.0015953964607174815,0.5681099002196782,0.6941585248375285,-0.0015953964607174815,0.5681099002196782,0.6941585248375285,-0.0015953964607174815,0.5681099002196782,0.6941585248375285,-0.0015953964607174815,0.5681099002196782,-0.47707039770983645,9.046139421825318,2.1080406735253967,-0.47707039770983645,9.046139421825318,2.1080406735253967,-0.47707039770983645,9.046139421825318,2.1080406735253967,-0.47707039770983645,9.046139421825318,2.1080406735253967,181.56894519780994,180.09620282983852,136.99219774563772,135.67477627583716,0.6941585248375285,-0.0015953964607174815,0.5681099002196782,-0.47707039770983645,9.046139421825318,2.1080406735253967,0.1559602712734223,0.4174805706665017,-0.0017638674044557767,24.49812668277901,3.873806044772374,-0.09360181531906875
1.718,1,1,1,1,-0.0747920159939382,0.0,0.49999999999999994,-0.2380038022779113,0.0,0.0,0.0,-0.0,0.0,0.0,0.0,0.0,0.3285,0.19164302,-0.012182209999999971,0.3285,-0.19164302,-0.012182209999999971,-0.3285,0.19164302,-0.012182209999999971,-0.3285,-0.19164302,-0.012182209999999971,0.0,0.0,0.0,0.0,0.0,0.0,0.0,0.0,0.0,0.0,0.0,0.0,-46.15881839672332,0.10628393127261641,424.2757311219556,-46.06331808472455,0.10628393138389935,422.98976238676903,-46.1588183934145,-0.0574132381091616,186.78682093017693,-46.06331808111371,-0.05741324138922215,185.50083760594362,0.4879079840060616,0.002,0.9303999999999999,-0.2380038022779113,0.0,-5.551115123125783e-14,0.0,-0.0,0.0,0.0,0.0,0.0,0.0,0.0,0.0,0.0,0.0,0.0,0.0,0.0,0.0,0.0,0.0,0.0,0.0,0.0,0.0,0.0,0.0,0.0,0.0,0.0,0.0,0.0,0.0,0.0,0.0,0.0,0.0,0.0,0.0,0.0,0.0,0.0,0.0,0.061495675018827516,0.0004219963352428809,0.4181272743151995,0.022120971206923645,0.0007257115073052698,-0.00022825252254947176,0.00019626786312948062,0.019549418383672634,-0.003122392191640386,0.007411059016650022,0.022112147642648475,0.0020541482235041934,0.6947446895186727,-0.0015687442857414153,0.5677394979496077,0.6947446895186727,-0.0015687442857414153,0.5677394979496077,0.6947446895186727,-0.0015687442857414153,0.5677394979496077,0.6947446895186727,-0.0015687442857414153,0.5677394979496077,-0.5680635181490894,9.048840927474675,2.444174119643153,-0.5680635181490894,9.048840927474675,2.444174119643153,-0.5680635181490894,9.048840927474675,2.444174119643153,-0.5680635181490894,9.048840927474675,2.444174119643153,181.97669231783485,180.40317523632473,137.02750894002318,135.6348883800451,0.6947446895186727,-0.0015687442857414153,0.5677394979496077,-0.5680635181490894,9.048840927474675,2.444174119643153,0.1558612464047438,0.4182490268197243,-0.0017590143643798767,24.49936681587603,4.469852563093941,-0.1853614043117151
1.738,1,1,1,1,-0.07961519341862819,0.0,0.49999999999999994,-0.24368788750289694,0.0,0.0,0.0,-0.0,0.0,0.0,0.0,0.0,0.3285,0.19164302,-0.012182209999999971,0.3285,-0.19164302,-0.012182209999999971,-0.3285,0.19164302,-0.012182209999999971,-0.3285,-0.19164302,-0.012182209999999971,0.0,0.0,0.0,0.0,0.0,0.0,0.0,0.0,0.0,0.0,0.0,0.0,-46.50100221967488,0.10659320492856976,425.1154002808468,-46.40333837079205,0.10659319367999397,423.7757847979293,-46.501002219369525,-0.060812816594519224,186.16031136966308,-46.403338369932825,-0.06081281338174068,184.8206834920097,0.48308480658137165,0.002,0.9304,-0.24368788750288306,0.0,0.0,0.0,-0.0,0.0,0.0,0.0,0.0,0.0,0.0,0.0,0.0,0.0,0.0,0.0,0.0,0.0,0.0,0.0,0.0,0.0,0.0,0.0,0.0,0.0,0.0,0.0,0.0,0.0,0.0,0.0,0.0,0.0,0.0,0.0,0.0,0.0,0.0,0.0,0.0,0.0,0.06180227477597814,0.00043479836534234803,0.4180914877496036,0.013608914545341442,0.0007485609250896971,-0.0008182014190986518,0.00016013470063814465,0.01984659741077177,-0.003111311896198573,0.007271528172527227,0.014682014165236892,0.0020541667130127804,0.695109689561664,-0.0015402452725766628,0.5674786344875892,0.695109689561664,-0.0015402452725766628,0.5674786344875892,0.695109689561664,-0.0015402452725766628,0.5674786344875892,0.695109689561664,-0.0015402452725766628,0.5674786344875892,-0.4927056531684334,9.04540935877276,2.1068783965249014,-0.4927056531684334,9.04540935877276,2.1068783965249014,-0.4927056531684334,9.04540935877276,2.1068783965249014,-0.4927056531684334,9.04540935877276,2.1068783965249014,181.99396760973192,180.27597093038668,137.30002741029804,135.76665030092406,0.695109689561664,-0.0015402452725766628,0.5674786344875892,-0.4927056531684334,9.04540935877276,2.1068783965249014,0.15575884908956214,0.4183235088795325,-0.0017549836088605053,24.498009894436933,3.858594249691065,-0.09065605267919707
1.758,1,1,1,1,-0.0845481541357182,0.0,0.49999999999999994,-0.24901544132790304,0.0,0.0,0.0,-0.0,0.0,0.0,0.0,0.0,0.3285,0.19164302,-0.012182209999999971,0.3285,-0.19164302,-0.012182209999999971,-0.3285,0.19164302,-0.012182209999999971,-0.3285,-0.19164302,-0.012182209999999971,0.0,0.0,0.0,0.0,0.0,0.0,0.0,0.0,0.0,0.0,0.0,0.0,-46.740018843572116,0.10526470005250849,425.7409349372201,-46.641311635771366,0.10526469859346657,424.3470940302294,-46.74001884282907,-0.0639302102009895,185.89497538140975,-46.641311635051785,-0.0639302069861536,184.50112270410176,0.47815184586428155,0.002,0.9304,-0.24901544132790304,0.0,0.0,0.0,-0.0,0.0,0.0,0.0,0.0,0.0,0.0,0.0,0.0,0.0,0.0,0.0,0.0,0.0,0.0,0.0,0.0,0.0,0.0,0.0,0.0,0.0,0.0,0.0,0.0,0.0,0.0,0.0,0.0,0.0,0.0,0.0,0.0,0.0,0.0,0.0,0.0,0.0,0.06194224555644613,0.0004484842724674095,0.4180467256001913,0.005534068542300634,0.0007612629739984549,-0.0014211945319453842,0.00012491060038932007,0.020001347888415122,-0.0031002276151628344,0.007444110487576702,0.007881321411155174,0.002060844962663352,0.6953095484720186,-0.0015106583579971478,0.5672768730709987,0.6953095484720186,-0.0015106583579971478,0.5672768730709987,0.6953095484720186,-0.0015106583579971478,0.5672768730709987,0.6953095484720186,-0.0015106583579971478,0.5672768730709987,-0.5839548036473499,9.048358519775629,2.4440948308345765,-0.5839548036473499,9.048358519775629,2.4440948308345765,-0.5839548036473499,9.048358519775629,2.4440948308345765,-0.5839548036473499,9.048358519775629,2.4440948308345765,181.62921873105805,179.8179528714069,137.92872359089142,136.3211983861745,0.6953095484720186,-0.0015106583579971478,0.5672768730709987,-0.5839548036473499,9.048358519775629,2.4440948308345765,0.15565871486196306,0.4188129794945865,-0.0017492128351166147,24.499318263299582,4.456114119998369,-0.1825676382046062
1.778,1,1,1,1,-0.08958361545320818,0.0,0.4999999999999999,-0.2539728017528914,0.0,-2.7755575615628914e-14,0.0,-0.0,0.0,0.0,0.0,0.0,0.3285,0.19164302,-0.012182209999999971,0.3285,-0.19164302,-0.012182209999999971,-0.3285,0.19164302,-0.012182209999999971,-0.3285,-0.19164302,-0.012182209999999971,0.0,0.0,0.0,0.0,0.0,0.0,0.0,0.0,0.0,0.0,0.0,0.0,-47.09910550188447,0.11046360589800447,426.3065070745652,-46.99704349745064,0.11046360327356677,424.87192665216617,-47.09910549995802,-0.06448215965123841,185.58120389959888,-46.99704349629179,-0.06448215965687537,184.14661422577788,0.4731163845467915,0.002,0.9304,-0.25397280175290526,0.0,0.0,0.0,-0.0,0.0,0.0,0.0,0.0,0.0,0.0,0.0,0.0,0.0,0.0,0.0,0.0,0.0,0.0,0.0,0.0,0.0,0.0,0.0,0.0,0.0,0.0,0.0,0.0,0.0,0.0,0.0,0.0,0.0,0.0,0.0,0.0,0.0,0.0,0.0,0.0,0.0,0.06192342052442951,0.00046264219688222036,0.41799520808174023,-0.0023235656037280494,0.000751047735000941,-0.001867545982096941,8.911604038117451e-05,0.020019659112398225,-0.0030894439528156006,0.007356866787217319,0.0010300324049656111,0.0020390052864601832,0.6953004141227482,-0.0014804827120548454,0.5671892341632292,0.6953004141227482,-0.0014804827120548454,0.5671892341632292,0.6953004141227482,-0.0014804827120548454,0.5671892341632292,0.6953004141227482,-0.0014804827120548454,0.5671892341632292,-0.5085969759283003,9.045104063719927,2.1061844130891436,-0.5085969759283003,9.045104063719927,2.1061844130891436,-0.5085969759283003,9.045104063719927,2.1061844130891436,-0.5085969759283003,9.045104063719927,2.1061844130891436,180.93725090418448,178.99211959935306,138.74822476941597,137.0042229683348,0.6953004141227482,-0.0014804827120548454,0.5671892341632292,-0.5085969759283003,9.045104063719927,2.1061844130891436,0.15555635097108705,0.41860325993708436,-0.0017444854544895888,24.498020999100053,3.8440758847283023,-0.087822470247648
1.798,1,1,1,1,-0.09471403331909824,0.0,0.49999999999999994,-0.2585473867779062,0.0,0.0,0.0,-0.0,0.0,0.0,0.0,0.0,0.3285,0.19164302,-0.012182209999999971,0.3285,-0.19164302,-0.012182209999999971,-0.3285,0.19164302,-0.012182209999999971,-0.3285,-0.19164302,-0.012182209999999971,0.0,0.0,0.0,0.0,0.0,0.0,0.0,0.0,0.0,0.0,0.0,0.0,-47.388201202745286,0.11376816434525791,426.7277038763529,-47.28400979760502,0.11376816134370829,425.2533364712129,-47.38820120116775,-0.06482798268753497,185.57320963453066,-47.284009797645844,-0.06482797969707209,184.0988341078567,0.4679859666809014,0.002,0.9304,-0.2585473867779027,0.0,0.0,0.0,-0.0,0.0,0.0,0.0,0.0,0.0,0.0,0.0,0.0,0.0,0.0,0.0,0.0,0.0,0.0,0.0,0.0,0.0,0.0,0.0,0.0,0.0,0.0,0.0,0.0,0.0,0.0,0.0,0.0,0.0,0.0,0.0,0.0,0.0,0.0,0.0,0.0,0.0,0.06175427966568965,0.0004769753278882738,0.41793658268492534,-0.009459902019968689,0.0007319211041343507,-0.0023917874148770605,5.5244794154763735e-05,0.019910897977150954,-0.003079012837104625,0.007578260283690228,-0.004857934434638277,0.002025702824064033,0.6951451904470279,-0.0014504484844304185,0.5671573088368091,0.6951451904470279,-0.0014504484844304185,0.5671573088368091,0.6951451904470279,-0.0014504484844304185,0.5671573088368091,0.6951451904470279,-0.0014504484844304185,0.5671573088368091,-0.5995202398328211,9.048251392437152,2.4434430869805883,-0.5995202398328211,9.048251392437152,2.4434430869805883,-0.5995202398328211,9.048251392437152,2.4434430869805883,-0.5995202398328211,9.048251392437152,2.4434430869805883,179.94709050985523,177.9222565587093,139.87374529224826,138.06320029989183,0.6951451904470279,-0.0014504484844304185,0.5671573088368091,-0.5995202398328211,9.048251392437152,2.4434430869805883,0.15545732599095052,0.4188147162076481,-0.0017382970834457917,24.49938955565255,4.442542315611477,-0.1798010113891273
1.818,1,1,1,1,-0.09993162392138821,0.0,0.49999999999999994,-0.2627276944028867,0.0,0.0,0.0,-0.0,0.0,0.0,0.0,0.0,0.3285,0.19164302,-0.012182209999999971,0.3285,-0.19164302,-0.012182209999999971,-0.3285,0.19164302,-0.012182209999999971,-0.3285,-0.19164302,-0.012182209999999971,0.0,0.0,0.0,0.0,0.0,0.0,0.0,0.0,0.0,0.0,0.0,0.0,-47.82641836915194,0.1232743286346778,427.15535950105254,-47.71789500846775,0.1232743386915229,425.65590514818075,-47.82641837040262,-0.0627475041434429,185.46043454167076,-47.71789500672407,-0.06274750411572098,183.96097425942637,0.4627683760786115,0.002,0.9304,-0.2627276944028901,0.0,0.0,0.0,-0.0,0.0,0.0,0.0,0.0,0.0,0.0,0.0,0.0,0.0,0.0,0.0,0.0,0.0,0.0,0.0,0.0,0.0,0.0,0.0,0.0,0.0,0.0,0.0,0.0,0.0,0.0,0.0,0.0,0.0,0.0,0.0,0.0,0.0,0.0,0.0,0.0,0.0,0.061447944738904255,0.0004910867287000948,0.41787179845831396,-0.016129631733273992,0.0006915734010854438,-0.0028008273352616744,2.1756784121610253e-05,0.01968703011752293,-0.0030692060235576104,0.007535544133997313,-0.010527246728084666,0.001985739194906782,0.6948059356671956,-0.00142100620193963,0.5672292359971227,0.6948059356671956,-0.00142100620193963,0.5672292359971227,0.6948059356671956,-0.00142100620193963,0.5672292359971227,0.6948059356671956,-0.00142100620193963,0.5672292359971227,-0.5235871256434288,9.045140042501282,2.1055942098989506,-0.5235871256434288,9.045140042501282,2.1055942098989506,-0.5235871256434288,9.045140042501282,2.1055942098989506,-0.5235871256434288,9.045140042501282,2.1055942098989506,178.7274805519404,176.58497442253335,141.13523756800208,139.19878650231465,0.6948059356671956,-0.00142100620193963,0.5672292359971227,-0.5235871256434288,9.045140042501282,2.1055942098989506,0.15535713252068475,0.4183425231282607,-0.0017333274479507388,24.498147899307817,3.831894525414458,-0.08535000262890868
1.838,1,1,1,1,-0.10522838528807822,0.0,0.49999999999999994,-0.26650330262791705,0.0,0.0,0.0,-0.0,0.0,0.0,0.0,0.0,0.3285,0.19164302,-0.012182209999999971,0.3285,-0.19164302,-0.012182209999999971,-0.3285,0.19164302,-0.012182209999999971,-0.3285,-0.19164302,-0.012182209999999971,0.0,0.0,0.0,0.0,0.0,0.0,0.0,0.0,0.0,0.0,0.0,0.0,-48.21906398695734,0.13050584353570666,427.4987744253762,-48.10756134667475,0.13050584202954746,425.97612049640776,-48.21906399182688,-0.06062301187096653,185.59639785524908,-48.107561346364655,-0.06062301457626747,184.07373911488637,0.4574716147119215,0.002,0.9304,-0.26650330262791705,0.0,0.0,0.0,-0.0,0.0,0.0,0.0,0.0,0.0,0.0,0.0,0.0,0.0,0.0,0.0,0.0,0.0,0.0,0.0,0.0,0.0,0.0,0.0,0.0,0.0,0.0,0.0,0.0,0.0,0.0,0.0,0.0,0.0,0.0,0.0,0.0,0.0,0.0,0.0,0.0,0.0,0.061017465030208655,0.0005047056819698248,0.41779976790758233,-0.021866538833971882,0.0006444351572072045,-0.003304088727139893,-8.926843256227461e-06,0.019362050734071712,-0.0030600429713850113,0.007796553806431314,-0.015033374482798179,0.001956221758410542,0.6943505603374547,-0.0013928262632600648,0.5673411844817012,0.6943505603374547,-0.0013928262632600648,0.5673411844817012,0.6943505603374547,-0.0013928262632600648,0.5673411844817012,0.6943505603374547,-0.0013928262632600648,0.5673411844817012,-0.6137252315957467,9.04844419509672,2.4422539051642684,-0.6137252315957467,9.04844419509672,2.4422539051642684,-0.6137252315957467,9.04844419509672,2.4422539051642684,-0.6137252315957467,9.04844419509672,2.4422539051642684,177.31324042060385,175.10935417937148,142.64277673102504,140.65290928710516,0.6943505603374547,-0.0013928262632600648,0.5673411844817012,-0.6137252315957467,9.04844419509672,2.4422539051642684,0.1552612306910885,0.4183142833292752,-0.0017271405932298145,24.499566825385106,4.43106791398778,-0.17736038171825363
1.858,1,1,1,1,-0.11059611888716815,0.0,0.49999999999999994,-0.26986486945287935,0.0,0.0,0.0,-0.0,0.0,0.0,0.0,0.0,0.3285,0.19164302,-0.012182209999999971,0.3285,-0.19164302,-0.012182209999999971,-0.3285,0.19164302,-0.012182209999999971,-0.3285,-0.19164302,-0.012182209999999971,0.0,0.0,0.0,0.0,0.0,0.0,0.0,0.0,0.0,0.0,0.0,0.0,-48.78002771556695,0.14347553070039162,427.90074404289953,-48.66349499597852,0.14347553784157013,426.37018552110186,-48.780027714939855,-0.056275576896271426,185.57080491689348,-48.66349499676745,-0.05627557955251671,184.04024310090077,0.45210388111283156,0.002,0.9304,-0.26986486945287935,0.0,0.0,0.0,-0.0,0.0,0.0,0.0,0.0,0.0,0.0,0.0,0.0,0.0,0.0,0.0,0.0,0.0,0.0,0.0,0.0,0.0,0.0,0.0,0.0,0.0,0.0,0.0,0.0,0.0,0.0,0.0,0.0,0.0,0.0,0.0,0.0,0.0,0.0,0.0,0.0,0.0,0.06047976327537672,0.0005174721348388371,0.4177212426803899,-0.02696451326005169,0.0005785844509508481,-0.003685312487193907,-3.8426692984552596e-05,0.01895118497482695,-0.003051762891295001,0.007788817252871537,-0.019187179641845062,0.0019022151244311423,0.6937452641362528,-0.001366282682369084,0.5675373475415855,0.6937452641362528,-0.001366282682369084,0.5675373475415855,0.6937452641362528,-0.001366282682369084,0.5675373475415855,0.6937452641362528,-0.001366282682369084,0.5675373475415855,-0.5366413840493681,9.045448013822778,2.104823518192185,-0.5366413840493681,9.045448013822778,2.104823518192185,-0.5366413840493681,9.045448013822778,2.104823518192185,-0.5366413840493681,9.045448013822778,2.104823518192185,175.7742838259348,173.47300833050866,144.22174851819267,142.12154391230325,0.6937452641362528,-0.001366282682369084,0.5675373475415855,-0.5366413840493681,9.045448013822778,2.104823518192185,0.1551650750368034,0.41763289472893805,-0.001722320284744422,24.498372718571638,3.8229181030652803,-0.08337766084631149
1.8780000000000001,1,1,1,1,-0.11602645122665818,0.0,0.49999999999999994,-0.2728041328778977,0.0,0.0,0.0,-0.0,0.0,0.0,0.0,0.0,0.3285,0.19164302,-0.012182209999999971,0.3285,-0.19164302,-0.012182209999999971,-0.3285,0.19164302,-0.012182209999999971,-0.3285,-0.19164302,-0.012182209999999971,0.0,0.0,0.0,0.0,0.0,0.0,0.0,0.0,0.0,0.0,0.0,0.0,-49.30974842532546,0.15369354023137125,428.26164599795544,-49.18968010957181,0.15369353552437237,426.7253995662501,-49.309748423259954,-0.05211809337745085,185.73778109441963,-49.18968010957707,-0.05211809329462137,184.20153216427815,0.4466735487733415,0.002,0.9304,-0.27280413287790806,0.0,0.0,0.0,-0.0,0.0,0.0,0.0,0.0,0.0,0.0,0.0,0.0,0.0,0.0,0.0,0.0,0.0,0.0,0.0,0.0,0.0,0.0,0.0,0.0,0.0,0.0,0.0,0.0,0.0,0.0,0.0,0.0,0.0,0.0,0.0,0.0,0.0,0.0,0.0,0.0,0.0,0.05985089340753546,0.0005291613911453113,0.41763541188149567,-0.030998617079674703,0.0005087510701623318,-0.00413487710418659,-6.441609377130721e-05,0.01847039562082542,-0.0030443528520807525,0.008079127081439591,-0.022107355663072446,0.0018605317170055577,0.6930611226644986,-0.001341960243216763,0.5677517836632042,0.6930611226644986,-0.001341960243216763,0.5677517836632042,0.6930611226644986,-0.001341960243216763,0.5677517836632042,0.6930611226644986,-0.001341960243216763,0.5677517836632042,-0.6256871403882573,9.048879712569438,2.4407924297752452,-0.6256871403882573,9.048879712569438,2.4407924297752452,-0.6256871403882573,9.048879712569438,2.4407924297752452,-0.6256871403882573,9.048879712569438,2.4407924297752452,174.14024851235038,171.799151833494,145.97716664219456,143.84085292349414,0.6930611226644986,-0.001341960243216763,0.5677517836632042,-0.6256871403882573,9.048879712569438,2.4407924297752452,0.15507398816427126,0.4174287022730201,-0.0017164998795389241,24.499831454694018,4.422982660487623,-0.1754537825271072
1.8980000000000001,1,1,1,1,-0.12151085545454822,0.0,0.49999999999999994,-0.2753139109029079,0.0,0.0,0.0,-0.0,0.0,0.0,0.0,0.0,0.3285,0.19164302,-0.012182209999999971,0.3285,-0.19164302,-0.012182209999999971,-0.3285,0.19164302,-0.012182209999999971,-0.3285,-0.19164302,-0.012182209999999971,0.0,0.0,0.0,0.0,0.0,0.0,0.0,0.0,0.0,0.0,0.0,0.0,-50.01640710110924,0.16909410691059493,428.71504560549556,-49.890931591806826,0.1690941047875633,427.1884110365259,-50.016407101703635,-0.045986144583370546,185.68947493191595,-49.8909315936735,-0.045986149400080514,184.1628387612567,0.44118914454545144,0.002,0.9304,-0.2753139109029079,0.0,0.0,0.0,-0.0,0.0,0.0,0.0,0.0,0.0,0.0,0.0,0.0,0.0,0.0,0.0,0.0,0.0,0.0,0.0,0.0,0.0,0.0,0.0,0.0,0.0,0.0,0.0,0.0,0.0,0.0,0.0,0.0,0.0,0.0,0.0,0.0,0.0,0.0,0.0,0.0,0.0,0.059149961811270045,0.0005394679565027477,0.41754366180093355,-0.03430348408361654,0.00042328449690019564,-0.0044242373517926585,-8.861218654669526e-05,0.017935735056014757,-0.0030380189907514388,0.008095632687450552,-0.02465600962253837,0.001796693414574938,0.6922666793105168,-0.0013201339471117898,0.5680278312283906,0.6922666793105168,-0.0013201339471117898,0.5680278312283906,0.6922666793105168,-0.0013201339471117898,0.5680278312283906,0.6922666793105168,-0.0013201339471117898,0.5680278312283906,-0.5469159576175608,9.045975072036658,2.1037920788803492,-0.5469159576175608,9.045975072036658,2.1037920788803492,-0.5469159576175608,9.045975072036658,2.1037920788803492,-0.5469159576175608,9.045975072036658,2.1037920788803492,172.4744131518343,170.058650347776,147.73138881199867,145.50376618934334,0.6922666793105168,-0.0013201339471117898,0.5680278312283906,-0.5469159576175608,9.045975072036658,2.1037920788803492,0.15498336166845128,0.41660847884520114,-0.0017121788256598547,24.498673368835767,3.8173256748573268,-0.08194407765719802
1.9180000000000001,1,1,1,1,-0.12704067295883817,0.0,0.49999999999999994,-0.27738810152788673,0.0,0.0,0.0,-0.0,0.0,0.0,0.0,0.0,0.3285,0.19164302,-0.012182209999999971,0.3285,-0.19164302,-0.012182209999999971,-0.3285,0.19164302,-0.012182209999999971,-0.3285,-0.19164302,-0.012182209999999971,0.0,0.0,0.0,0.0,0.0,0.0,0.0,0.0,0.0,0.0,0.0,0.0,-50.69544625263818,0.18120456165127197,429.1525450532843,-50.56620674630598,0.18120456271336796,427.6374953071204,-50.69544625376736,-0.040327653685396155,185.78341945693495,-50.566206749053556,-0.04032765130148891,184.26836852662302,0.4356593270411615,0.002,0.9304,-0.2773881015278971,0.0,0.0,0.0,-0.0,0.0,0.0,0.0,0.0,0.0,0.0,0.0,0.0,0.0,0.0,0.0,0.0,0.0,0.0,0.0,0.0,0.0,0.0,0.0,0.0,0.0,0.0,0.0,0.0,0.0,0.0,0.0,0.0,0.0,0.0,0.0,0.0,0.0,0.0,0.0,0.0,0.0,0.05839439175556578,0.0005482282292917357,0.4174460370488692,-0.03649514747577647,0.00033708637096021876,-0.0047378500340976605,-0.00010879521919361407,0.017363044124221183,-0.003032715022596451,0.00840434390569845,-0.025996249559028184,0.0017469907795138466,0.6914344537645501,-0.001301283142086882,0.5683001479206922,0.6914344537645501,-0.001301283142086882,0.5683001479206922,0.6914344537645501,-0.001301283142086882,0.5683001479206922,0.6914344537645501,-0.001301283142086882,0.5683001479206922,-0.634709757688737,9.049511001371965,2.4393949392576415,-0.634709757688737,9.049511001371965,2.4393949392576415,-0.634709757688737,9.049511001371965,2.4393949392576415,-0.634709757688737,9.049511001371965,2.4393949392576415,170.79588139203412,168.36347601865577,149.58643571390172,147.34267858730124,0.6914344537645501,-0.001301283142086882,0.5683001479206922,-0.634709757688737,9.049511001371965,2.4393949392576415,0.15489836753605232,0.41630209353762093,-0.0017070493922618224,24.500160904680172,4.418745077352005,-0.17416351893937154
1.938,1,1,1,1,-0.1326071349675282,0.0,0.49999999999999994,-0.2790216827529002,0.0,0.0,0.0,-0.0,0.0,0.0,0.0,0.0,0.3285,0.19164302,-0.012182209999999971,0.3285,-0.19164302,-0.012182209999999971,-0.3285,0.19164302,-0.012182209999999971,-0.3285,-0.19164302,-0.012182209999999971,0.0,0.0,0.0,0.0,0.0,0.0,0.0,0.0,0.0,0.0,0.0,0.0,-51.549494048335866,0.19789995208083017,429.6997014338309,-51.414810204418,0.19789995319894188,428.2110118407148,-51.549494049296605,-0.03296454522419598,185.6166730981118,-51.41481020545372,-0.03296454519502596,184.12798280020806,0.43009286503247146,0.002,0.9304,-0.2790216827529002,0.0,0.0,0.0,-0.0,0.0,0.0,0.0,0.0,0.0,0.0,0.0,0.0,0.0,0.0,0.0,0.0,0.0,0.0,0.0,0.0,0.0,0.0,0.0,0.0,0.0,0.0,0.0,0.0,0.0,0.0,0.0,0.0,0.0,0.0,0.0,0.0,0.0,0.0,0.0,0.0,0.0,0.0576038505647385,0.0005552034213388582,0.41734485659402837,-0.03794770970873389,0.00023863832988922285,-0.0048482666719279035,-0.0001267895380566808,0.016767505307407005,-0.0030286130096696183,0.008433799839098904,-0.027021905016375542,0.001677502858519506,0.690533579420796,-0.0012855678010829392,0.5686134019279129,0.690533579420796,-0.0012855678010829392,0.5686134019279129,0.690533579420796,-0.0012855678010829392,0.5686134019279129,0.690533579420796,-0.0012855678010829392,0.5686134019279129,-0.5538333787376486,9.046673454520405,2.102619145883544,-0.5538333787376486,9.046673454520405,2.102619145883544,-0.5538333787376486,9.046673454520405,2.102619145883544,-0.5538333787376486,9.046673454520405,2.102619145883544,169.15875967400444,166.6751932801531,151.3646026092609,149.05041735517057,0.690533579420796,-0.0012855678010829392,0.5686134019279129,-0.5538333787376486,9.046673454520405,2.102619145883544,0.15481431261388007,0.41541597383740303,-0.001703540071440801,24.499025237886922,3.814857373633915,-0.08102056237134114
1.958,1,1,1,1,-0.1382013841486182,0.0,0.49999999999999994,-0.28021071257788854,0.0,0.0,0.0,-0.0,0.0,0.0,0.0,0.0,0.3285,0.19164302,-0.012182209999999971,0.3285,-0.19164302,-0.012182209999999971,-0.3285,0.19164302,-0.012182209999999971,-0.3285,-0.19164302,-0.012182209999999971,0.0,0.0,0.0,0.0,0.0,0.0,0.0,0.0,0.0,0.0,0.0,0.0,-52.36913349747526,0.21074672703358524,430.24096354338985,-52.23079556874922,0.21074672818001325,428.779854944797,-52.369133500414684,-0.026381343454179886,185.5533570428758,-52.2307955700509,-0.026381349723650332,184.09224790710877,0.42449861585138154,0.002,0.9304,-0.28021071257788854,0.0,0.0,0.0,-0.0,0.0,0.0,0.0,0.0,0.0,0.0,0.0,0.0,0.0,0.0,0.0,0.0,0.0,0.0,0.0,0.0,0.0,0.0,0.0,0.0,0.0,0.0,0.0,0.0,0.0,0.0,0.0,0.0,0.0,0.0,0.0,0.0,0.0,0.0,0.0,0.0,0.0,0.05679555038239928,0.0005603003262639665,0.41724104188723904,-0.03831466313228247,0.00014289553703184668,-0.004946430023611451,-0.00014048601379968708,0.01616353365335721,-0.003025632134294363,0.008749901269001686,-0.026920740312610734,0.0016238747565267976,0.6896364389191362,-0.0012733491635990917,0.5689043203401754,0.6896364389191362,-0.0012733491635990917,0.5689043203401754,0.6896364389191362,-0.0012733491635990917,0.5689043203401754,0.6896364389191362,-0.0012733491635990917,0.5689043203401754,-0.6403398258312878,9.050287665249833,2.438335034630878,-0.6403398258312878,9.050287665249833,2.438335034630878,-0.6403398258312878,9.050287665249833,2.438335034630878,-0.6403398258312878,9.050287665249833,2.438335034630878,167.5709521843678,165.09395701904978,153.16844264639948,150.85922205271598,0.6896364389191362,-0.0012733491635990917,0.5689043203401754,-0.6403398258312878,9.050287665249833,2.438335034630878,0.15473621966511722,0.41507805095787087,-0.0016993833415201165,24.50053008111995,4.41810790071783,-0.17346089407546827
1.978,1,1,1,1,-0.14381449621010817,0.0,0.49999999999999994,-0.28095232900290923,0.0,0.0,0.0,-0.0,0.0,0.0,0.0,0.0,0.3285,0.19164302,-0.012182209999999971,0.3285,-0.19164302,-0.012182209999999971,-0.3285,0.19164302,-0.012182209999999971,-0.3285,-0.19164302,-0.012182209999999971,0.0,0.0,0.0,0.0,0.0,0.0,0.0,0.0,0.0,0.0,0.0,0.0,-53.35214872519483,0.22758726024733536,430.8960245931466,-53.208665256013276,0.2275872600601567,429.4762987033162,-53.35214872319814,-0.01836090339023584,185.1974602704334,-53.20866525661995,-0.018360903297726754,183.77773401039036,0.4188855037898916,0.002,0.9304,-0.2809523290029023,0.0,0.0,0.0,-0.0,0.0,0.0,0.0,0.0,0.0,0.0,0.0,0.0,0.0,0.0,0.0,0.0,0.0,0.0,0.0,0.0,0.0,0.0,0.0,0.0,0.0,0.0,0.0,0.0,0.0,0.0,0.0,0.0,0.0,0.0,0.0,0.0,0.0,0.0,0.0,0.0,0.0,0.05598821381845252,0.0005633530279050242,0.4171376308153726,-0.0380056221544778,3.833247114452433e-05,-0.004815582223291587,-0.00015182030671116774,0.015564489506873613,-0.00302390977159477,0.008781119145410781,-0.0266029309709422,0.001552763516823976,0.6887111217869575,-0.001264663695122044,0.5692198506301819,0.6887111217869575,-0.001264663695122044,0.5692198506301819,0.6887111217869575,-0.001264663695122044,0.5692198506301819,0.6887111217869575,-0.001264663695122044,0.5692198506301819,-0.5571354004541752,9.047488097249134,2.1015343190549265,-0.5571354004541752,9.047488097249134,2.1015343190549265,-0.5571354004541752,9.047488097249134,2.1015343190549265,-0.5571354004541752,9.047488097249134,2.1015343190549265,166.07834297163828,163.5729397022008,154.82386747191413,152.46542371152086,0.6887111217869575,-0.001264663695122044,0.5692198506301819,-0.5571354004541752,9.047488097249134,2.1015343190549265,0.154659295984779,0.4141912014088067,-0.0016969509209522199,24.499402807704836,3.8150687740413156,-0.08054592332435284
1.998,1,1,1,1,-0.1494375014999982,0.0,0.49999999999999994,-0.2812447500279286,0.0,0.0,0.0,-0.0,0.0,0.0,0.0,0.0,0.3285,0.19164302,-0.012182209999999971,0.3285,-0.19164302,-0.012182209999999971,-0.3285,0.19164302,-0.012182209999999971,-0.3285,-0.19164302,-0.012182209999999971,0.0,0.0,0.0,0.0,0.0,0.0,0.0,0.0,0.0,0.0,0.0,0.0,-54.28479316907932,0.240042903077102,431.5440646505635,-54.13809025172491,0.24004290137144793,430.16576961446447,-54.28479317118603,-0.011423778706586191,184.92214151166405,-54.138090254218,-0.011423776700325348,183.54384619970696,0.4132624985000015,0.002,0.9304,-0.2812447500279147,0.0,0.0,0.0,-0.0,0.0,0.0,0.0,0.0,0.0,0.0,0.0,0.0,0.0,0.0,0.0,0.0,0.0,0.0,0.0,0.0,0.0,0.0,0.0,0.0,0.0,0.0,0.0,0.0,0.0,0.0,0.0,0.0,0.0,0.0,0.0,0.0,0.0,0.0,0.0,0.0,0.0,0.05519743474236788,0.0005643421134159287,0.4170360254877545,-0.03670550520428574,-6.014722737770964e-05,-0.00466003718360205,-0.00015879038895063148,0.01498269800709684,-0.003023330203439828,0.009093978470918834,-0.02526725037342056,0.0014991164339755126,0.6878284507552316,-0.0012597496711639609,0.5694990870066771,0.6878284507552316,-0.0012597496711639609,0.5694990870066771,0.6878284507552316,-0.0012597496711639609,0.5694990870066771,0.6878284507552316,-0.0012597496711639609,0.5694990870066771,-0.6424147280398812,9.051146777084725,2.437756114244665,-0.6424147280398812,9.051146777084725,2.437756114244665,-0.6424147280398812,9.051146777084725,2.437756114244665,-0.6424147280398812,9.051146777084725,2.437756114244665,164.67941695999696,162.20240007547173,156.43787367422854,154.1051718407952,0.6878284507552316,-0.0012597496711639609,0.5694990870066771,-0.6424147280398812,9.051146777084725,2.437756114244665,0.1545884269965389,0.4138813029616897,-0.0016939931796621094,24.50091304273505,4.420405195133207,-0.17324746853146777
2.0180000000000002,1,1,1,1,-0.15506140660628828,0.0,0.49999999999999994,-0.28108727365293296,0.0,0.0,0.0,-0.0,0.0,0.0,0.0,0.0,0.3285,0.19164302,-0.012182209999999971,0.3285,-0.19164302,-0.012182209999999971,-0.3285,0.19164302,-0.012182209999999971,-0.3285,-0.19164302,-0.012182209999999971,0.0,0.0,0.0,0.0,0.0,0.0,0.0,0.0,0.0,0.0,0.0,0.0,-55.36109880191596,0.255949530299616,432.3008323149819,-55.209858601208566,0.25594954077462545,430.9764394629532,-55.361098801290964,-0.0032946303232572064,184.3393913457951,-55.20985859732295,-0.0032946342006243278,183.0149982951965,0.40763859339371145,0.002,0.9304,-0.28108727365293296,0.0,0.0,0.0,-0.0,0.0,0.0,0.0,0.0,0.0,0.0,0.0,0.0,0.0,0.0,0.0,0.0,0.0,0.0,0.0,0.0,0.0,0.0,0.0,0.0,0.0,0.0,0.0,0.0,0.0,0.0,0.0,0.0,0.0,0.0,0.0,0.0,0.0,0.0,0.0,0.0,0.0,0.05443971061410568,0.0005631750217762354,0.4169394747071,-0.03485312448959035,-0.00016419806744191504,-0.004276900927609254,-0.00016344008015397996,0.014429246087549696,-0.0030239966957349524,0.009116527497964173,-0.023832066651926997,0.0014301299908157797,0.6869540471868708,-0.0012585195306487522,0.569791224328019,0.6869540471868708,-0.0012585195306487522,0.569791224328019,0.6869540471868708,-0.0012585195306487522,0.569791224328019,0.6869540471868708,-0.0012585195306487522,0.569791224328019,-0.556894094977526,9.048351180014308,2.100766497323159,-0.556894094977526,9.048351180014308,2.100766497323159,-0.556894094977526,9.048351180014308,2.100766497323159,-0.556894094977526,9.048351180014308,2.100766497323159,163.4139363067129,160.92919971890223,157.84342463725065,155.48168029338572,0.6869540471868708,-0.0012585195306487522,0.569791224328019,-0.556894094977526,9.048351180014308,2.100766497323159,0.15451871495067313,0.41304605262261207,-0.0016928396762698472,24.49978112476342,3.817492717821911,-0.08044945895378497
2.0380000000000003,1,1,1,1,-0.1606772159569782,0.0,0.49999999999999994,-0.280480277877887,0.0,0.0,0.0,-0.0,0.0,0.0,0.0,0.0,0.3285,0.19164302,-0.012182209999999971,0.3285,-0.19164302,-0.012182209999999971,-0.3285,0.19164302,-0.012182209999999971,-0.3285,-0.19164302,-0.012182209999999971,0.0,0.0,0.0,0.0,0.0,0.0,0.0,0.0,0.0,0.0,0.0,0.0,-56.363923912116746,0.26699519701755015,433.04165613508627,-56.21018747506506,0.26699519558767076,431.76972504402846,-56.36392391030734,0.0034721665789391506,183.8324223812252,-56.21018747507024,0.0034721664928545476,182.56049111797677,0.40202278404302155,0.002,0.9304,-0.28048027787788005,0.0,0.0,0.0,-0.0,0.0,0.0,0.0,0.0,0.0,0.0,0.0,0.0,0.0,0.0,0.0,0.0,0.0,0.0,0.0,0.0,0.0,0.0,0.0,0.0,0.0,0.0,0.0,0.0,0.0,0.0,0.0,0.0,0.0,0.0,0.0,0.0,0.0,0.0,0.0,0.0,0.0,0.05372788019523525,0.0005599041686393696,0.41684930532568826,-0.03215704969943158,-0.00025905886749236917,-0.003884215337120324,-0.00016386518253833993,0.013914059275717872,-0.0030257598547490266,0.009416433826293029,-0.021500928594210697,0.0013800452607310907,0.6861559545371747,-0.0012610914940660272,0.5700373219491985,0.6861559545371747,-0.0012610914940660272,0.5700373219491985,0.6861559545371747,-0.0012610914940660272,0.5700373219491985,0.6861559545371747,-0.0012610914940660272,0.5700373219491985,-0.6410771845581102,9.052013061186235,2.4376700809703804,-0.6410771845581102,9.052013061186235,2.4376700809703804,-0.6410771845581102,9.052013061186235,2.4376700809703804,-0.6410771845581102,9.052013061186235,2.4376700809703804,162.27306928386784,159.83594261144634,159.15520426708605,156.83840255192243,0.6861559545371747,-0.0012610914940660272,0.5700373219491985,-0.6410771845581102,9.052013061186235,2.4376700809703804,0.1544549262452512,0.41280972427161,-0.0016912368426888896,24.5012847912311,4.424836621955322,-0.1733982800180005
2.058,1,1,1,1,-0.1662759534200682,0.0,0.49999999999999994,-0.2794252207029557,0.0,0.0,0.0,-0.0,0.0,0.0,0.0,0.0,0.3285,0.19164302,-0.012182209999999971,0.3285,-0.19164302,-0.012182209999999971,-0.3285,0.19164302,-0.012182209999999971,-0.3285,-0.19164302,-0.012182209999999971,0.0,0.0,0.0,0.0,0.0,0.0,0.0,0.0,0.0,0.0,0.0,0.0,-57.48483408105567,0.2810303207893012,433.8795552672174,-57.32743038768326,0.28103031509335863,432.67097311248705,-57.48483408272558,0.011221188710132807,183.02118738088916,-57.32743038786197,0.011221186867327721,181.81260509423925,0.3964240465799316,0.002,0.9304,-0.2794252207029488,0.0,0.0,0.0,-0.0,0.0,0.0,0.0,0.0,0.0,0.0,0.0,0.0,0.0,0.0,0.0,0.0,0.0,0.0,0.0,0.0,0.0,0.0,0.0,0.0,0.0,0.0,0.0,0.0,0.0,0.0,0.0,0.0,0.0,0.0,0.0,0.0,0.0,0.0,0.0,0.0,0.0,0.053075241652404126,0.000554505957631355,0.41676843562216914,-0.029077198522864358,-0.0003566078171025581,-0.0032904594262608226,-0.00016220732487214886,0.013445722763334889,-0.003028691121888499,0.009421247164987783,-0.019197866780378107,0.0013165172539425956,0.6853962015898465,-0.0012672610634716019,0.5702883180760846,0.6853962015898465,-0.0012672610634716019,0.5702883180760846,0.6853962015898465,-0.0012672610634716019,0.5702883180760846,0.6853962015898465,-0.0012672610634716019,0.5702883180760846,-0.5534784705381478,9.04918576915623,2.1004613864690898,-0.5534784705381478,9.04918576915623,2.1004613864690898,-0.5534784705381478,9.04918576915623,2.1004613864690898,-0.5534784705381478,9.04918576915623,2.1004613864690898,161.2919994967099,158.86474568619747,160.21563720341945,157.88783919824624,0.6853962015898465,-0.0012672610634716019,0.5702883180760846,-0.5534784705381478,9.04918576915623,2.1004613864690898,0.1543920623320323,0.4120646223816342,-0.0016914867246266146,24.500137120771836,3.821690495158915,-0.08065927029131714
2.078,1,1,1,1,-0.17184868390355823,0.0,0.49999999999999994,-0.2779246401278662,0.0,0.0,0.0,-0.0,0.0,0.0,0.0,0.0,0.3285,0.19164302,-0.012182209999999971,0.3285,-0.19164302,-0.012182209999999971,-0.3285,0.19164302,-0.012182209999999971,-0.3285,-0.19164302,-0.012182209999999971,0.0,0.0,0.0,0.0,0.0,0.0,0.0,0.0,0.0,0.0,0.0,0.0,-58.50453543019186,0.2898182682633332,434.6868536600548,-58.345590915648366,0.2898182818246338,433.538491301446,-58.504535428747424,0.01736796952303931,182.29840809167086,-58.34559091591761,0.017367967623280016,181.1500456172129,0.3908513160964415,0.002,0.9304,-0.2779246401278593,0.0,0.0,0.0,-0.0,0.0,0.0,0.0,0.0,0.0,0.0,0.0,0.0,0.0,0.0,0.0,0.0,0.0,0.0,0.0,0.0,0.0,0.0,0.0,0.0,0.0,0.0,0.0,0.0,0.0,0.0,0.0,0.0,0.0,0.0,0.0,0.0,0.0,0.0,0.0,0.0,0.0,0.052491076998231266,0.000547098232536996,0.4166976376345688,-0.025337070644883178,-0.0004423022986450265,-0.0027230683662848565,-0.00015664624119816916,0.013031572940649827,-0.0030326106401073333,0.009699964727870686,-0.016129752519054123,0.0012731034357729716,0.68473910371113,-0.0012770363869851367,0.5704866658937082,0.68473910371113,-0.0012770363869851367,0.5704866658937082,0.68473910371113,-0.0012770363869851367,0.5704866658937082,0.68473910371113,-0.0012770363869851367,0.5704866658937082,-0.6367482648841954,9.052807134441304,2.4379972846437794,-0.6367482648841954,9.052807134441304,2.4379972846437794,-0.6367482648841954,9.052807134441304,2.4379972846437794,-0.6367482648841954,9.052807134441304,2.4379972846437794,160.4558251034349,158.091916009417,161.14901057934324,158.88277584941514,0.68473910371113,-0.0012770363869851367,0.5704866658937082,-0.6367482648841954,9.052807134441304,2.4379972846437794,0.15433479247188114,0.4119337586312626,-0.0016913130799404152,24.501622911100743,4.430652118999786,-0.17379154118221685
2.098,1,1,1,1,-0.17738653495544818,0.0,0.49999999999999994,-0.2759821541529067,0.0,0.0,0.0,-0.0,0.0,0.0,0.0,0.0,0.3285,0.19164302,-0.012182209999999971,0.3285,-0.19164302,-0.012182209999999971,-0.3285,0.19164302,-0.012182209999999971,-0.3285,-0.19164302,-0.012182209999999971,0.0,0.0,0.0,0.0,0.0,0.0,0.0,0.0,0.0,0.0,0.0,0.0,-59.613445447505406,0.3012386486546651,435.574432399826,-59.45189968387294,0.30123864245285276,434.4954510475876,-59.61344544994838,0.024329452059442192,181.2909767473626,-59.45189968486427,0.024329457515104416,180.21199529296987,0.38531346504455155,0.002,0.9304,-0.2759821541529067,0.0,0.0,0.0,-0.0,0.0,0.0,0.0,0.0,0.0,0.0,0.0,0.0,0.0,0.0,0.0,0.0,0.0,0.0,0.0,0.0,0.0,0.0,0.0,0.0,0.0,0.0,0.0,0.0,0.0,0.0,0.0,0.0,0.0,0.0,0.0,0.0,0.0,0.0,0.0,0.0,0.0,0.051984864173459835,0.0005377181172223163,0.41663911503604767,-0.021408599649014367,-0.0005283089731850071,-0.001996376045923932,-0.000149404747711855,0.012677519228591061,-0.0030375622139265437,0.00967984119183232,-0.013225755939472096,0.0012178075203055307,0.684142344310571,-0.00129010977653601,0.5706845305422039,0.684142344310571,-0.00129010977653601,0.5706845305422039,0.684142344310571,-0.00129010977653601,0.5706845305422039,0.684142344310571,-0.00129010977653601,0.5706845305422039,-0.5474875624526779,9.049915788593943,2.100649859036238,-0.5474875624526779,9.049915788593943,2.100649859036238,-0.5474875624526779,9.049915788593943,2.100649859036238,-0.5474875624526779,9.049915788593943,2.100649859036238,159.79552329485728,157.45525995186276,161.80821404978934,159.54604880626616,0.684142344310571,-0.00129010977653601,0.5706845305422039,-0.5474875624526779,9.049915788593943,2.100649859036238,0.15427803012580893,0.4113047097751983,-0.0016930046555290595,24.50045078998657,3.8272300980208818,-0.08110079230744027
2.118,1,1,1,1,-0.18288071836373826,0.0,0.49999999999999994,-0.27360246077788586,0.0,0.0,0.0,-0.0,0.0,0.0,0.0,0.0,0.3285,0.19164302,-0.012182209999999971,0.3285,-0.19164302,-0.012182209999999971,-0.3285,0.19164302,-0.012182209999999971,-0.3285,-0.19164302,-0.012182209999999971,0.0,0.0,0.0,0.0,0.0,0.0,0.0,0.0,0.0,0.0,0.0,0.0,-60.59150603620735,0.30713519083458135,436.4121393414172,-60.429534619070914,0.30713517398130796,435.3976421516438,-60.591506033524006,0.02949638101889476,180.39932616684146,-60.42953461959638,0.029496382781090104,179.38482887485952,0.37981928163626144,0.002,0.9304,-0.27360246077788586,0.0,0.0,0.0,-0.0,0.0,0.0,0.0,0.0,0.0,0.0,0.0,0.0,0.0,0.0,0.0,0.0,0.0,0.0,0.0,0.0,0.0,0.0,0.0,0.0,0.0,0.0,0.0,0.0,0.0,0.0,0.0,0.0,0.0,0.0,0.0,0.0,0.0,0.0,0.0,0.0,0.0,0.05156189115721431,0.0005265390934186172,0.4165928164018455,-0.017021299735217498,-0.0006003629616086841,-0.0013411308680322531,-0.0001387289081558516,0.012388144564074333,-0.0030433407364481033,0.009931089297715703,-0.009695665797906717,0.0011835562954233536,0.6836659003924562,-0.001306395263762871,0.5708253694162886,0.6836659003924562,-0.001306395263762871,0.5708253694162886,0.6836659003924562,-0.001306395263762871,0.5708253694162886,0.6836659003924562,-0.001306395263762871,0.5708253694162886,-0.6300649753995257,9.053457305621647,2.438617443887526,-0.6300649753995257,9.053457305621647,2.438617443887526,-0.6300649753995257,9.053457305621647,2.438617443887526,-0.6300649753995257,9.053457305621647,2.438617443887526,159.29038201576628,157.02513034227619,162.3275650251648,160.1402776150313,0.6836659003924562,-0.001306395263762871,0.5708253694162886,-0.6300649753995257,9.053457305621647,2.438617443887526,0.15422637128370031,0.4112991474249734,-0.0016942481308163254,24.50190889640482,4.43721967878109,-0.1743211403278373
2.138,1,1,1,1,-0.1883225517564282,0.0,0.49999999999999994,-0.2707913380028959,0.0,0.0,0.0,-0.0,0.0,0.0,0.0,0.0,0.3285,0.19164302,-0.012182209999999971,0.3285,-0.19164302,-0.012182209999999971,-0.3285,0.19164302,-0.012182209999999971,-0.3285,-0.19164302,-0.012182209999999971,0.0,0.0,0.0,0.0,0.0,0.0,0.0,0.0,0.0,0.0,0.0,0.0,-61.629226161592136,0.31542554162647407,437.3090580161404,-61.46583606253666,0.31542553143134006,436.3664546465401,-61.629226161911504,0.03535492882699683,179.25558792734833,-61.46583606380428,0.03535492708786058,178.3129844681701,0.37437744824357155,0.002,0.9304,-0.2707913380028924,0.0,0.0,0.0,-0.0,0.0,0.0,0.0,0.0,0.0,0.0,0.0,0.0,0.0,0.0,0.0,0.0,0.0,0.0,0.0,0.0,0.0,0.0,0.0,0.0,0.0,0.0,0.0,0.0,0.0,0.0,0.0,0.0,0.0,0.0,0.0,0.0,0.0,0.0,0.0,0.0,0.0,0.051227560129875616,0.0005136479267613739,0.4165600802473274,-0.012649897284003836,-0.0006709557821515707,-0.0005717943721762144,-0.00012690149568791477,0.012166537325286386,-0.003049968347218223,0.009881035996879629,-0.006472169049464946,0.0011385744609632557,0.6832627677617837,-0.001325501059525834,0.5709622905557832,0.6832627677617837,-0.001325501059525834,0.5709622905557832,0.6832627677617837,-0.001325501059525834,0.5709622905557832,0.6832627677617837,-0.001325501059525834,0.5709622905557832,-0.5396668934480988,9.050477511559869,2.101262412396453,-0.5396668934480988,9.050477511559869,2.101262412396453,-0.5396668934480988,9.050477511559869,2.101262412396453,-0.5396668934480988,9.050477511559869,2.101262412396453,158.96667251703275,156.73460594618336,162.57005129468035,160.39834140300184,0.6832627677617837,-0.001325501059525834,0.5709622905557832,-0.5396668934480988,9.050477511559869,2.101262412396453,0.15417466055655304,0.41080090500162747,-0.0016973323332362261,24.500706188441153,3.8336467501643394,-0.08169295152318057
2.158,1,1,1,1,-0.19370348020151817,0.0,0.49999999999999994,-0.26755564382788255,0.0,0.0,0.0,-0.0,0.0,0.0,0.0,0.0,0.3285,0.19164302,-0.012182209999999971,0.3285,-0.19164302,-0.012182209999999971,-0.3285,0.19164302,-0.012182209999999971,-0.3285,-0.19164302,-0.012182209999999971,0.0,0.0,0.0,0.0,0.0,0.0,0.0,0.0,0.0,0.0,0.0,0.0,-62.50714217267179,0.318034432989108,438.1331104397459,-62.344518581636954,0.31803443855478974,437.255776272242,-62.50714217571523,0.039277719571208625,178.26537965077333,-62.34451858018821,0.03927772137629357,177.3880453301908,0.36899651979848164,0.002,0.9304,-0.26755564382788255,0.0,0.0,0.0,-0.0,0.0,0.0,0.0,0.0,0.0,0.0,0.0,0.0,0.0,0.0,0.0,0.0,0.0,0.0,0.0,0.0,0.0,0.0,0.0,0.0,0.0,0.0,0.0,0.0,0.0,0.0,0.0,0.0,0.0,0.0,0.0,0.0,0.0,0.0,0.0,0.0,0.0,0.05098308770718691,0.000499261563505258,0.41653999534371194,-0.008021487835624253,-0.0007261394914990113,8.287468296020428e-05,-0.000112214612920794,0.012014418983606667,-0.0030572215783836384,0.010100808664085427,-0.0027659872325604302,0.0011152445385809117,0.6829883588770912,-0.0013472676633438218,0.5710396488642183,0.6829883588770912,-0.0013472676633438218,0.5710396488642183,0.6829883588770912,-0.0013472676633438218,0.5710396488642183,0.6829883588770912,-0.0013472676633438218,0.5710396488642183,-0.6217974833323812,9.053910132238858,2.4394098853277817,-0.6217974833323812,9.053910132238858,2.4394098853277817,-0.6217974833323812,9.053910132238858,2.4394098853277817,-0.6217974833323812,9.053910132238858,2.4394098853277817,158.7976773680286,156.64795604174114,162.67919130836603,160.59192022322821,0.6829883588770912,-0.0013472676633438218,0.5710396488642183,-0.6217974833323812,9.053910132238858,2.4394098853277817,0.1541274455966153,0.41092986933245834,-0.001699897150582927,24.502129074138715,4.444013420912229,-0.17489677387904834
2.178,1,1,1,1,-0.1990150978070082,0.0,0.49999999999999994,-0.26390331625290864,0.0,0.0,0.0,-0.0,0.0,0.0,0.0,0.0,0.3285,0.19164302,-0.012182209999999971,0.3285,-0.19164302,-0.012182209999999971,-0.3285,0.19164302,-0.012182209999999971,-0.3285,-0.19164302,-0.012182209999999971,0.0,0.0,0.0,0.0,0.0,0.0,0.0,0.0,0.0,0.0,0.0,0.0,-63.416946377811406,0.32292236911521127,438.9920308876841,-63.254116982431384,0.32292237844364413,438.1857115108107,-63.41694637479448,0.043812904595846414,177.06404213349396,-63.25411698215051,0.0438129027730753,176.2577225919547,0.3636849021929916,0.002,0.9304,-0.2639033162529017,0.0,0.0,0.0,-0.0,0.0,0.0,0.0,0.0,0.0,0.0,0.0,0.0,0.0,0.0,0.0,0.0,0.0,0.0,0.0,0.0,0.0,0.0,0.0,0.0,0.0,0.0,0.0,0.0,0.0,0.0,0.0,0.0,0.0,0.0,0.0,0.0,0.0,0.0,0.0,0.0,0.0,0.05082989131067758,0.00048350344115251223,0.4165330947304606,-0.0036050537121222136,-0.0007787417557821652,0.000812362287286157,-9.698725879279425e-05,0.011932009778876207,-0.0030651082482957026,0.010018190271465582,0.0004906710633756743,0.0010818763313421983,0.6827910497792319,-0.0013712420850954827,0.5711114614929638,0.6827910497792319,-0.0013712420850954827,0.5711114614929638,0.6827910497792319,-0.0013712420850954827,0.5711114614929638,0.6827910497792319,-0.0013712420850954827,0.5711114614929638,-0.5308239137032499,9.050828390397532,2.10216950492866,-0.5308239137032499,9.050828390397532,2.10216950492866,-0.5308239137032499,9.050828390397532,2.10216950492866,-0.5308239137032499,9.050828390397532,2.10216950492866,158.80430273525744,156.69295378234958,162.52664878661898,160.46258912982438,0.6827910497792319,-0.0013712420850954827,0.5711114614929638,-0.5308239137032499,9.050828390397532,2.10216950492866,0.15407952499714206,0.4105670703972515,-0.0017042437398644833,24.500892178214443,3.8404271787260313,-0.082347539594128
2.198,1,1,1,1,-0.20424916932089804,0.0,0.49999999999999994,-0.25984337327786267,0.0,0.0,0.0,-0.0,0.0,0.0,0.0,0.0,0.3285,0.19164302,-0.012182209999999971,0.3285,-0.19164302,-0.012182209999999971,-0.3285,0.19164302,-0.012182209999999971,-0.3285,-0.19164302,-0.012182209999999971,0.0,0.0,0.0,0.0,0.0,0.0,0.0,0.0,0.0,0.0,0.0,0.0,-64.14095474679276,0.3220903725273929,439.75260385845235,-63.980074933225694,0.32209037245469996,439.0090949288431,-64.1409547455399,0.04632271503777373,176.05964600535435,-63.98007493341765,0.04632271682590874,175.31613686275577,0.3584508306791017,0.002,0.9304,-0.25984337327786267,0.0,0.0,0.0,-0.0,0.0,0.0,0.0,0.0,0.0,0.0,0.0,0.0,0.0,0.0,0.0,0.0,0.0,0.0,0.0,0.0,0.0,0.0,0.0,0.0,0.0,0.0,0.0,0.0,0.0,0.0,0.0,0.0,0.0,0.0,0.0,0.0,0.0,0.0,0.0,0.0,0.0,0.0507653660347381,0.00046662034349547057,0.41653774634151347,0.0008821002095697244,-0.0008151482653066807,0.0013931144299031955,-7.95358748958675e-05,0.011918205872490484,-0.003073394496163703,0.010204863320400076,0.0040903822790822435,0.0010704273521862347,0.6827218526640838,-0.0013972149746524737,0.5711230687734216,0.6827218526640838,-0.0013972149746524737,0.5711230687734216,0.6827218526640838,-0.0013972149746524737,0.5711230687734216,0.6827218526640838,-0.0013972149746524737,0.5711230687734216,-0.612762548698306,9.054136657730279,2.4402747989639733,-0.612762548698306,9.054136657730279,2.4402747989639733,-0.612762548698306,9.054136657730279,2.4402747989639733,-0.612762548698306,9.054136657730279,2.4402747989639733,158.9538496347936,156.92787010436473,162.26348035435842,160.28948268191894,0.6827218526640838,-0.0013972149746524737,0.5711230687734216,-0.612762548698306,9.054136657730279,2.4402747989639733,0.15403542323793598,0.41083006113489606,-0.0017079600534989081,24.50227509335864,4.45057564193013,-0.17543946996587145
2.218,1,1,1,1,-0.20939765173118824,0.0,0.49999999999999994,-0.2553859129029168,0.0,0.0,0.0,-0.0,0.0,0.0,0.0,0.0,0.3285,0.19164302,-0.012182209999999971,0.3285,-0.19164302,-0.012182209999999971,-0.3285,0.19164302,-0.012182209999999971,-0.3285,-0.19164302,-0.012182209999999971,0.0,0.0,0.0,0.0,0.0,0.0,0.0,0.0,0.0,0.0,0.0,0.0,-64.87294367324098,0.32354366851595395,440.52194616941983,-64.713015817112,0.3235436655607719,439.84551770895763,-64.8729436739101,0.04940777931305262,174.8886766788147,-64.71301581712258,0.049407779313466224,174.21224798716466,0.3533023482688116,0.002,0.9304,-0.25538591290292373,0.0,0.0,0.0,-0.0,0.0,0.0,0.0,0.0,0.0,0.0,0.0,0.0,0.0,0.0,0.0,0.0,0.0,0.0,0.0,0.0,0.0,0.0,0.0,0.0,0.0,0.0,0.0,0.0,0.0,0.0,0.0,0.0,0.0,0.0,0.0,0.0,0.0,0.0,0.0,0.0,0.0,0.050787337856956036,0.0004487583960564678,0.4165538705832609,0.004983913565640125,-0.0008485127060036113,0.0020204105475095063,-6.219163996236594e-05,0.011970497906036215,-0.003082081891775927,0.010089354025967336,0.00710721902697253,0.0010491576362232958,0.6827249621775571,-0.0014246971685941852,0.5711294909453272,0.6827249621775571,-0.0014246971685941852,0.5711294909453272,0.6827249621775571,-0.0014246971685941852,0.5711294909453272,0.6827249621775571,-0.0014246971685941852,0.5711294909453272,-0.5217528791210946,9.05095109409568,2.1032255653796113,-0.5217528791210946,9.05095109409568,2.1032255653796113,-0.5217528791210946,9.05095109409568,2.1032255653796113,-0.5217528791210946,9.05095109409568,2.1032255653796113,159.26168031238015,157.27505716277994,161.76796483041107,159.82086755570418,0.6827249621775571,-0.0014246971685941852,0.5711294909453272,-0.5217528791210946,9.05095109409568,2.1032255653796113,0.1539899169073926,0.4105978374093171,-0.0017133704106476882,24.5010028315387,3.847031976279184,-0.0829736913545176
2.238,1,1,1,1,-0.2144527158658782,0.0,0.49999999999999994,-0.2505421131279023,0.0,0.0,0.0,-0.0,0.0,0.0,0.0,0.0,0.3285,0.19164302,-0.012182209999999971,0.3285,-0.19164302,-0.012182209999999971,-0.3285,0.19164302,-0.012182209999999971,-0.3285,-0.19164302,-0.012182209999999971,0.0,0.0,0.0,0.0,0.0,0.0,0.0,0.0,0.0,0.0,0.0,0.0,-65.39792558148507,0.31934958063533614,441.16675301489573,-65.24103970431284,0.31934956326118913,440.547859221877,-65.39792557896529,0.05042800456531716,173.95910789880168,-65.24103970657464,0.05042800074464376,173.34021375900767,0.34824728413412165,0.002,0.9304,-0.2505421131279023,0.0,0.0,0.0,-0.0,0.0,0.0,0.0,0.0,0.0,0.0,0.0,0.0,0.0,0.0,0.0,0.0,0.0,0.0,0.0,0.0,0.0,0.0,0.0,0.0,0.0,0.0,0.0,0.0,0.0,0.0,0.0,0.0,0.0,0.0,0.0,0.0,0.0,0.0,0.0,0.0,0.0,0.050889902590933477,0.00043018001278485987,0.41657934278936,0.00899872840306887,-0.0008655479884503919,0.002476936774746383,-4.3273730692583185e-05,0.012085208725863827,-0.0030909344738200405,0.010243576133557943,0.010342584771687629,0.001049744223552212,0.6828475068493822,-0.001453454562873775,0.5710771734582026,0.6828475068493822,-0.001453454562873775,0.5710771734582026,0.6828475068493822,-0.001453454562873775,0.5710771734582026,0.6828475068493822,-0.001453454562873775,0.5710771734582026,-0.6037460198519203,9.054133544941715,2.44113801031796,-0.6037460198519203,9.054133544941715,2.44113801031796,-0.6037460198519203,9.054133544941715,2.44113801031796,-0.6037460198519203,9.054133544941715,2.44113801031796,159.68979364414326,157.7875301646335,161.19662634947736,159.34133098041218,0.6828475068493822,-0.001453454562873775,0.5710771734582026,-0.6037460198519203,9.054133544941715,2.44113801031796,0.15394753162627725,0.41098524865410857,-0.001718009853371505,24.50234399330038,4.456493174598042,-0.17587861875337119
2.258,1,1,1,1,-0.21940676799296813,0.0,0.49999999999999994,-0.2453242319528648,0.0,0.0,0.0,-0.0,0.0,0.0,0.0,0.0,0.3285,0.19164302,-0.012182209999999971,0.3285,-0.19164302,-0.012182209999999971,-0.3285,0.19164302,-0.012182209999999971,-0.3285,-0.19164302,-0.012182209999999971,0.0,0.0,0.0,0.0,0.0,0.0,0.0,0.0,0.0,0.0,0.0,0.0,-65.91244060867051,0.3175576119075432,441.79450934704823,-65.75753248773975,0.3175576103017832,441.2362141538188,-65.91244060454474,0.052026174465712755,172.90667533181107,-65.75753248711032,0.05202617846115915,172.3483796899099,0.34329323200703166,0.002,0.9304,-0.24532423195287867,0.0,0.0,0.0,-0.0,0.0,0.0,0.0,0.0,0.0,0.0,0.0,0.0,0.0,0.0,0.0,0.0,0.0,0.0,0.0,0.0,0.0,0.0,0.0,0.0,0.0,0.0,0.0,0.0,0.0,0.0,0.0,0.0,0.0,0.0,0.0,0.0,0.0,0.0,0.0,0.0,0.0,0.05106792738442542,0.00041103985185316817,0.41661371230947686,0.012488763764296662,-0.0008797058522331035,0.002963782652603624,-2.5103085447372546e-05,0.01225746865718147,-0.003099955610938848,0.010096939485308385,0.012882862441675292,0.0010402725431875577,0.6830302366157528,-0.0014829872075474491,0.5710222089367959,0.6830302366157528,-0.0014829872075474491,0.5710222089367959,0.6830302366157528,-0.0014829872075474491,0.5710222089367959,0.6830302366157528,-0.0014829872075474491,0.5710222089367959,-0.5131740965364552,9.050852751754118,2.104301616465057,-0.5131740965364552,9.050852751754118,2.104301616465057,-0.5131740965364552,9.050852751754118,2.104301616465057,-0.5131740965364552,9.050852751754118,2.104301616465057,160.24860806189878,158.3828590287293,160.43203784590287,158.60354030225164,0.6830302366157528,-0.0014829872075474491,0.5710222089367959,-0.5131740965364552,9.050852751754118,2.104301616465057,0.15390304512308467,0.410869893326157,-0.0017242348913900502,24.5010374418239,3.852946647859134,-0.08348609425495646
2.278,1,1,1,1,-0.22425247142045837,0.0,0.49999999999999994,-0.23974560737799466,0.0,0.0,0.0,-0.0,0.0,0.0,0.0,0.0,0.3285,0.19164302,-0.012182209999999971,0.3285,-0.19164302,-0.012182209999999971,-0.3285,0.19164302,-0.012182209999999971,-0.3285,-0.19164302,-0.012182209999999971,0.0,0.0,0.0,0.0,0.0,0.0,0.0,0.0,0.0,0.0,0.0,0.0,-66.20480213223897,0.3102869839217112,442.2729996337541,-66.05386800202741,0.31028698979843855,441.7647206019243,-66.20480213174527,0.05156743437289623,172.13710697844004,-66.05386800167373,0.051567436361664026,171.62882735483518,0.3384475285795414,0.002,0.9304,-0.23974560737799466,0.0,0.0,0.0,-0.0,0.0,0.0,0.0,0.0,0.0,0.0,0.0,0.0,0.0,0.0,0.0,0.0,0.0,0.0,0.0,0.0,0.0,0.0,0.0,0.0,0.0,0.0,0.0,0.0,0.0,0.0,0.0,0.0,0.0,0.0,0.0,0.0,0.0,0.0,0.0,0.0,0.0,0.05131293353782962,0.00039160200307634415,0.41665460345608274,0.015772047897155687,-0.0008779987803176298,0.0032693825331362287,-5.981645050191168e-06,0.012481507967538885,-0.0031089150885668894,0.010221344886900364,0.01554348667464805,0.0010522958600551143,0.6833171889187476,-0.0015130610012775894,0.5709121627008409,0.6833171889187476,-0.0015130610012775894,0.5709121627008409,0.6833171889187476,-0.0015130610012775894,0.5709121627008409,0.6833171889187476,-0.0015130610012775894,0.5709121627008409,-0.5954415176638894,9.053920071643653,2.4419467361029352,-0.5954415176638894,9.053920071643653,2.4419467361029352,-0.5954415176638894,9.053920071643653,2.4419467361029352,-0.5954415176638894,9.053920071643653,2.4419467361029352,160.89622147110853,159.11026825895988,159.63403465360653,157.8954592958669,0.6833171889187476,-0.0015130610012775894,0.5709121627008409,-0.5954415176638894,9.053920071643653,2.4419467361029352,0.15386100629464686,0.4113639016125723,-0.001729530262164436,24.50233789462785,4.461402831212898,-0.17615295906368544
2.298,1,1,1,1,-0.2289827680963482,0.0,0.49999999999999994,-0.2338206574029611,0.0,0.0,0.0,-0.0,0.0,0.0,0.0,0.0,0.3285,0.19164302,-0.012182209999999971,0.3285,-0.19164302,-0.012182209999999971,-0.3285,0.19164302,-0.012182209999999971,-0.3285,-0.19164302,-0.012182209999999971,0.0,0.0,0.0,0.0,0.0,0.0,0.0,0.0,0.0,0.0,0.0,0.0,-66.47475225569224,0.3056287464304546,442.7111551188142,-66.32662846769365,0.30562874702238046,442.2550754549148,-66.47475225714243,0.05172647640870716,171.28378577209065,-66.32662846454622,0.05172647437463087,170.82770536107515,0.33371723190365143,0.002,0.9304,-0.23382065740295416,0.0,0.0,0.0,-0.0,0.0,0.0,0.0,0.0,0.0,0.0,0.0,0.0,0.0,0.0,0.0,0.0,0.0,0.0,0.0,0.0,0.0,0.0,0.0,0.0,0.0,0.0,0.0,0.0,0.0,0.0,0.0,0.0,0.0,0.0,0.0,0.0,0.0,0.0,0.0,0.0,0.0,0.05161762651760619,0.0003720161395234745,0.4167014222423087,0.018432385819544282,-0.0008741343403464399,0.003599634525328954,1.1799193454841176e-05,0.012750676556572804,-0.0031178253766229007,0.01004708567404619,0.017427790613533133,0.0010536190082945126,0.6836466100023623,-0.0015431892227851605,0.5708041411974323,0.6836466100023623,-0.0015431892227851605,0.5708041411974323,0.6836466100023623,-0.0015431892227851605,0.5708041411974323,0.6836466100023623,-0.0015431892227851605,0.5708041411974323,-0.5056886161410147,9.050560759169146,2.105301346868395,-0.5056886161410147,9.050560759169146,2.105301346868395,-0.5056886161410147,9.050560759169146,2.105301346868395,-0.5056886161410147,9.050560759169146,2.105301346868395,161.63942139489893,159.88387350768826,158.68717831938739,156.9718569658211,0.6836466100023623,-0.0015431892227851605,0.5708041411974323,-0.5056886161410147,9.050560759169146,2.105301346868395,0.15381621480235202,0.4113440698969395,-0.001736291401536097,24.501000144800138,3.8577404471274033,-0.08381398316015165
2.318,1,1,1,1,-0.23359090020863815,0.0,0.49999999999999994,-0.22756488002786956,0.0,0.0,0.0,-0.0,0.0,0.0,0.0,0.0,0.3285,0.19164302,-0.012182209999999971,0.3285,-0.19164302,-0.012182209999999971,-0.3285,0.19164302,-0.012182209999999971,-0.3285,-0.19164302,-0.012182209999999971,0.0,0.0,0.0,0.0,0.0,0.0,0.0,0.0,0.0,0.0,0.0,0.0,-66.51419530504734,0.2957367442813893,442.978967649636,-66.37076517905737,0.2957367294705335,442.5638137560503,-66.5141953026253,0.049879991189011874,170.74853276773055,-66.37076517807915,0.04987999745613913,170.33337778235634,0.3291090997913616,0.002,0.9304,-0.2275648800278557,0.0,0.0,0.0,-0.0,0.0,0.0,0.0,0.0,0.0,0.0,0.0,0.0,0.0,0.0,0.0,0.0,0.0,0.0,0.0,0.0,0.0,0.0,0.0,0.0,0.0,0.0,0.0,0.0,0.0,0.0,0.0,0.0,0.0,0.0,0.0,0.0,0.0,0.0,0.0,0.0,0.0,0.051971802531658395,0.0003525351052899622,0.4167517494840827,0.020809584034867407,-0.0008553797376958284,0.0037475302171290762,2.997172812028168e-05,0.013057771618113723,-0.0031264687582052567,0.0101458878061248,0.01936872384264078,0.0010758253044123342,0.6840604148280313,-0.0015731605267960676,0.5706466795172127,0.6840604148280313,-0.0015731605267960676,0.5706466795172127,0.6840604148280313,-0.0015731605267960676,0.5706466795172127,0.6840604148280313,-0.0015731605267960676,0.5706466795172127,-0.5884073619768365,9.053532716956605,2.442663409178402,-0.5884073619768365,9.053532716956605,2.442663409178402,-0.5884073619768365,9.053532716956605,2.442663409178402,-0.5884073619768365,9.053532716956605,2.442663409178402,162.43429808688984,160.75106045290022,157.75257149302837,156.12211244662691,0.6840604148280313,-0.0015731605267960676,0.5706466795172127,-0.5884073619768365,9.053532716956605,2.442663409178402,0.15377326142021386,0.41192017125346014,-0.0017419582242465953,24.50226337867399,4.4650187954239104,-0.17621468181352817
2.338,1,1,1,1,-0.23807043178532816,0.0,0.49999999999999994,-0.2209948532529149,0.0,0.0,0.0,-0.0,0.0,0.0,0.0,0.0,0.3285,0.19164302,-0.012182209999999971,0.3285,-0.19164302,-0.012182209999999971,-0.3285,0.19164302,-0.012182209999999971,-0.3285,-0.19164302,-0.012182209999999971,0.0,0.0,0.0,0.0,0.0,0.0,0.0,0.0,0.0,0.0,0.0,0.0,-66.52626420772602,0.2887384510899031,443.1877968252633,-66.38624288873359,0.28873846092994626,442.81522534733404,-66.52626420967317,0.048724859902984245,170.1611320560275,-66.38624289043828,0.0487248598345531,169.7885592150526,0.3246295682146716,0.002,0.9304,-0.2209948532529149,0.0,0.0,0.0,-0.0,0.0,0.0,0.0,0.0,0.0,0.0,0.0,0.0,0.0,0.0,0.0,0.0,0.0,0.0,0.0,0.0,0.0,0.0,0.0,0.0,0.0,0.0,0.0,0.0,0.0,0.0,0.0,0.0,0.0,0.0,0.0,0.0,0.0,0.0,0.0,0.0,0.0,0.052366887658133326,0.00033329145157830225,0.4168050293711274,0.022510270811657688,-0.0008356456574212998,0.003922492102654783,4.628930784751368e-05,0.013395079362304996,-0.0031348727962135867,0.009948826338047613,0.020488836479011376,0.0010863597853741375,0.6844953886377281,-0.0016025225332301813,0.5704976855268258,0.6844953886377281,-0.0016025225332301813,0.5704976855268258,0.6844953886377281,-0.0016025225332301813,0.5704976855268258,0.6844953886377281,-0.0016025225332301813,0.5704976855268258,-0.49974770150313697,9.050116897689627,2.1061631535182688,-0.49974770150313697,9.050116897689627,2.1061631535182688,-0.49974770150313697,9.050116897689627,2.1061631535182688,-0.49974770150313697,9.050116897689627,2.1061631535182688,163.2857394243483,161.62421927110236,156.71464820350826,155.10097175978524,0.6844953886377281,-0.0016025225332301813,0.5704976855268258,-0.49974770150313697,9.050116897689627,2.1061631535182688,0.15372698520554384,0.41196881425593945,-0.001748969070358694,24.50089920877692,3.861113198827999,-0.08390814616232056
2.358,1,1,1,1,-0.24241527029441826,0.0,0.49999999999999994,-0.21412823507790946,0.0,0.0,0.0,-0.0,0.0,0.0,0.0,0.0,0.3285,0.19164302,-0.012182209999999971,0.3285,-0.19164302,-0.012182209999999971,-0.3285,0.19164302,-0.012182209999999971,-0.3285,-0.19164302,-0.012182209999999971,0.0,0.0,0.0,0.0,0.0,0.0,0.0,0.0,0.0,0.0,0.0,0.0,-66.30645720393353,0.2768042248275423,443.21074326476065,-66.17160655537988,0.2768042290258104,442.869148820305,-66.30645720159411,0.045653791338854444,169.91834180434012,-66.17160655535392,0.045653793530031954,169.57674556433176,0.32028472970558153,0.002,0.9304,-0.2141282350779164,0.0,0.0,0.0,-0.0,0.0,0.0,0.0,0.0,0.0,0.0,0.0,0.0,0.0,0.0,0.0,0.0,0.0,0.0,0.0,0.0,0.0,0.0,0.0,0.0,0.0,0.0,0.0,0.0,0.0,0.0,0.0,0.0,0.0,0.0,0.0,0.0,0.0,0.0,0.0,0.0,0.0,0.052791848075484364,0.0003145155748573596,0.4168589538045535,0.023896213235756202,-0.0008023972633827483,0.003920795589927932,6.253154938695672e-05,0.013754712348857057,-0.003142837475556727,0.010027353590753527,0.02163968621024869,0.00111697329993907,0.6849923621749155,-0.0016311060000848165,0.5703063658993527,0.6849923621749155,-0.0016311060000848165,0.5703063658993527,0.6849923621749155,-0.0016311060000848165,0.5703063658993527,0.6849923621749155,-0.0016311060000848165,0.5703063658993527,-0.5830407124719228,9.053018972786978,2.443261468522484,-0.5830407124719228,9.053018972786978,2.443261468522484,-0.5830407124719228,9.053018972786978,2.443261468522484,-0.5830407124719228,9.053018972786978,2.443261468522484,164.14985830604252,162.5509733626204,155.73395490580083,154.19747944512116,0.6849923621749155,-0.0016311060000848165,0.5703063658993527,-0.5830407124719228,9.053018972786978,2.443261468522484,0.15368203275821518,0.41259806056104087,-0.001754726642981666,24.50213063264324,4.467164610027733,-0.17603418438019602
2.378,1,1,1,1,-0.24661968824390826,0.0,0.49999999999999994,-0.20698376350293535,0.0,0.0,0.0,-0.0,0.0,0.0,0.0,0.0,0.3285,0.19164302,-0.012182209999999971,0.3285,-0.19164302,-0.012182209999999971,-0.3285,0.19164302,-0.012182209999999971,-0.3285,-0.19164302,-0.012182209999999971,0.0,0.0,0.0,0.0,0.0,0.0,0.0,0.0,0.0,0.0,0.0,0.0,-66.06124334540344,0.2680907308141128,443.16232136503123,-65.93014772913398,0.268090726414162,442.853190595247,-66.06124334854718,0.043376911571692406,169.64548649812733,-65.93014772955775,0.043376911552118716,169.33635362416518,0.3160803117560915,0.002,0.9304,-0.20698376350293535,0.0,0.0,0.0,-0.0,0.0,0.0,0.0,0.0,0.0,0.0,0.0,0.0,0.0,0.0,0.0,0.0,0.0,0.0,0.0,0.0,0.0,0.0,0.0,0.0,0.0,0.0,0.0,0.0,0.0,0.0,0.0,0.0,0.0,0.0,0.0,0.0,0.0,0.0,0.0,0.0,0.0,0.05323772052620291,0.0002963127784301091,0.41691313232882016,0.024596182126534024,-0.0007696891696612571,0.003954244217974805,7.650716772650279e-05,0.014128648904248031,-0.0031504097811710066,0.00981316906692693,0.021962770223851937,0.0011347045665368615,0.6854877051526869,-0.0016585099111961538,0.5701311007782396,0.6854877051526869,-0.0016585099111961538,0.5701311007782396,0.6854877051526869,-0.0016585099111961538,0.5701311007782396,0.6854877051526869,-0.0016585099111961538,0.5701311007782396,-0.4956361116914516,9.049571201030702,2.1068541257341336,-0.4956361116914516,9.049571201030702,2.1068541257341336,-0.4956361116914516,9.049571201030702,2.1068541257341336,-0.4956361116914516,9.049571201030702,2.1068541257341336,165.03144602523946,163.4437776144044,154.69297710905562,153.16452297717325,0.6854877051526869,-0.0016585099111961538,0.5701311007782396,-0.4956361116914516,9.049571201030702,2.1068541257341336,0.15363329608086876,0.41268496165134216,-0.0017617131306935374,24.500746090817074,3.862918908426117,-0.08374438387719252
2.398,1,1,1,1,-0.25067834478179835,0.0,0.49999999999999994,-0.19958125652791425,0.0,0.0,0.0,-0.0,0.0,0.0,0.0,0.0,0.3285,0.19164302,-0.012182209999999971,0.3285,-0.19164302,-0.012182209999999971,-0.3285,0.19164302,-0.012182209999999971,-0.3285,-0.19164302,-0.012182209999999971,0.0,0.0,0.0,0.0,0.0,0.0,0.0,0.0,0.0,0.0,0.0,0.0,-65.58947185725387,0.25476750877583426,442.9193134844457,-65.46377345913957,0.2547674998637447,442.6310581036422,-65.58947185998832,0.03930519331875775,169.73358965314924,-65.46377346218952,0.039305188664126106,169.4453316057774,0.3120216552182014,0.002,0.9304,-0.1995812565279073,0.0,0.0,0.0,-0.0,0.0,0.0,0.0,0.0,0.0,0.0,0.0,0.0,0.0,0.0,0.0,0.0,0.0,0.0,0.0,0.0,0.0,0.0,0.0,0.0,0.0,0.0,0.0,0.0,0.0,0.0,0.0,0.0,0.0,0.0,0.0,0.0,0.0,0.0,0.0,0.0,0.0,0.05369350780482256,0.0002788820797701473,0.4169654694862788,0.024992360529369314,-0.000725121364279272,0.0038213253510290656,9.005175888638067e-05,0.014509056288299238,-0.0031574108270254505,0.009877393194823666,0.02232704976493177,0.0011715832036525806,0.6860221739324939,-0.0016846220545372907,0.5699213852396348,0.6860221739324939,-0.0016846220545372907,0.5699213852396348,0.6860221739324939,-0.0016846220545372907,0.5699213852396348,0.6860221739324939,-0.0016846220545372907,0.5699213852396348,-0.5795668093518969,9.05243146958636,2.443723696361552,-0.5795668093518969,9.05243146958636,2.443723696361552,-0.5795668093518969,9.05243146958636,2.443723696361552,-0.5795668093518969,9.05243146958636,2.443723696361552,165.88848156191767,164.35236531342252,153.75016609661867,152.28932788588833,0.6860221739324939,-0.0016846220545372907,0.5699213852396348,-0.5795668093518969,9.05243146958636,2.443723696361552,0.15358548621667295,0.413336649280414,-0.0017673030353817926,24.501952445712078,4.46779378295685,-0.17560311205068402
2.418,1,1,1,1,-0.2545863072960883,0.0,0.49999999999999994,-0.19194161215291272,0.0,0.0,0.0,-0.0,0.0,0.0,0.0,0.0,0.3285,0.19164302,-0.012182209999999971,0.3285,-0.19164302,-0.012182209999999971,-0.3285,0.19164302,-0.012182209999999971,-0.3285,-0.19164302,-0.012182209999999971,0.0,0.0,0.0,0.0,0.0,0.0,0.0,0.0,0.0,0.0,0.0,0.0,-65.1006772708088,0.24501143626147276,442.59981046379255,-64.97883207287629,0.24501144091053179,442.3340821821876,-65.10067727445731,0.03615400313991692,169.80306252556963,-64.97883206950381,0.03615399833992447,169.53733131351822,0.30811369270391153,0.002,0.9304,-0.19194161215289884,0.0,0.0,0.0,-0.0,0.0,0.0,0.0,0.0,0.0,0.0,0.0,0.0,0.0,0.0,0.0,0.0,0.0,0.0,0.0,0.0,0.0,0.0,0.0,0.0,0.0,0.0,0.0,0.0,0.0,0.0,0.0,0.0,0.0,0.0,0.0,0.0,0.0,0.0,0.0,0.0,0.0,0.05415068534748883,0.00026229389283555335,0.41701581807919497,0.02473333696106401,-0.0006828307870666753,0.003735337705450967,0.000101035364986817,0.014888307884852736,-0.0031639095477622482,0.009652174239977473,0.02189063283869513,0.0011942304521631692,0.6865326853035966,-0.0017091049483268154,0.5697356927345736,0.6865326853035966,-0.0017091049483268154,0.5697356927345736,0.6865326853035966,-0.0017091049483268154,0.5697356927345736,0.6865326853035966,-0.0017091049483268154,0.5697356927345736,-0.4934684381649418,9.048976411859824,2.1073616884848567,-0.4934684381649418,9.048976411859824,2.1073616884848567,-0.4934684381649418,9.048976411859824,2.1073616884848567,-0.4934684381649418,9.048976411859824,2.1073616884848567,166.7272623199389,165.19084110424808,152.7846036650084,151.3214534632285,0.6865326853035966,-0.0017091049483268154,0.5697356927345736,-0.4934684381649418,9.048976411859824,2.1073616884848567,0.1535335574681992,0.41343121281547424,-0.001774020322702602,24.500554369326263,3.8631648493658215,-0.08332326165854553
2.438,1,1,1,1,-0.25833907301477804,0.0,0.49999999999999994,-0.18408680837778135,0.0,0.0,0.0,-0.0,0.0,0.0,0.0,0.0,0.3285,0.19164302,-0.012182209999999971,0.3285,-0.19164302,-0.012182209999999971,-0.3285,0.19164302,-0.012182209999999971,-0.3285,-0.19164302,-0.012182209999999971,0.0,0.0,0.0,0.0,0.0,0.0,0.0,0.0,0.0,0.0,0.0,0.0,-64.39662289144144,0.2309763684385316,442.0845053245083,-64.28016433755634,0.23097636748646402,441.8300495390263,-64.39662289199775,0.03135234288179933,170.2389858134973,-64.28016433900021,0.03135234290307268,169.98452648876216,0.30436092698522177,0.002,0.9304,-0.18408680837779523,0.0,0.0,0.0,-0.0,0.0,0.0,0.0,0.0,0.0,0.0,0.0,0.0,0.0,0.0,0.0,0.0,0.0,0.0,0.0,0.0,0.0,0.0,0.0,0.0,0.0,0.0,0.0,0.0,0.0,0.0,0.0,0.0,0.0,0.0,0.0,0.0,0.0,0.0,0.0,0.0,0.0,0.05459906660414666,0.00024670957717495725,0.41706235187467905,0.024218734071678072,-0.0006304877845014449,0.0034961398217495166,0.00011135374868883252,0.01525927486030576,-0.0031697498004395986,0.00970826729732717,0.02153697542674676,0.0012350338589069568,0.6870608222386918,-0.0017319133406750117,0.569523412049069,0.6870608222386918,-0.0017319133406750117,0.569523412049069,0.6870608222386918,-0.0017319133406750117,0.569523412049069,0.6870608222386918,-0.0017319133406750117,0.569523412049069,-0.578041308754478,9.051822917406659,2.444041843725794,-0.578041308754478,9.051822917406659,2.444041843725794,-0.578041308754478,9.051822917406659,2.444041843725794,-0.578041308754478,9.051822917406659,2.444041843725794,167.50908146701462,166.01250524223786,151.95144155626525,150.54513177224317,0.6870608222386918,-0.0017319133406750117,0.569523412049069,-0.578041308754478,9.051822917406659,2.444041843725794,0.1534822884531748,0.4140756303247026,-0.0017792210213821574,24.5017431421221,4.466990997416472,-0.17493445325301593
2.458,1,1,1,1,-0.26193259060586793,0.0,0.49999999999999994,-0.1760399032028348,0.0,0.0,0.0,-0.0,0.0,0.0,0.0,0.0,0.3285,0.19164302,-0.012182209999999971,0.3285,-0.19164302,-0.012182209999999971,-0.3285,0.19164302,-0.012182209999999971,-0.3285,-0.19164302,-0.012182209999999971,0.0,0.0,0.0,0.0,0.0,0.0,0.0,0.0,0.0,0.0,0.0,0.0,-63.68945931889703,0.2208494074369461,441.49515673815665,-63.576727725411516,0.2208494124764292,441.2540841865894,-63.68945932113995,0.027613910924207022,170.65679307952968,-63.57672772195036,0.027613910905931772,170.41571680995955,0.3007674093941319,0.002,0.9304,-0.17603990320282786,0.0,0.0,0.0,-0.0,0.0,0.0,0.0,0.0,0.0,0.0,0.0,0.0,0.0,0.0,0.0,0.0,0.0,0.0,0.0,0.0,0.0,0.0,0.0,0.0,0.0,0.0,0.0,0.0,0.0,0.0,0.0,0.0,0.0,0.0,0.0,0.0,0.0,0.0,0.0,0.0,0.0,0.055031273831907715,0.0002321597924966485,0.41710520478350493,0.02311334502966797,-0.0005822514211216425,0.003317841462631409,0.00011893983105534713,0.015615308559334018,-0.003175023233471311,0.009478098053666855,0.020437152258315466,0.0012602202278760959,0.6875448614696208,-0.0017527802729921007,0.5693427467734995,0.6875448614696208,-0.0017527802729921007,0.5693427467734995,0.6875448614696208,-0.0017527802729921007,0.5693427467734995,0.6875448614696208,-0.0017527802729921007,0.5693427467734995,-0.49319774100833824,9.04838334575035,2.1076864560399278,-0.49319774100833824,9.04838334575035,2.1076864560399278,-0.49319774100833824,9.04838334575035,2.1076864560399278,-0.49319774100833824,9.04838334575035,2.1076864560399278,168.2429925429418,166.7343429410655,151.12531937374038,149.70554370286516,0.6875448614696208,-0.0017527802729921007,0.5693427467734995,-0.49319774100833824,9.04838334575035,2.1076864560399278,0.15342670090769278,0.4141495201553236,-0.001785466105824557,24.50033865671126,3.8619916799849117,-0.08266696949911534
2.478,1,1,1,1,-0.26536328177735835,0.0,0.49999999999999994,-0.1678250346279775,0.0,0.0,0.0,-0.0,0.0,0.0,0.0,0.0,0.3285,0.19164302,-0.012182209999999971,0.3285,-0.19164302,-0.012182209999999971,-0.3285,0.19164302,-0.012182209999999971,-0.3285,-0.19164302,-0.012182209999999971,0.0,0.0,0.0,0.0,0.0,0.0,0.0,0.0,0.0,0.0,0.0,0.0,-62.78328758195213,0.2067570756975861,440.7162765190033,-62.67572565976384,0.20675706943532415,440.47793319255817,-62.78328757990679,0.02238304127374482,171.4358369902812,-62.675725659022,0.022383041273553266,171.1974894113594,0.2973367182226415,0.002,0.9304,-0.1678250346279775,0.0,0.0,0.0,-0.0,0.0,0.0,0.0,0.0,0.0,0.0,0.0,0.0,0.0,0.0,0.0,0.0,0.0,0.0,0.0,0.0,0.0,0.0,0.0,0.0,0.0,0.0,0.0,0.0,0.0,0.0,0.0,0.0,0.0,0.0,0.0,0.0,0.0,0.0,0.0,0.0,0.0,0.05543856189282327,0.00021876480968309234,0.4171428408166508,0.021830196549037135,-0.000525800746027862,0.003000987073459943,0.00012574955951507693,0.015950491134855138,-0.0031795963609840454,0.00953204058670798,0.019485251729158874,0.0013025798650544691,0.6880279459138635,-0.001771732230542857,0.5691426320780663,0.6880279459138635,-0.001771732230542857,0.5691426320780663,0.6880279459138635,-0.001771732230542857,0.5691426320780663,0.6880279459138635,-0.001771732230542857,0.5691426320780663,-0.5783640678224412,9.051241973078147,2.4442161357402963,-0.5783640678224412,9.051241973078147,2.4442161357402963,-0.5783640678224412,9.051241973078147,2.4442161357402963,-0.5783640678224412,9.051241973078147,2.4442161357402963,168.89457019559143,167.41417850917122,150.45726108562667,149.08310367345888,0.6880279459138635,-0.001771732230542857,0.5691426320780663,-0.5783640678224412,9.051241973078147,2.4442161357402963,0.1533716390038264,0.4147603777086102,-0.001790102955709888,24.501517532093395,4.464954609114182,-0.17405974809521219
2.498,1,1,1,1,-0.2686280628772485,0.0,0.49999999999999994,-0.15946742065298114,0.0,0.0,0.0,-0.0,0.0,0.0,0.0,0.0,0.3285,0.19164302,-0.012182209999999971,0.3285,-0.19164302,-0.012182209999999971,-0.3285,0.19164302,-0.012182209999999971,-0.3285,-0.19164302,-0.012182209999999971,0.0,0.0,0.0,0.0,0.0,0.0,0.0,0.0,0.0,0.0,0.0,0.0,-61.892298348111865,0.1968865223996167,439.87309839534566,-61.78815125863704,0.19688650934647836,439.64029163597365,-61.89229834843421,0.018365968965865002,172.1868651505328,-61.78815125625375,0.01836596896598953,171.9540541492409,0.2940719371227513,0.002,0.9304,-0.15946742065298808,0.0,0.0,0.0,-0.0,0.0,0.0,0.0,0.0,0.0,0.0,0.0,0.0,0.0,0.0,0.0,0.0,0.0,0.0,0.0,0.0,0.0,0.0,0.0,0.0,0.0,0.0,0.0,0.0,0.0,0.0,0.0,0.0,0.0,0.0,0.0,0.0,0.0,0.0,0.0,0.0,0.0,0.055815245126014816,0.00020651354660146376,0.4171756817613208,0.020045791832880556,-0.0004752614334714033,0.0027599282477421662,0.0001297763628358877,0.01625957775878839,-0.0031835827145324192,0.00930264190568347,0.0178611007476336,0.001327997560614683,0.6884503293708853,-0.0017885746457296206,0.5689807010817082,0.6884503293708853,-0.0017885746457296206,0.5689807010817082,0.6884503293708853,-0.0017885746457296206,0.5689807010817082,0.6884503293708853,-0.0017885746457296206,0.5689807010817082,-0.49463526525328927,9.047837189263763,2.107837518249213,-0.49463526525328927,9.047837189263763,2.107837518249213,-0.49463526525328927,9.047837189263763,2.107837518249213,-0.49463526525328927,9.047837189263763,2.107837518249213,169.47647070513304,167.97270470679325,149.8168715908787,148.41801250386257,0.6884503293708853,-0.0017885746457296206,0.5689807010817082,-0.49463526525328927,9.047837189263763,2.107837518249213,0.15331219302747195,0.4147896843335881,-0.0017957226376817265,24.500113576244704,3.8596426092327087,-0.08181446506252321
2.5180000000000002,1,1,1,1,-0.27172436649353826,0.0,0.49999999999999994,-0.15099335927795665,0.0,0.0,0.0,-0.0,0.0,0.0,0.0,0.0,0.3285,0.19164302,-0.012182209999999971,0.3285,-0.19164302,-0.012182209999999971,-0.3285,0.19164302,-0.012182209999999971,-0.3285,-0.19164302,-0.012182209999999971,0.0,0.0,0.0,0.0,0.0,0.0,0.0,0.0,0.0,0.0,0.0,0.0,-60.82227137894148,0.18332903918805227,438.85359402263543,-60.72291336226409,0.18332903907129858,438.61647523579046,-60.82227137908123,0.013017551988960431,173.28407997259657,-60.72291336625598,0.013017551947169656,173.04695653582098,0.2909756335064616,0.002,0.9304,-0.1509933592779497,0.0,0.0,0.0,-0.0,0.0,0.0,0.0,0.0,0.0,0.0,0.0,0.0,0.0,0.0,0.0,0.0,0.0,0.0,0.0,0.0,0.0,0.0,0.0,0.0,0.0,0.0,0.0,0.0,0.0,0.0,0.0,0.0,0.0,0.0,0.0,0.0,0.0,0.0,0.0,0.0,0.0,0.05615447252368165,0.0001954846095153935,0.4172024757705381,0.018181882990028587,-0.00041826555810774537,0.002395301244802986,0.00013303276970113502,0.016538203337612245,-0.0031868699004476654,0.00935989554574484,0.01646525433156975,0.0013696774486624517,0.6888572433290675,-0.0018034055700268065,0.5688051705489879,0.6888572433290675,-0.0018034055700268065,0.5688051705489879,0.6888572433290675,-0.0018034055700268065,0.5688051705489879,0.6888572433290675,-0.0018034055700268065,0.5688051705489879,-0.5803027372854009,9.050729999812784,2.4442540756653353,-0.5803027372854009,9.050729999812784,2.4442540756653353,-0.5803027372854009,9.050729999812784,2.4442540756653353,-0.5803027372854009,9.050729999812784,2.4442540756653353,169.95903673696915,168.47272955855968,149.35061824999795,147.98641853092727,0.6888572433290675,-0.0018034055700268065,0.5688051705489879,-0.5803027372854009,9.050729999812784,2.4442540756653353,0.153253266241057,0.41534596693347425,-0.0017996732520836473,24.50128994963059,4.461966660489734,-0.17302432672224732
2.5380000000000003,1,1,1,1,-0.274650163054228,0.0,0.49999999999999994,-0.14243022850279896,0.0,0.0,0.0,-0.0,0.0,0.0,0.0,0.0,0.3285,0.19164302,-0.012182209999999971,0.3285,-0.19164302,-0.012182209999999971,-0.3285,0.19164302,-0.012182209999999971,-0.3285,-0.19164302,-0.012182209999999971,0.0,0.0,0.0,0.0,0.0,0.0,0.0,0.0,0.0,0.0,0.0,0.0,-59.788792075758586,0.17426227365105956,437.7860518871745,-59.6923983522118,0.17426227696219615,437.5482964204437,-59.78879207908064,0.009032023632582714,174.3341267387098,-59.69239835221868,0.009032018389208729,174.09636679393856,0.2880498369457718,0.002,0.9304,-0.14243022850282672,0.0,0.0,0.0,-0.0,0.0,0.0,0.0,0.0,0.0,0.0,0.0,0.0,0.0,0.0,0.0,0.0,0.0,0.0,0.0,0.0,0.0,0.0,0.0,0.0,0.0,0.0,0.0,0.0,0.0,0.0,0.0,0.0,0.0,0.0,0.0,0.0,0.0,0.0,0.0,0.0,0.0,0.05645260663828662,0.00018562597784777245,0.41722391614419313,0.015921737257984476,-0.0003688571556222441,0.002121204274209001,0.0001335670621562166,0.01678278443110126,-0.0031895911692355916,0.009136333288443299,0.014482053025890302,0.001393236555560618,0.6891913147339824,-0.0018160999590422667,0.5686728895954603,0.6891913147339824,-0.0018160999590422667,0.5686728895954603,0.6891913147339824,-0.0018160999590422667,0.5686728895954603,0.6891913147339824,-0.0018160999590422667,0.5686728895954603,-0.49747921754198465,9.047374689057513,2.1078298727153095,-0.49747921754198465,9.047374689057513,2.1078298727153095,-0.49747921754198465,9.047374689057513,2.1078298727153095,-0.49747921754198465,9.047374689057513,2.1078298727153095,170.35897734578185,168.8390834125343,148.9229238336444,147.52338714244766,0.6891913147339824,-0.0018160999590422667,0.5686728895954603,-0.49747921754198465,9.047374689057513,2.1078298727153095,0.15319001498108448,0.4153127236804799,-0.0018045675737735772,24.499892863220182,3.8564286605764893,-0.08081595149666221
2.5580000000000003,1,1,1,1,-0.277403982427318,0.0,0.49999999999999994,-0.1338064863278532,0.0,0.0,0.0,-0.0,0.0,0.0,0.0,0.0,0.3285,0.19164302,-0.012182209999999971,0.3285,-0.19164302,-0.012182209999999971,-0.3285,0.19164302,-0.012182209999999971,-0.3285,-0.19164302,-0.012182209999999971,0.0,0.0,0.0,0.0,0.0,0.0,0.0,0.0,0.0,0.0,0.0,0.0,-58.59863445269755,0.16173824833953807,436.56134241670145,-58.506534640746736,0.16173824100470668,436.314042297077,-58.59863445324882,0.003868268041537543,175.7069150530565,-58.506534639966866,0.0038682681054648662,175.45961018901292,0.28529601757268197,0.002,0.9304,-0.13380648632786013,0.0,0.0,0.0,-0.0,0.0,0.0,0.0,0.0,0.0,0.0,0.0,0.0,0.0,0.0,0.0,0.0,0.0,0.0,0.0,0.0,0.0,0.0,0.0,0.0,0.0,0.0,0.0,0.0,0.0,0.0,0.0,0.0,0.0,0.0,0.0,0.0,0.0,0.0,0.0,0.0,0.0,0.056704947633491716,0.00017697669822395586,0.41723900963403504,0.013690937392670747,-0.00031457393731162123,0.001737851499683523,0.00013344180534556496,0.016990683637939208,-0.003191652472244415,0.00920158448213108,0.012814490505629496,0.0014322728840625598,0.689500170700708,-0.0018268228094040877,0.5685311885407834,0.689500170700708,-0.0018268228094040877,0.5685311885407834,0.689500170700708,-0.0018268228094040877,0.5685311885407834,0.689500170700708,-0.0018268228094040877,0.5685311885407834,-0.5835240577897725,9.050318702295321,2.4441688444250427,-0.5835240577897725,9.050318702295321,2.4441688444250427,-0.5835240577897725,9.050318702295321,2.4441688444250427,-0.5835240577897725,9.050318702295321,2.4441688444250427,170.6514498659974,169.13956470323376,148.67566349399493,147.3007259813233,0.689500170700708,-0.0018268228094040877,0.5685311885407834,-0.5835240577897725,9.050318702295321,2.4441688444250427,0.1531273916249065,0.41579985610938985,-0.0018077628782972588,24.50107342941729,4.458358012389971,-0.171881735074507
2.578,1,1,1,1,-0.2799849355208082,0.0,0.49999999999999994,-0.12515167075285993,0.0,0.0,0.0,-0.0,0.0,0.0,0.0,0.0,0.3285,0.19164302,-0.012182209999999971,0.3285,-0.19164302,-0.012182209999999971,-0.3285,0.19164302,-0.012182209999999971,-0.3285,-0.19164302,-0.012182209999999971,0.0,0.0,0.0,0.0,0.0,0.0,0.0,0.0,0.0,0.0,0.0,0.0,-57.46812241161679,0.15391670821543232,435.31022522492157,-57.37844867368721,0.15391670630448664,435.0580240226866,-57.46812241038452,0.00020532015603094613,177.00577989171782,-57.37844867265287,0.0002053174881439761,176.7535742971694,0.2827150644791917,0.002,0.9304,-0.12515167075288075,0.0,0.0,0.0,-0.0,0.0,0.0,0.0,0.0,0.0,0.0,0.0,0.0,0.0,0.0,0.0,0.0,0.0,0.0,0.0,0.0,0.0,0.0,0.0,0.0,0.0,0.0,0.0,0.0,0.0,0.0,0.0,0.0,0.0,0.0,0.0,0.0,0.0,0.0,0.0,0.0,0.0,0.05691006427003755,0.00016944714742750066,0.41724868905187595,0.011174543309648165,-0.0002693391726442297,0.001458676614612026,0.00013075191736805275,0.017160074252701385,-0.0031932036033082804,0.0089880507285122,0.010647489358318888,0.0014522227856773433,0.6897289804027038,-0.0018355116382162574,0.5684360134940674,0.6897289804027038,-0.0018355116382162574,0.5684360134940674,0.6897289804027038,-0.0018355116382162574,0.5684360134940674,0.6897289804027038,-0.0018355116382162574,0.5684360134940674,-0.5013497664576996,9.047022231962154,2.107683179903807,-0.5013497664576996,9.047022231962154,2.107683179903807,-0.5013497664576996,9.047022231962154,2.107683179903807,-0.5013497664576996,9.047022231962154,2.107683179903807,170.8572973740959,169.3032020694442,148.46833990239088,147.04861890264604,0.6897289804027038,-0.0018355116382162574,0.5684360134940674,-0.5013497664576996,9.047022231962154,2.107683179903807,0.15306061299437357,0.415692858542859,-0.0018118845236357595,24.49968862777623,3.852694611380093,-0.07972740023947011
2.598,1,1,1,1,-0.28239273588269814,0.0,0.49999999999999994,-0.11649639977784343,0.0,0.0,0.0,-0.0,0.0,0.0,0.0,0.0,0.3285,0.19164302,-0.012182209999999971,0.3285,-0.19164302,-0.012182209999999971,-0.3285,0.19164302,-0.012182209999999971,-0.3285,-0.19164302,-0.012182209999999971,0.0,0.0,0.0,0.0,0.0,0.0,0.0,0.0,0.0,0.0,0.0,0.0,-56.20436921256129,0.14280987000917525,433.9257745320197,-56.118429325937285,0.14280986969762188,433.6607683146801,-56.204369211683066,-0.004501254076679263,178.59737569464744,-56.11842932482117,-0.004501251458207874,178.33236498698625,0.2803072641173018,0.002,0.9304,-0.11649639977783649,0.0,0.0,0.0,-0.0,0.0,0.0,0.0,0.0,0.0,0.0,0.0,0.0,0.0,0.0,0.0,0.0,0.0,0.0,0.0,0.0,0.0,0.0,0.0,0.0,0.0,0.0,0.0,0.0,0.0,0.0,0.0,0.0,0.0,0.0,0.0,0.0,0.0,0.0,0.0,0.0,0.0,0.057065468657559425,0.00016304126325279033,0.41725218216283555,0.008797263903567833,-0.00022055872477639503,0.0010830626218422347,0.00012760124174319033,0.017290066475864396,-0.0031941652726735843,0.009065027992399671,0.008882843636772926,0.0014870316410868496,0.6899278533304583,-0.0018423900389881202,0.5683337376711602,0.6899278533304583,-0.0018423900389881202,0.5683337376711602,0.6899278533304583,-0.0018423900389881202,0.5683337376711602,0.6899278533304583,-0.0018423900389881202,0.5683337376711602,-0.5876300937313698,9.050028676507818,2.4439779339753254,-0.5876300937313698,9.050028676507818,2.4439779339753254,-0.5876300937313698,9.050028676507818,2.4439779339753254,-0.5876300937313698,9.050028676507818,2.4439779339753254,170.95615243098854,169.40239593353067,148.43855478665876,147.03479844410816,0.6899278533304583,-0.0018423900389881202,0.5683337376711602,-0.5876300937313698,9.050028676507818,2.4439779339753254,0.1529946681173014,0.4161031864702509,-0.0018143061481476902,24.50087905605838,4.454474539772848,-0.17068828244456746
2.618,1,1,1,1,-0.2846277213009883,0.0,0.49999999999999994,-0.10787237140297279,0.0,0.0,0.0,-0.0,0.0,0.0,0.0,0.0,0.3285,0.19164302,-0.012182209999999971,0.3285,-0.19164302,-0.012182209999999971,-0.3285,0.19164302,-0.012182209999999971,-0.3285,-0.19164302,-0.012182209999999971,0.0,0.0,0.0,0.0,0.0,0.0,0.0,0.0,0.0,0.0,0.0,0.0,-55.02382457973674,0.1365529462744159,432.54054004340816,-54.93973332732138,0.13655295017160363,432.2683698891109,-55.02382457904348,-0.007589348531738691,180.08263597628257,-54.93973332735972,-0.007589353914154858,179.81046179614754,0.2780722786990116,0.002,0.9304,-0.10787237140294503,0.0,0.0,0.0,-0.0,0.0,0.0,0.0,0.0,0.0,0.0,0.0,0.0,0.0,0.0,0.0,0.0,0.0,0.0,0.0,0.0,0.0,0.0,0.0,0.0,0.0,0.0,0.0,0.0,0.0,0.0,0.0,0.0,0.0,0.0,0.0,0.0,0.0,0.0,0.0,0.0,0.0,0.0571719031380575,0.00015763728187544307,0.4172506207982969,0.006241347183620122,-0.0001820062956675275,0.0008234783369048251,0.0001221212958946174,0.017380539491372415,-0.003194699984309827,0.008864696100118169,0.006702613484518469,0.0015020459582650032,0.6900444543975113,-0.001847447866110665,0.5682793770035719,0.6900444543975113,-0.001847447866110665,0.5682793770035719,0.6900444543975113,-0.001847447866110665,0.5682793770035719,0.6900444543975113,-0.001847447866110665,0.5682793770035719,-0.5058269033236952,9.046794858885539,2.1074211095966344,-0.5058269033236952,9.046794858885539,2.1074211095966344,-0.5058269033236952,9.046794858885539,2.1074211095966344,-0.5058269033236952,9.046794858885539,2.1074211095966344,170.97273839732836,169.3700984561366,148.44149564125104,146.9851626434106,0.6900444543975113,-0.001847447866110665,0.5682793770035719,-0.5058269033236952,9.046794858885539,2.1074211095966344,0.15292482630649956,0.4159181592957395,-0.001817656535595194,24.499510798583678,3.848787904677441,-0.07860550541927402
2.638,1,1,1,1,-0.28669087540367827,0.0,0.49999999999999994,-0.0993123636278681,0.0,0.0,0.0,-0.0,0.0,0.0,0.0,0.0,0.3285,0.19164302,-0.012182209999999971,0.3285,-0.19164302,-0.012182209999999971,-0.3285,0.19164302,-0.012182209999999971,-0.3285,-0.19164302,-0.012182209999999971,0.0,0.0,0.0,0.0,0.0,0.0,0.0,0.0,0.0,0.0,0.0,0.0,-53.73336401125481,0.12712093050408457,431.04904113243765,-53.652427248248976,0.12712093826699852,430.76280120821696,-53.733364010074595,-0.011614238242156964,181.8260748003731,-53.652427248054146,-0.0116142356090315,181.5398308571748,0.27600912459632154,0.002,0.9304,-0.09931236362788198,0.0,0.0,0.0,-0.0,0.0,0.0,0.0,0.0,0.0,0.0,0.0,0.0,0.0,0.0,0.0,0.0,0.0,0.0,0.0,0.0,0.0,0.0,0.0,0.0,0.0,0.0,0.0,0.0,0.0,0.0,0.0,0.0,0.0,0.0,0.0,0.0,0.0,0.0,0.0,0.0,0.0,0.05722897135107396,0.00015321036170665045,0.4172434108574583,0.003926469641313939,-0.00014092936971693638,0.0004781935458249837,0.00011644695450695294,0.01743223513842418,-0.003194739142555366,0.00895605998099814,0.0050042864044458025,0.0015314914801839686,0.6901312590922803,-0.0018509561169661752,0.5682183675324703,0.6901312590922803,-0.0018509561169661752,0.5682183675324703,0.6901312590922803,-0.0018509561169661752,0.5682183675324703,0.6901312590922803,-0.0018509561169661752,0.5682183675324703,-0.5921961471647874,9.049868922981261,2.443702398281084,-0.5921961471647874,9.049868922981261,2.443702398281084,-0.5921961471647874,9.049868922981261,2.443702398281084,-0.5921961471647874,9.049868922981261,2.443702398281084,170.89049797996444,169.28259321343842,148.6110986082997,147.16391496619744,0.6901312590922803,-0.0018509561169661752,0.5682183675324703,-0.5921961471647874,9.049868922981261,2.443702398281084,0.1528560993042865,0.416250818301906,-0.0018193313730045374,24.500715501279448,4.450647634621653,-0.16949824511262257
2.658,1,1,1,1,-0.28858384925876845,0.0,0.49999999999999994,-0.09085023445296048,0.0,0.0,0.0,-0.0,0.0,0.0,0.0,0.0,0.3285,0.19164302,-0.012182209999999971,0.3285,-0.19164302,-0.012182209999999971,-0.3285,0.19164302,-0.012182209999999971,-0.3285,-0.19164302,-0.012182209999999971,0.0,0.0,0.0,0.0,0.0,0.0,0.0,0.0,0.0,0.0,0.0,0.0,-52.549040070535014,0.12261978080986231,429.58490628052124,-52.46937773767445,0.12261976437263883,429.2911980001664,-52.549040073224816,-0.013930889495568952,183.42716234496052,-52.46937773494904,-0.013930892252112586,183.13345055964797,0.27411615074123136,0.002,0.9304,-0.09085023445296048,0.0,0.0,0.0,-0.0,0.0,0.0,0.0,0.0,0.0,0.0,0.0,0.0,0.0,0.0,0.0,0.0,0.0,0.0,0.0,0.0,0.0,0.0,0.0,0.0,0.0,0.0,0.0,0.0,0.0,0.0,0.0,0.0,0.0,0.0,0.0,0.0,0.0,0.0,0.0,0.0,0.0,0.05723938799029931,0.0001496136665433638,0.4172318402078033,0.0015281588097526865,-0.0001109342649029361,0.0002585313115126724,0.00010873520629484643,0.01744656310846504,-0.0031944538249889303,0.008771010939564727,0.0029642153331731575,0.0015407113217115506,0.6901381922656555,-0.0018529444510915578,0.5682048512888134,0.6901381922656555,-0.0018529444510915578,0.5682048512888134,0.6901381922656555,-0.0018529444510915578,0.5682048512888134,0.6901381922656555,-0.0018529444510915578,0.5682048512888134,-0.5104877276276549,9.04669623705864,2.1070708273316066,-0.5104877276276549,9.04669623705864,2.1070708273316066,-0.5104877276276549,9.04669623705864,2.1070708273316066,-0.5104877276276549,9.04669623705864,2.1070708273316066,170.73748942414423,169.07618938239804,148.79909691966995,147.29351794776187,0.6901381922656555,-0.0018529444510915578,0.5682048512888134,-0.5104877276276549,9.04669623705864,2.1070708273316066,0.15278379916407359,0.41599001789951484,-0.0018219543233880114,24.499366753537906,3.845031566687278,-0.07750326746989522
2.678,1,1,1,1,-0.29030898297425806,0.0,0.49999999999999994,-0.08252092187766014,0.0,0.0,0.0,-0.0,0.0,0.0,0.0,0.0,0.3285,0.19164302,-0.012182209999999971,0.3285,-0.19164302,-0.012182209999999971,-0.3285,0.19164302,-0.012182209999999971,-0.3285,-0.19164302,-0.012182209999999971,0.0,0.0,0.0,0.0,0.0,0.0,0.0,0.0,0.0,0.0,0.0,0.0,-51.277030242849754,0.11499219638939139,428.04334827320275,-51.19996183956088,0.11499220065955484,427.73619522379505,-51.2770302418812,-0.01711215526598213,185.24936997841752,-51.19996184145376,-0.01711215526783745,184.94221351433416,0.2723910170257417,0.002,0.9304,-0.08252092187763238,0.0,0.0,0.0,-0.0,0.0,0.0,0.0,0.0,0.0,0.0,0.0,0.0,0.0,0.0,0.0,0.0,0.0,0.0,0.0,0.0,0.0,0.0,0.0,0.0,0.0,0.0,0.0,0.0,0.0,0.0,0.0,0.0,0.0,0.0,0.0,0.0,0.0,0.0,0.0,0.0,0.0,0.057204574760908886,0.0001468012220724795,0.41721544974681346,-0.0005422739830588475,-7.90950460906626e-05,-3.851213685666275e-05,0.00010114091787809124,0.017425668827038665,-0.0031937819309982482,0.008878313317376308,0.0014731101058280051,0.0015641312697899055,0.6901198063994081,-0.00185371820752377,0.5681834261607349,0.6901198063994081,-0.00185371820752377,0.5681834261607349,0.6901198063994081,-0.00185371820752377,0.5681834261607349,0.6901198063994081,-0.00185371820752377,0.5681834261607349,-0.5968070296762615,9.049837313000085,2.443366573272881,-0.5968070296762615,9.049837313000085,2.443366573272881,-0.5968070296762615,9.049837313000085,2.443366573272881,-0.5968070296762615,9.049837313000085,2.443366573272881,170.50004832370502,168.83008217235297,149.13657777916129,147.63539779487746,0.6901198063994081,-0.00185371820752377,0.5681834261607349,-0.5968070296762615,9.049837313000085,2.443366573272881,0.1527129458947334,0.4162502893301234,-0.0018229471794597163,24.500588750765758,4.44717010659903,-0.16835992639965447
2.698,1,1,1,1,-0.2918693272981482,0.0,0.49999999999999994,-0.07436044390313201,0.0,0.0,0.0,-0.0,0.0,0.0,0.0,0.0,0.3285,0.19164302,-0.012182209999999971,0.3285,-0.19164302,-0.012182209999999971,-0.3285,0.19164302,-0.012182209999999971,-0.3285,-0.19164302,-0.012182209999999971,0.0,0.0,0.0,0.0,0.0,0.0,0.0,0.0,0.0,0.0,0.0,0.0,-50.13259121215584,0.1123122615481738,426.5583989382027,-50.056259868142575,0.11231225569236271,426.24526765194634,-50.132591208755855,-0.018528703365881517,186.89159688239562,-50.05625986735939,-0.018528703350460817,186.57846268165906,0.2708306727018515,0.002,0.9304,-0.07436044390315977,0.0,0.0,0.0,-0.0,0.0,0.0,0.0,0.0,0.0,0.0,0.0,0.0,0.0,0.0,0.0,0.0,0.0,0.0,0.0,0.0,0.0,0.0,0.0,0.0,0.0,0.0,0.0,0.0,0.0,0.0,0.0,0.0,0.0,0.0,0.0,0.0,0.0,0.0,0.0,0.0,0.0,0.057128882286232245,0.0001446092014047622,0.4171956416737924,-0.00261899140975886,-5.884398273980528e-05,-0.00020284171072536066,9.183502297135438e-05,0.01737221837793501,-0.0031928989944982646,0.008709528527265994,-0.0003005315088132563,0.0015671666829325621,0.6900278990431967,-0.0018533330199271589,0.5682074872027998,0.6900278990431967,-0.0018533330199271589,0.5682074872027998,0.6900278990431967,-0.0018533330199271589,0.5682074872027998,0.6900278990431967,-0.0018533330199271589,0.5682074872027998,-0.5149400926087172,9.04671953688557,2.106662365788513,-0.5149400926087172,9.04671953688557,2.106662365788513,-0.5149400926087172,9.04671953688557,2.106662365788513,-0.5149400926087172,9.04671953688557,2.106662365788513,170.20879307436218,168.48314251122233,149.47284238396256,147.90959184975122,0.6900278990431967,-0.0018533330199271589,0.5682074872027998,-0.5149400926087172,9.04671953688557,2.106662365788513,0.15263888346184287,0.4159216451739056,-0.0018249210828572004,24.499261134592928,3.8417018681467203,-0.0764663460259154
2.718,1,1,1,1,-0.29326866521843886,0.0,0.49999999999999994,-0.06640589852849321,0.0,0.0,0.0,-0.0,0.0,0.0,0.0,0.0,0.3285,0.19164302,-0.012182209999999971,0.3285,-0.19164302,-0.012182209999999971,-0.3285,0.19164302,-0.012182209999999971,-0.3285,-0.19164302,-0.012182209999999971,0.0,0.0,0.0,0.0,0.0,0.0,0.0,0.0,0.0,0.0,0.0,0.0,-48.92088437168042,0.10649714307921923,425.0252864100584,-48.84663427239831,0.10649714400156933,424.70100865595396,-48.920884370459966,-0.020776324219012373,188.71727429313776,-48.84663427238045,-0.020776324243221133,188.39299374927148,0.2694313347815609,0.002,0.9304,-0.06640589852847933,0.0,0.0,0.0,-0.0,0.0,0.0,0.0,0.0,0.0,0.0,0.0,0.0,0.0,0.0,0.0,0.0,0.0,0.0,0.0,0.0,0.0,0.0,0.0,0.0,0.0,0.0,0.0,0.0,0.0,0.0,0.0,0.0,0.0,0.0,0.0,0.0,0.0,0.0,0.0,0.0,0.0,0.057015161493070135,0.00014297884961436875,0.41717205093327636,-0.004301368148565115,-3.7078175696566237e-05,-0.00043880505316867325,8.298121040066953e-05,0.017289448362078685,-0.0031917453745641377,0.008833235811915075,-0.0014745148831913054,0.0015843577205275827,0.6899186785962392,-0.0018521146378995348,0.568220956244372,0.6899186785962392,-0.0018521146378995348,0.568220956244372,0.6899186785962392,-0.0018521146378995348,0.568220956244372,0.6899186785962392,-0.0018521146378995348,0.568220956244372,-0.6010887769854161,9.049921898827018,2.442997710100413,-0.6010887769854161,9.049921898827018,2.442997710100413,-0.6010887769854161,9.049921898827018,2.442997710100413,-0.6010887769854161,9.049921898827018,2.442997710100413,169.85187521172446,168.1163495990684,149.93707071672634,148.37562822313419,0.6899186785962392,-0.0018521146378995348,0.568220956244372,-0.6010887769854161,9.049921898827018,2.442997710100413,0.1525666260568814,0.41611990588478087,-0.001825326320122972,24.500502012629813,4.4442776172110605,-0.1673126121967119
2.738,1,1,1,1,-0.2945115335631281,0.0,0.49999999999999994,-0.05869546375297796,0.0,0.0,0.0,-0.0,0.0,0.0,0.0,0.0,0.3285,0.19164302,-0.012182209999999971,0.3285,-0.19164302,-0.012182209999999971,-0.3285,0.19164302,-0.012182209999999971,-0.3285,-0.19164302,-0.012182209999999971,0.0,0.0,0.0,0.0,0.0,0.0,0.0,0.0,0.0,0.0,0.0,0.0,-47.85611735388474,0.10558834096057902,423.5778662777784,-47.782127827183636,0.1055883409514873,423.2506317989299,-47.85611735470613,-0.021238487302741017,190.3255177179573,-47.78212782530027,-0.021238487317802267,189.99828087649385,0.26818846643687155,0.002,0.9304,-0.05869546375296408,0.0,0.0,0.0,-0.0,0.0,0.0,0.0,0.0,0.0,0.0,0.0,0.0,0.0,0.0,0.0,0.0,0.0,0.0,0.0,0.0,0.0,0.0,0.0,0.0,0.0,0.0,0.0,0.0,0.0,0.0,0.0,0.0,0.0,0.0,0.0,0.0,0.0,0.0,0.0,0.0,0.0,0.05686896826085903,0.00014173782445335047,0.4171461546900915,-0.005935145677940228,-2.7059997810830536e-05,-0.000537556396800775,7.275308244804129e-05,0.01718093801357168,-0.003190497227450657,0.008680649861483395,-0.002889560845136774,0.0015812523959367983,0.6897453223255228,-0.0018501305342311213,0.5682766614432623,0.6897453223255228,-0.0018501305342311213,0.5682766614432623,0.6897453223255228,-0.0018501305342311213,0.5682766614432623,0.6897453223255228,-0.0018501305342311213,0.5682766614432623,-0.5188502291096807,9.04684906149884,2.1062276903654076,-0.5188502291096807,9.04684906149884,2.1062276903654076,-0.5188502291096807,9.04684906149884,2.1062276903654076,-0.5188502291096807,9.04684906149884,2.1062276903654076,169.46155425189363,167.67019787716842,150.3772232654998,148.75219745452577,0.6897453223255228,-0.0018501305342311213,0.5682766614432623,-0.5188502291096807,9.04684906149884,2.1062276903654076,0.15249153831973278,0.41573581060520937,-0.001826755647182085,24.49919583713627,3.839011605366397,-0.0755303251450421
2.758,1,1,1,1,-0.2956032446002179,0.0,0.49999999999999994,-0.051268397577824976,0.0,0.0,0.0,-0.0,0.0,0.0,0.0,0.0,0.3285,0.19164302,-0.012182209999999971,0.3285,-0.19164302,-0.012182209999999971,-0.3285,0.19164302,-0.012182209999999971,-0.3285,-0.19164302,-0.012182209999999971,0.0,0.0,0.0,0.0,0.0,0.0,0.0,0.0,0.0,0.0,0.0,0.0,-46.7422710809394,0.10148515440014845,422.11083369163833,-46.66991755686699,0.10148514064117885,421.77612111585273,-46.74227108105673,-0.022537418329827308,192.0805664547314,-46.669917556832544,-0.022537418397864908,191.74585162646017,0.26709675539978167,0.002,0.9304,-0.051268397577824976,0.0,0.0,0.0,-0.0,0.0,0.0,0.0,0.0,0.0,0.0,0.0,0.0,0.0,0.0,0.0,0.0,0.0,0.0,0.0,0.0,0.0,0.0,0.0,0.0,0.0,0.0,0.0,0.0,0.0,0.0,0.0,0.0,0.0,0.0,0.0,0.0,0.0,0.0,0.0,0.0,0.0,0.056694121641662605,0.0001408230323702709,0.41711764305417676,-0.0071316092818902,-1.5516971944004343e-05,-0.0007048056101176765,6.331246810986776e-05,0.01705064958970226,-0.0031890937295853744,0.00882022288730141,-0.0036729153229027975,0.0015924221654280647,0.6895651881055394,-0.0018477130278698583,0.5683180530604001,0.6895651881055394,-0.0018477130278698583,0.5683180530604001,0.6895651881055394,-0.0018477130278698583,0.5683180530604001,0.6895651881055394,-0.0018477130278698583,0.5683180530604001,-0.6047336411222971,9.050102868483823,2.4426249272121763,-0.6047336411222971,9.050102868483823,2.4426249272121763,-0.6047336411222971,9.050102868483823,2.4426249272121763,-0.6047336411222971,9.050102868483823,2.4426249272121763,169.02666967136838,167.2262789670335,150.92156004151803,149.29786121209318,0.6895651881055394,-0.0018477130278698583,0.5683180530604001,-0.6047336411222971,9.050102868483823,2.4426249272121763,0.15241861568017503,0.4158861900527995,-0.0018266885896982277,24.500455793004555,4.44213579159541,-0.16638444639990801
2.778,1,1,1,1,-0.29654990763770833,0.0,0.49999999999999994,-0.04416503800286353,0.0,0.0,0.0,-0.0,0.0,0.0,0.0,0.0,0.3285,0.19164302,-0.012182209999999971,0.3285,-0.19164302,-0.012182209999999971,-0.3285,0.19164302,-0.012182209999999971,-0.3285,-0.19164302,-0.012182209999999971,0.0,0.0,0.0,0.0,0.0,0.0,0.0,0.0,0.0,0.0,0.0,0.0,-45.79240341110122,0.10219772026808044,420.75743034862194,-45.71990962747806,0.10219773085168463,420.42397746162027,-45.792403413226424,-0.0220652159592133,193.58239090312688,-45.719909628363965,-0.02206521858281408,193.24893612351377,0.2661500923622912,0.002,0.9304,-0.04416503800289129,0.0,0.0,0.0,-0.0,0.0,0.0,0.0,0.0,0.0,0.0,0.0,0.0,0.0,0.0,0.0,0.0,0.0,0.0,0.0,0.0,0.0,0.0,0.0,0.0,0.0,0.0,0.0,0.0,0.0,0.0,0.0,0.0,0.0,0.0,0.0,0.0,0.0,0.0,0.0,0.0,0.0,0.056496902154818666,0.00014006188423259727,0.4170880300767615,-0.008248847981220008,-1.5555654821340146e-05,-0.0007329482260611865,5.282520556780046e-05,0.016902695681210833,-0.003187708298697274,0.008682828604001595,-0.004675043460038399,0.0015835904764923694,0.6893322835319082,-0.0018449279090447953,0.5683976037262052,0.6893322835319082,-0.0018449279090447953,0.5683976037262052,0.6893322835319082,-0.0018449279090447953,0.5683976037262052,0.6893322835319082,-0.0018449279090447953,0.5683976037262052,-0.5219627876435189,9.047062403355538,2.10579929315915,-0.5219627876435189,9.047062403355538,2.10579929315915,-0.5219627876435189,9.047062403355538,2.10579929315915,-0.5219627876435189,9.047062403355538,2.10579929315915,168.58015936341215,166.7257309632331,151.4177775297329,149.73102648071662,0.6893322835319082,-0.0018449279090447953,0.5683976037262052,-0.5219627876435189,9.047062403355538,2.10579929315915,0.15234323245576695,0.415462056901555,-0.0018276954117751876,24.499170158323402,3.837099889878239,-0.07471902220371085
2.798,1,1,1,1,-0.29735845062359817,0.0,0.49999999999999994,-0.03742680302781798,0.0,0.0,0.0,-0.0,0.0,0.0,0.0,0.0,0.3285,0.19164302,-0.012182209999999971,0.3285,-0.19164302,-0.012182209999999971,-0.3285,0.19164302,-0.012182209999999971,-0.3285,-0.19164302,-0.012182209999999971,0.0,0.0,0.0,0.0,0.0,0.0,0.0,0.0,0.0,0.0,0.0,0.0,-44.80930186958678,0.09961538420758853,419.4114376826273,-44.73807735548579,0.0996153833697665,419.0751827918802,-44.80930187199715,-0.022471904951471236,195.19669005667072,-44.73807735630357,-0.022471904979829024,194.86043336860115,0.2653415493764015,0.002,0.9304,-0.03742680302781798,0.0,0.0,0.0,-0.0,0.0,0.0,0.0,0.0,0.0,0.0,0.0,0.0,0.0,0.0,0.0,0.0,0.0,0.0,0.0,0.0,0.0,0.0,0.0,0.0,0.0,0.0,0.0,0.0,0.0,0.0,0.0,0.0,0.0,0.0,0.0,0.0,0.0,0.0,0.0,0.0,0.0,0.056281608070129586,0.00013939490560748553,0.41705702265879674,-0.008910201445264117,-1.3751145362183456e-05,-0.0008290445990804367,4.3441629049960524e-05,0.016741378918453842,-0.003186275831633291,0.008836850499071111,-0.005032718156021234,0.0015892866823459123,0.6891045727694085,-0.0018421011730873039,0.568458514978857,0.6891045727694085,-0.0018421011730873039,0.568458514978857,0.6891045727694085,-0.0018421011730873039,0.568458514978857,0.6891045727694085,-0.0018421011730873039,0.568458514978857,-0.6075170885797166,9.050354897676222,2.442277208626824,-0.6075170885797166,9.050354897676222,2.442277208626824,-0.6075170885797166,9.050354897676222,2.442277208626824,-0.6075170885797166,9.050354897676222,2.442277208626824,168.11048361540554,166.2496570355884,151.9941766319701,150.31020434740344,0.6891045727694085,-0.0018421011730873039,0.568458514978857,-0.6075170885797166,9.050354897676222,2.442277208626824,0.15227035416495804,0.415580925393749,-0.0018272840609395713,24.50044811940628,4.440833463693922,-0.16559128896383513
2.818,1,1,1,1,-0.29803664174588845,0.0,0.49999999999999994,-0.031096190653112643,0.0,0.0,0.0,-0.0,0.0,0.0,0.0,0.0,0.3285,0.19164302,-0.012182209999999971,0.3285,-0.19164302,-0.012182209999999971,-0.3285,0.19164302,-0.012182209999999971,-0.3285,-0.19164302,-0.012182209999999971,0.0,0.0,0.0,0.0,0.0,0.0,0.0,0.0,0.0,0.0,0.0,0.0,-44.004919699798116,0.1017198191472669,418.2052138503149,-43.93323680232577,0.10171981460257502,417.87524878030933,-44.00491969873523,-0.021153182974361803,196.52474938210793,-43.933236802398916,-0.02115318828643346,196.19478278289452,0.2646633582541112,0.002,0.9304,-0.031096190653112643,0.0,0.0,0.0,-0.0,0.0,0.0,0.0,0.0,0.0,0.0,0.0,0.0,0.0,0.0,0.0,0.0,0.0,0.0,0.0,0.0,0.0,0.0,0.0,0.0,0.0,0.0,0.0,0.0,0.0,0.0,0.0,0.0,0.0,0.0,0.0,0.0,0.0,0.0,0.0,0.0,0.0,0.05605475763328484,0.0001386567842652353,0.4170261332718975,-0.009485812513020993,-2.3076722523291323e-05,-0.000786701940075056,3.331074765699159e-05,0.016570962377493226,-0.0031849642342702995,0.008712847170684787,-0.005605848601111702,0.0015754341392133742,0.6888363367598399,-0.0018392848063782806,0.5685531223959136,0.6888363367598399,-0.0018392848063782806,0.5685531223959136,0.6888363367598399,-0.0018392848063782806,0.5685531223959136,0.6888363367598399,-0.0018392848063782806,0.5685531223959136,-0.5241125587474168,9.04733287682738,2.105408241461067,-0.5241125587474168,9.04733287682738,2.105408241461067,-0.5241125587474168,9.04733287682738,2.105408241461067,-0.5241125587474168,9.04733287682738,2.105408241461067,167.65035269021936,165.7389186483406,152.49917914915804,150.7544942927877,0.6888363367598399,-0.0018392848063782806,0.5685531223959136,-0.5241125587474168,9.04733287682738,2.105408241461067,0.1521953546639347,0.41513364291167765,-0.001828000012342637,24.499181082916262,3.836028946392049,-0.07404390771246483
2.838,1,1,1,1,-0.2985931110325783,0.0,0.49999999999999994,-0.025216778878206503,0.0,0.0,0.0,-0.0,0.0,0.0,0.0,0.0,0.3285,0.19164302,-0.012182209999999971,0.3285,-0.19164302,-0.012182209999999971,-0.3285,0.19164302,-0.012182209999999971,-0.3285,-0.19164302,-0.012182209999999971,0.0,0.0,0.0,0.0,0.0,0.0,0.0,0.0,0.0,0.0,0.0,0.0,-43.18097557381953,0.10039786369634598,417.03142896637576,-43.11027805427343,0.10039785974582494,416.7039531045168,-43.180975573911866,-0.02078610335386413,197.93415530452768,-43.11027805662747,-0.020786103353694154,197.60667798350758,0.2641068889674213,0.002,0.9304,-0.02521677887822038,0.0,0.0,0.0,-0.0,0.0,0.0,0.0,0.0,0.0,0.0,0.0,0.0,0.0,0.0,0.0,0.0,0.0,0.0,0.0,0.0,0.0,0.0,0.0,0.0,0.0,0.0,0.0,0.0,0.0,0.0,0.0,0.0,0.0,0.0,0.0,0.0,0.0,0.0,0.0,0.0,0.0,0.05582065354821263,0.00013779864589949018,0.4169950464150894,-0.009610242021483497,-2.998025549847194e-05,-0.0008142840493404217,2.4563289594977137e-05,0.016395716816079986,-0.0031837016535174794,0.008879189087761427,-0.005540033318432498,0.0015764617704554346,0.6885856124860252,-0.00183678724772091,0.5686245956209203,0.6885856124860252,-0.00183678724772091,0.5686245956209203,0.6885856124860252,-0.00183678724772091,0.5686245956209203,0.6885856124860252,-0.00183678724772091,0.5686245956209203,-0.6093063944813971,9.050649653800816,2.441980660721648,-0.6093063944813971,9.050649653800816,2.441980660721648,-0.6093063944813971,9.050649653800816,2.441980660721648,-0.6093063944813971,9.050649653800816,2.441980660721648,167.1869389827887,165.27319944655912,153.06199788146262,151.32319568624993,0.6885856124860252,-0.00183678724772091,0.5686245956209203,-0.6093063944813971,9.050649653800816,2.441980660721648,0.15212316071387644,0.415238064460157,-0.0018273773893694861,24.500474888003478,4.440382537710797,-0.16493662213032145
2.858,1,1,1,1,-0.2990373719516681,0.0,0.49999999999999994,-0.019833225702703405,0.0,0.0,0.0,-0.0,0.0,0.0,0.0,0.0,0.3285,0.19164302,-0.012182209999999971,0.3285,-0.19164302,-0.012182209999999971,-0.3285,0.19164302,-0.012182209999999971,-0.3285,-0.19164302,-0.012182209999999971,0.0,0.0,0.0,0.0,0.0,0.0,0.0,0.0,0.0,0.0,0.0,0.0,-42.54849092532773,0.10360689357108856,416.02145936750446,-42.477100726411784,0.1036068941978849,415.70572011782514,-42.54849092827455,-0.018764427044235178,199.02777278036348,-42.47710072459027,-0.01876442188150058,198.7120323113906,0.2636626280483315,0.002,0.9304,-0.019833225702689528,0.0,0.0,0.0,-0.0,0.0,0.0,0.0,0.0,0.0,0.0,0.0,0.0,0.0,0.0,0.0,0.0,0.0,0.0,0.0,0.0,0.0,0.0,0.0,0.0,0.0,0.0,0.0,0.0,0.0,0.0,0.0,0.0,0.0,0.0,0.0,0.0,0.0,0.0,0.0,0.0,0.0,0.05558559802209695,0.0001366687953703791,0.41696523350337616,-0.009664468347856267,-4.733073113062525e-05,-0.0007065405922993003,1.5324167864892713e-05,0.01621970118836802,-0.0031826483480346004,0.00876616322281954,-0.005703590117460548,0.0015584996685795885,0.6883064341655389,-0.001834636577741096,0.5687253357549876,0.6883064341655389,-0.001834636577741096,0.5687253357549876,0.6883064341655389,-0.001834636577741096,0.5687253357549876,0.6883064341655389,-0.001834636577741096,0.5687253357549876,-0.525227869611823,9.047631996107707,2.1050817964020285,-0.525227869611823,9.047631996107707,2.1050817964020285,-0.525227869611823,9.047631996107707,2.1050817964020285,-0.525227869611823,9.047631996107707,2.1050817964020285,166.7519587585879,164.79230715405708,153.53262087246802,151.73692927202976,0.6883064341655389,-0.001834636577741096,0.5687253357549876,-0.525227869611823,9.047631996107707,2.1050817964020285,0.15204913698077555,0.4147844836477368,-0.0018279362902463847,24.499223679612534,3.8357876893220455,-0.07350459491263983
2.878,1,1,1,1,-0.2993798430111583,0.0,0.49999999999999994,-0.014991269127934137,0.0,0.0,0.0,-0.0,0.0,0.0,0.0,0.0,0.3285,0.19164302,-0.012182209999999971,0.3285,-0.19164302,-0.012182209999999971,-0.3285,0.19164302,-0.012182209999999971,-0.3285,-0.19164302,-0.012182209999999971,0.0,0.0,0.0,0.0,0.0,0.0,0.0,0.0,0.0,0.0,0.0,0.0,-41.90835415481629,0.10323800995298425,415.06684256695166,-41.83774783481548,0.10323801397856754,414.75910452298336,-41.908354155363185,-0.01778964792743098,200.1752661882436,-41.83774783474698,-0.017789650414715665,199.86752694115248,0.26332015698884126,0.002,0.9304,-0.014991269127948015,0.0,0.0,0.0,-0.0,0.0,0.0,0.0,0.0,0.0,0.0,0.0,0.0,0.0,0.0,0.0,0.0,0.0,0.0,0.0,0.0,0.0,0.0,0.0,0.0,0.0,0.0,0.0,0.0,0.0,0.0,0.0,0.0,0.0,0.0,0.0,0.0,0.0,0.0,0.0,0.0,0.0,0.05535347378123931,0.00013523458326113874,0.41693631699615835,-0.009292636896076002,-6.147983400655662e-05,-0.0006730300759858725,7.698283289078603e-06,0.016046824236249924,-0.003181723897011729,0.008942176561629744,-0.005249586081568611,0.0015558362448988537,0.6880564286197178,-0.001833114640560937,0.5687986704471357,0.6880564286197178,-0.001833114640560937,0.5687986704471357,0.6880564286197178,-0.001833114640560937,0.5687986704471357,0.6880564286197178,-0.001833114640560937,0.5687986704471357,-0.6100611500573253,9.050958244662757,2.441755638246202,-0.6100611500573253,9.050958244662757,2.441755638246202,-0.6100611500573253,9.050958244662757,2.441755638246202,-0.6100611500573253,9.050958244662757,2.441755638246202,166.33061421302526,164.37381289430516,154.04189955349176,152.25649089932392,0.6880564286197178,-0.001833114640560937,0.5687986704471357,-0.6100611500573253,9.050958244662757,2.441755638246202,0.1519781652648489,0.4148907670070272,-0.0018272335320755062,24.500530306488606,4.440724466326987,-0.1644125008377646
2.898,1,1,1,1,-0.29963186935904834,0.0,0.49999999999999994,-0.010737727152904109,0.0,0.0,0.0,-0.0,0.0,0.0,0.0,0.0,0.3285,0.19164302,-0.012182209999999971,0.3285,-0.19164302,-0.012182209999999971,-0.3285,0.19164302,-0.012182209999999971,-0.3285,-0.19164302,-0.012182209999999971,0.0,0.0,0.0,0.0,0.0,0.0,0.0,0.0,0.0,0.0,0.0,0.0,-41.47092814916069,0.10722925884560063,414.2980297303759,-41.399476098663776,0.10722926055904348,414.00750625450854,-41.47092815029119,-0.01524807244261342,200.98114403127298,-41.39947609872113,-0.01524807244127976,200.6906194950628,0.26306813064095125,0.002,0.9304,-0.01073772715289023,0.0,0.0,0.0,-0.0,0.0,0.0,0.0,0.0,0.0,0.0,0.0,0.0,0.0,0.0,0.0,0.0,0.0,0.0,0.0,0.0,0.0,0.0,0.0,0.0,0.0,0.0,0.0,0.0,0.0,0.0,0.0,0.0,0.0,0.0,0.0,0.0,0.0,0.0,0.0,0.0,0.0,0.05512997884902522,0.0001333627738107794,0.4169096882715734,-0.008884616182916014,-8.522528152751583e-05,-0.0005095051043771348,-2.1870709853246718e-07,0.015880640544852165,-0.0031810794197420283,0.008837303101992813,-0.005053137594097779,0.001534799095652885,0.6877889372775449,-0.0018322179576795502,0.568897234842111,0.6877889372775449,-0.0018322179576795502,0.568897234842111,0.6877889372775449,-0.0018322179576795502,0.568897234842111,0.6877889372775449,-0.0018322179576795502,0.568897234842111,-0.5253262815618601,9.047931813676183,2.104840943893497,-0.5253262815618601,9.047931813676183,2.104840943893497,-0.5253262815618601,9.047931813676183,2.104840943893497,-0.5253262815618601,9.047931813676183,2.104840943893497,165.9530540007524,163.95589038017133,154.4420325525312,152.60465688603853,0.6877889372775449,-0.0018322179576795502,0.568897234842111,-0.5253262815618601,9.047931813676183,2.104840943893497,0.15190559417315247,0.4144463484753469,-0.0018277647453403406,24.499291576345776,3.8363010488898963,-0.07309024187425983
2.918,1,1,1,1,-0.29980574438333835,0.0,0.49999999999999994,-0.007120497778068113,0.0,0.0,0.0,-0.0,0.0,0.0,0.0,0.0,0.3285,0.19164302,-0.012182209999999971,0.3285,-0.19164302,-0.012182209999999971,-0.3285,0.19164302,-0.012182209999999971,-0.3285,-0.19164302,-0.012182209999999971,0.0,0.0,0.0,0.0,0.0,0.0,0.0,0.0,0.0,0.0,0.0,0.0,-41.03659394064984,0.10748164305869391,413.6055565486185,-40.9658034769898,0.1074816314212722,413.3283966271632,-41.03659393888621,-0.01386166591202507,201.81710310020446,-40.9658034777716,-0.013861670930227879,201.53994213176793,0.2628942556166612,0.002,0.9304,-0.007120497778068113,0.0,0.0,0.0,-0.0,0.0,0.0,0.0,0.0,0.0,0.0,0.0,0.0,0.0,0.0,0.0,0.0,0.0,0.0,0.0,0.0,0.0,0.0,0.0,0.0,0.0,0.0,0.0,0.0,0.0,0.0,0.0,0.0,0.0,0.0,0.0,0.0,0.0,0.0,0.0,0.0,0.0,0.054918230163658294,0.00013104096400072486,0.4168848703208487,-0.00809191648409348,-0.00010485698867768711,-0.0004265189262683211,-6.351829372404664e-06,0.01572443132837975,-0.0031806247530684964,0.0090200258420798,-0.004272959407154346,0.0015295150878412015,0.6875607767812073,-0.00183219527826154,0.5689646632023175,0.6875607767812073,-0.00183219527826154,0.5689646632023175,0.6875607767812073,-0.00183219527826154,0.5689646632023175,0.6875607767812073,-0.00183219527826154,0.5689646632023175,-0.6098265629984649,9.051253453645597,2.4416144882626525,-0.6098265629984649,9.051253453645597,2.4416144882626525,-0.6098265629984649,9.051253453645597,2.4416144882626525,-0.6098265629984649,9.051253453645597,2.4416144882626525,165.60208528804293,163.61357356789395,154.8660489152446,153.04425299261072,0.6875607767812073,-0.00183219527826154,0.5689646632023175,-0.6098265629984649,9.051253453645597,2.4416144882626525,0.1518362571364291,0.4145688144922748,-0.0018271049774806758,24.500607400345224,4.44174250790824,-0.16400142030217424
2.938,1,1,1,1,-0.29991473131202795,0.0,0.49999999999999994,-0.004188559002693548,0.0,0.0,0.0,-0.0,0.0,0.0,0.0,0.0,0.3285,0.19164302,-0.012182209999999971,0.3285,-0.19164302,-0.012182209999999971,-0.3285,0.19164302,-0.012182209999999971,-0.3285,-0.19164302,-0.012182209999999971,0.0,0.0,0.0,0.0,0.0,0.0,0.0,0.0,0.0,0.0,0.0,0.0,-40.81539695261437,0.11191932267183959,413.1191303939182,-40.74368461812417,0.11191932325329751,412.86434408910094,-40.81539695704618,-0.01100418164413419,202.28916766063094,-40.74368461832832,-0.011004184201563134,202.0343804313834,0.2627852686879716,0.002,0.9304,-0.004188559002707426,0.0,0.0,0.0,-0.0,0.0,0.0,0.0,0.0,0.0,0.0,0.0,0.0,0.0,0.0,0.0,0.0,0.0,0.0,0.0,0.0,0.0,0.0,0.0,0.0,0.0,0.0,0.0,0.0,0.0,0.0,0.0,0.0,0.0,0.0,0.0,0.0,0.0,0.0,0.0,0.0,0.0,0.0547230226765176,0.00012815754485830986,0.4168631396653986,-0.007310857506131373,-0.00013313587464801354,-0.00022059398402067359,-1.2637571179670857e-05,0.015581019467759472,-0.0031805010073740663,0.008920276717985967,-0.0037889847632489094,0.0015064862453362804,0.68732425117824,-0.0018330065929943536,0.5690539482975899,0.68732425117824,-0.0018330065929943536,0.5690539482975899,0.68732425117824,-0.0018330065929943536,0.5690539482975899,0.68732425117824,-0.0018330065929943536,0.5690539482975899,-0.5245037226699438,9.04820698318749,2.1046983363973895,-0.5245037226699438,9.04820698318749,2.1046983363973895,-0.5245037226699438,9.04820698318749,2.1046983363973895,-0.5245037226699438,9.04820698318749,2.1046983363973895,165.30592823988917,163.28303901190944,155.16877237141657,153.30061863966378,0.68732425117824,-0.0018330065929943536,0.5690539482975899,-0.5245037226699438,9.04820698318749,2.1046983363973895,0.15176548200225493,0.41414653909662325,-0.0018277275193142456,24.499377480321954,3.8374434328414635,-0.07278162348627326
2.958,1,1,1,1,-0.29997308481311863,0.0,0.49999999999999994,-0.001991968828302104,0.0,0.0,0.0,-0.0,0.0,0.0,0.0,0.0,0.3285,0.19164302,-0.012182209999999971,0.3285,-0.19164302,-0.012182209999999971,-0.3285,0.19164302,-0.012182209999999971,-0.3285,-0.19164302,-0.012182209999999971,0.0,0.0,0.0,0.0,0.0,0.0,0.0,0.0,0.0,0.0,0.0,0.0,-40.60758509512997,0.1124575389432947,412.7285332655993,-40.53648694311012,0.11245752768423188,412.4919987506869,-40.607585094549805,-0.009413191943580928,202.7708031430463,-40.536486945254865,-0.00941318940326389,202.53426768433044,0.2627269151868809,0.002,0.9304,-0.001991968828302104,0.0,0.0,0.0,-0.0,0.0,0.0,0.0,0.0,0.0,0.0,0.0,0.0,0.0,0.0,0.0,0.0,0.0,0.0,0.0,0.0,0.0,0.0,0.0,0.0,0.0,0.0,0.0,0.0,0.0,0.0,0.0,0.0,0.0,0.0,0.0,0.0,0.0,0.0,0.0,0.0,0.0,0.05454645916196048,0.00012472266953875247,0.4168438890170724,-0.006197753986751294,-0.0001563253072566896,-0.00010297455725551863,-1.7032779589744697e-05,0.015452872090116365,-0.0031806077177507592,0.009106640928504765,-0.002763508575752987,0.0014996746168638097,0.6871350723991123,-0.00183486374535268,0.569109131772449,0.6871350723991123,-0.00183486374535268,0.569109131772449,0.6871350723991123,-0.00183486374535268,0.569109131772449,0.6871350723991123,-0.00183486374535268,0.569109131772449,-0.6087208396617517,9.051511644970171,2.4415605036027266,-0.6087208396617517,9.051511644970171,2.4415605036027266,-0.6087208396617517,9.051511644970171,2.4415605036027266,-0.6087208396617517,9.051511644970171,2.4415605036027266,165.04482393636445,163.0366218837191,155.48573161376007,153.63893730577303,0.6871350723991123,-0.00183486374535268,0.569109131772449,-0.6087208396617517,9.051511644970171,2.4415605036027266,0.15169805318515026,0.4142965915066281,-0.001827220516213507,24.500698547762717,4.443278086429162,-0.16367884795304732
2.978,1,1,1,1,-0.29999607259460787,0.0,0.49999999999999994,-0.0005818652528966073,0.0,0.0,0.0,-0.0,0.0,0.0,0.0,0.0,0.3285,0.19164302,-0.012182209999999971,0.3285,-0.19164302,-0.012182209999999971,-0.3285,0.19164302,-0.012182209999999971,-0.3285,-0.19164302,-0.012182209999999971,0.0,0.0,0.0,0.0,0.0,0.0,0.0,0.0,0.0,0.0,0.0,0.0,-40.62326080103336,0.11701211891884178,412.56299919735363,-40.5512367660669,0.11701210579496035,412.35338329667144,-40.623260798878675,-0.006445691400218804,202.86925242590033,-40.55123676470283,-0.006445691399633421,202.6596356584122,0.26270392740539156,0.002,0.9304,-0.0005818652529243629,0.0,0.0,0.0,-0.0,0.0,0.0,0.0,0.0,0.0,0.0,0.0,0.0,0.0,0.0,0.0,0.0,0.0,0.0,0.0,0.0,0.0,0.0,0.0,0.0,0.0,0.0,0.0,0.0,0.0,0.0,0.0,0.0,0.0,0.0,0.0,0.0,0.0,0.0,0.0,0.0,0.0,0.05439223578176744,0.00012064780781088959,0.41682825419787267,-0.005152690743905519,-0.00018718281825039912,0.00012937296288159124,-2.150669933573767e-05,0.015341935967457587,-0.0031810757062258627,0.009008987620985075,-0.0020791399277739872,0.0014757224137300574,0.6869442806027631,-0.0018376879496067873,0.5691836394822604,0.6869442806027631,-0.0018376879496067873,0.5691836394822604,0.6869442806027631,-0.0018376879496067873,0.5691836394822604,0.6869442806027631,-0.0018376879496067873,0.5691836394822604,-0.5229185765848723,9.048436447971914,2.104657143554079,-0.5229185765848723,9.048436447971914,2.104657143554079,-0.5229185765848723,9.048436447971914,2.104657143554079,-0.5229185765848723,9.048436447971914,2.104657143554079,164.84490788701368,162.80834748664316,155.67454471094683,153.787277412737,0.6869442806027631,-0.0018376879496067873,0.5691836394822604,-0.5229185765848723,9.048436447971914,2.104657143554079,0.15162927537922585,0.41390620127424693,-0.0018280379644388112,24.499473707995516,3.8390544923283594,-0.07255359692414487
2.998,1,1,1,1,-0.29999999700449803,0.0,0.49999999999999994,-1.0466277844400906e-05,0.0,0.0,0.0,-0.0,0.0,0.0,0.0,0.0,0.3285,0.19164302,-0.012182209999999971,0.3285,-0.19164302,-0.012182209999999971,-0.3285,0.19164302,-0.012182209999999971,-0.3285,-0.19164302,-0.012182209999999971,0.0,0.0,0.0,0.0,0.0,0.0,0.0,0.0,0.0,0.0,0.0,0.0,-40.66293079761713,0.11751549332935873,412.51188447661303,-40.591544209186786,0.11751549836866178,412.3246724084063,-40.66293079632777,-0.004849654017575106,202.9593020323724,-40.591544206966795,-0.00484965655362759,202.77208903567984,0.26270000299550145,0.002,0.9304,-1.0466277858278694e-05,0.0,0.0,0.0,-0.0,0.0,0.0,0.0,0.0,0.0,0.0,0.0,0.0,0.0,0.0,0.0,0.0,0.0,0.0,0.0,0.0,0.0,0.0,0.0,0.0,0.0,0.0,0.0,0.0,0.0,0.0,0.0,0.0,0.0,0.0,0.0,0.0,0.0,0.0,0.0,0.0,0.0,0.0542612992183811,0.0001159662900149659,0.41681547824524595,-0.0038341271254006305,-0.00021197883169279618,0.00026490383557257606,-2.404775320291705e-05,0.015249762331932981,-0.0031817942252262152,0.009196015373262627,-0.0008996481265796815,0.0014684385265319136,0.6868063058917999,-0.0018416529946453934,0.5692219738754083,0.6868063058917999,-0.0018416529946453934,0.5692219738754083,0.6868063058917999,-0.0018416529946453934,0.5692219738754083,0.6868063058917999,-0.0018416529946453934,0.5692219738754083,-0.6069182169100484,9.051714251182773,2.4415883175602704,-0.6069182169100484,9.051714251182773,2.4415883175602704,-0.6069182169100484,9.051714251182773,2.4415883175602704,-0.6069182169100484,9.051714251182773,2.4415883175602704,164.68390847030312,162.66792222922766,155.8733337888702,154.0132887965606,0.6868063058917999,-0.0018416529946453934,0.5692219738754083,-0.6069182169100484,9.051714251182773,2.4415883175602704,0.1515638858924563,0.41409174745492594,-0.0018277756593564343,24.500796008055097,4.445149070720635,-0.16341608767093696
3.0180000000000002,1,1,1,1,-0.3,-1.2037062152420224e-37,0.4999999999999999,0.0,-4.81482486096809e-35,-2.7755575615628907e-14,2.093518150680049e-05,-0.0,0.0,0.0034338300194533085,0.0,0.0,0.3285,0.19164302,-0.012182209999999971,0.3285,-0.19164302,-0.012182209999999971,-0.3285,0.19164302,-0.012182209999999971,-0.3285,-0.19164302,-0.012182209999999971,0.0,0.0,0.0,0.0,0.0,0.0,0.0,0.0,0.0,0.0,0.0,0.0,11.673246360423102,-9.244137713923525,291.2090092441327,5.140438330037306,-9.24413770932776,287.82946665875016,11.673246360337634,1.2930287616390952,225.800372226274,5.14043832901804,1.2930287639378326,222.6163218655425,0.2626999999999995,0.002,0.9303999999999999,0.0,0.0,-5.551115123125783e-14,0.0,-0.0,0.0,0.0,0.0,0.0,0.0,0.0,0.0,138.63965467193233,-200.00000000000713,39.764335213298565,-145.9515165454014,-200.0000000000261,41.290860555959945,13.919462198700728,-14.339962736450751,1.6421132395162257,-3.0556296528344196,2.9361360094792825,-0.7334252497066454,38.509774693839596,16.448372151886268,-100.00000000013384,100.00000000000026,17.638748681930824,4.460638501121066,-435.6612790570857,-417.72071582638574,544.5765988206647,-436.55812882106966,436.55812880877335,545.6976610109666,-35.03388324870184,-35.03388322650868,43.792354033139105,-2.1919691839400457e-08,7.4495964952348e-14,3.375077994860476e-14,0.0494921040584925,0.00046293823631154073,0.4203681326769944,-0.413968772824932,0.033098775184473815,0.2912232828324666,0.025316379639359933,0.021850961748512088,0.00018903857147683709,2.115460299979093,0.5378489675575455,0.29113526916063115,0.6956372887617834,0.019807168250148117,0.5458439198951487,0.6956372887617834,0.019807168250148117,0.5458439198951487,0.6956372887617834,0.019807168250148117,0.5458439198951487,0.6956372887617834,0.019807168250148117,0.5458439198951487,-1.6538380768291006,-8.352574309313113,11.385854322728516,-1.6538380768291006,-8.352574309313113,11.385854322728516,-1.6538380768291006,-8.352574309313113,11.385854322728516,-1.6538380768291006,-8.352574309313113,11.385854322728516,562.4228238705606,562.6007761356987,57.9890860466001,3.13724823057112,0.6956372887617834,0.019807168250148117,0.5458439198951487,-1.6538380768291006,-8.352574309313113,11.385854322728516,0.493293445278548,0.5825283170256945,0.5544610060963855,13.915647162288414,22.1129937738202,26.477755879005237
3.0380000000000003,1,1,1,1,-0.3,-6.9814960484037295e-37,0.49999999999999994,0.0,0.0,0.0,0.00023128853162132488,-0.0,0.0,0.01792304383336865,0.0,0.0,0.3285,0.19164302,-0.012182209999999971,0.3285,-0.19164302,-0.012182209999999971,-0.3285,0.19164302,-0.012182209999999971,-0.3285,-0.19164302,-0.012182209999999971,0.0,0.0,0.0,0.0,0.0,0.0,0.0,0.0,0.0,0.0,0.0,0.0,46.63628924136776,-3.9483662609103924,188.96069854301246,43.67046318138814,-3.948366262216254,195.62176025368788,46.636289241866436,1.8375778501881253,241.87259805151055,43.670463181962354,1.8375778523230557,248.64658550432728,0.2626999999999995,0.002,0.9304,0.0,0.0,0.0,0.0,-0.0,0.0,0.0,0.0,0.0,0.0,0.0,0.0,86.17956448552117,-107.63210790024054,23.01594764969453,-59.05739382587144,-149.54557173151017,34.1648382092292,-0.671205474654733,2.587900524032785,-0.7366231412862054,0.18204522118241978,2.070517300382758,-0.7509876500934286,-20.151373199583727,-7.497774238186167,-100.00000000000003,76.09193096373339,-7.971793358295833,2.0266061344277686,-242.57020137626523,-242.57020137589984,303.21275171987475,-339.02975568104324,225.55117547192756,423.7871946007534,-9.464032402206612e-08,9.586657079285743e-08,1.1984035985790342e-07,-3.851309804403513e-08,5.523359547510154e-14,-1.7763568394002505e-15,0.03838449168029847,0.0006462179691771081,0.4281773964050533,-0.6721979251576524,0.023467744609270636,0.4119807367003757,0.05884954878979156,0.03617086380599832,0.004924151379014245,0.9565047257038345,0.8996370079678588,0.13927476099944655,0.7143129035406026,0.039481864881189294,0.5133521151492546,0.7143129035406026,0.039481864881189294,0.5133521151492546,0.7143129035406026,0.039481864881189294,0.5133521151492546,0.7143129035406026,0.039481864881189294,0.5133521151492546,-0.9024245080816871,2.0371562323155796,12.144770877572869,-0.9024245080816871,2.0371562323155796,12.144770877572869,-0.9024245080816871,2.0371562323155796,12.144770877572869,-0.9024245080816871,2.0371562323155796,12.144770877572869,330.2298488702099,447.9918018726165,3.8922376367502807,0.0,0.7143129035406026,0.039481864881189294,0.5133521151492546,-0.9024245080816871,2.0371562323155796,12.144770877572869,0.999851542185712,0.8415002161687903,0.9337204202902495,11.473339643466998,15.552608451810304,-9.123081439053893
3.0580000000000003,1,1,1,1,-0.29999999999999993,-6.9814960484037295e-37,0.49999999999999994,2.7755575615628914e-14,0.0,0.0,0.0008440134496928931,-0.0,0.0,0.04243710493763034,0.0,0.0,0.3285,0.19164302,-0.012182209999999971,0.3285,-0.19164302,-0.012182209999999971,-0.3285,0.19164302,-0.012182209999999971,-0.3285,-0.19164302,-0.012182209999999971,0.0,0.0,0.0,0.0,0.0,0.0,0.0,0.0,0.0,0.0,0.0,0.0,66.57416084214937,1.1812923893909333,133.13762128616332,66.67864948580879,1.1812923877709336,140.7850775029477,66.8291813484169,1.572091883600115,262.97360603244954,66.67864948476476,1.5720918816888168,270.72044855787425,0.2626999999999995,0.002,0.9303999999999999,0.0,0.0,-5.551115123125783e-14,0.0,-0.0,0.0,0.0,0.0,0.0,0.0,0.0,0.0,15.09588135187114,-8.550138874134094,2.1455660877111797,37.77356221184577,-136.72585498795888,34.115239896426715,-1.6739524910269985,2.245421119658585,-0.7450939692737508,2.889859885159436,1.2934814255052831,-0.7671761816476905,-61.72663222544201,1.753296970346824,-100.00000000000277,100.00000000000004,-40.238075454354366,1.32824276323649,-25.11265534575688,-25.112655409421386,31.390819206192855,-322.67953523509163,24.18573663221921,403.3494190489382,-3.963681760588145e-08,-2.386954001121211e-08,4.671348818874321e-08,-5.351107135176392e-08,2.3792051551119187e-08,-5.329070518200751e-15,0.023566480487602192,0.0004042198767435814,0.4370592040928058,-0.8149659745428136,0.012591611079230278,0.3848226630580552,0.062352565199774675,0.057436990062484705,0.008618236591018173,-0.6105526474753484,1.2721423579531295,-0.023908869853580858,0.7345393244544038,0.04027121403128339,0.49485052620479864,0.7345393244544038,0.04027121403128339,0.49485052620479864,0.7345393244544038,0.04027121403128339,0.49485052620479864,0.7345393244544038,0.04027121403128339,0.49485052620479864,-0.06741266852098296,0.6818103967711058,9.725071142188126,-0.06741266852098296,0.6818103967711058,9.725071142188126,-0.06741266852098296,0.6818103967711058,9.725071142188126,-0.06741266852098296,0.6818103967711058,9.725071142188126,59.09971754819176,412.358003902422,0.0,0.0,0.7345393244544038,0.04027121403128339,0.49485052620479864,-0.06741266852098296,0.6818103967711058,9.725071142188126,1.4551134380108077,1.1205070205246828,1.261895373665949,6.896453043037607,10.241056310714505,-13.195164018019947
3.078,1,1,1,1,-0.3,-1.3024101248918683e-35,0.5,0.0,-6.162975822039155e-33,2.7755575615628904e-14,0.002044412631491195,-0.0,0.0,0.07560376566115004,0.0,0.0,0.3285,0.19164302,-0.012182209999999971,0.3285,-0.19164302,-0.012182209999999971,-0.3285,0.19164302,-0.012182209999999971,-0.3285,-0.19164302,-0.012182209999999971,0.0,0.0,0.0,0.0,0.0,0.0,0.0,0.0,0.0,0.0,0.0,0.0,56.935191420509895,12.194926739941897,113.87454799228993,63.32874216191187,12.1949267398841,126.62573197512086,85.56729103894868,-0.743621596185875,285.9302855357831,93.01443728328441,-0.7436215968218448,298.0662661290966,0.2626999999999995,0.002,0.9304,-1.3877787807814457e-14,0.0,0.0,0.0,-0.0,0.0,0.0,0.0,0.0,0.0,0.0,0.0,33.55530359587611,-36.79497889758744,14.334164701934093,-58.193551977349806,-58.523391724509175,22.098215856280156,-3.466127758027055,1.7823437995202578,-0.7614866190098669,5.624068299605061,0.9922493020122081,-0.7822431102240686,0.558575938202686,71.29760193566494,-99.99999999999997,-65.19659633118073,0.48777913826507263,0.07599886017255571,-98.41865471996783,-82.3898151189215,123.02331840128232,-154.62736428203752,154.6273642851454,193.284205352973,-2.353693240308985e-09,2.8070146207426205e-10,0.0,-1.715850528327678e-08,1.7574995681002292e-08,2.3076534461097253e-08,0.00697589376971172,-0.0004087049397646417,0.4444847194453227,-0.9031129582379034,-0.027503917993924123,0.25597478839870486,0.022551416515008985,0.09043566527657165,0.008411155154851364,-1.9942967928429207,1.7504882883632833,-0.35430167355949954,0.7549349811521012,0.019667507909539046,0.498832041145534,0.7549349811521012,0.019667507909539046,0.498832041145534,0.7549349811521012,0.019667507909539046,0.498832041145534,0.7549349811521012,0.019667507909539046,0.498832041145534,3.171940762461872,0.970813245824482,-11.510404225961864,3.171940762461872,0.970813245824482,-11.510404225961864,3.171940762461872,0.970813245824482,-11.510404225961864,3.171940762461872,0.970813245824482,-11.510404225961864,113.12276325217215,208.45903905153145,0.0,0.0,0.7549349811521012,0.019667507909539046,0.498832041145534,3.171940762461872,0.970813245824482,-11.510404225961864,0.25649124047639327,1.4573353720446764,0.0026179042781933892,1.4972536908327754,-16.560911813031414,2.90615508190263
3.098,1,1,1,1,-0.3,1.1627802039237939e-35,0.4999999999999999,0.0,0.0,-2.7755575615628907e-14,0.003991007323732603,-0.0,0.0,0.11611109691178902,0.0,0.0,0.3285,0.19164302,-0.012182209999999971,0.3285,-0.19164302,-0.012182209999999971,-0.3285,0.19164302,-0.012182209999999971,-0.3285,-0.19164302,-0.012182209999999971,0.0,0.0,0.0,0.0,0.0,0.0,0.0,0.0,0.0,0.0,0.0,0.0,50.25768841736256,6.810124022719506,100.51683857160229,52.909320640860955,6.81012402182012,105.7937765517313,112.11898898300427,-0.5440867111233948,321.43172636573337,116.17788806634061,-0.544086714686985,326.11639300548956,0.2626999999999995,0.002,0.9304,1.3877787807814457e-14,0.0,0.0,0.0,-0.0,0.0,0.0,0.0,0.0,0.0,0.0,0.0,35.45290791456084,-6.602030612629303,60.055055814040536,-51.95450357520657,-45.27368046382518,22.67044845422736,-5.449766101528941,1.1583802867040418,-0.7789657634137747,7.014645490132743,0.5546068705854825,-0.7884601486504506,-10.768875806299652,99.99999999997681,-61.196842460041516,-35.961923529870994,0.008512113829430734,0.04661335506503931,-73.62700852340015,-125.85617934048297,249.1992172260816,-131.98676944114365,131.98676944114433,164.98346180143025,-3.509301738091608e-10,3.5155711675116663e-10,4.443410084320476e-10,-1.3576055613029325e-08,1.3567022838500975e-08,1.6953956016863003e-08,-0.011420514617281833,-0.0009650565029596826,0.4500867085676363,-0.970058142687986,-0.01371514365767349,0.11202742416978588,-0.009227237861468132,0.12849564010066672,0.006907731809859582,-1.2162235800807388,2.035955911128096,-0.18862723200359918,0.810892864605897,0.021345856834199456,0.5206600020129105,0.810892864605897,0.021345856834199456,0.5206600020129105,0.810892864605897,0.021345856834199456,0.5206600020129105,0.810892864605897,0.021345856834199456,0.5206600020129105,4.934174512027356,0.27384795574099474,-20.871103962671288,4.934174512027356,0.27384795574099474,-20.871103962671288,4.934174512027356,0.27384795574099474,-20.871103962671288,4.934174512027356,0.27384795574099474,-20.871103962671288,242.95933819597977,170.7679764020956,0.0,0.0,0.810892864605897,0.021345856834199456,0.5206600020129105,4.934174512027356,0.27384795574099474,-20.871103962671288,0.24800238858314114,0.9337698031214181,-0.02320349812405606,0.42094542697665543,-28.346850497010035,7.567539911769677
3.118,1,1,1,1,-0.3,-8.697981111338854e-35,0.49999999999999994,-2.7755575615628914e-14,0.0,0.0,0.006816743695659138,-0.0,0.0,0.1627074881763568,0.0,0.0,0.3285,0.19164302,-0.012182209999999971,0.3285,-0.19164302,-0.012182209999999971,-0.3285,0.19164302,-0.012182209999999971,-0.3285,-0.19164302,-0.012182209999999971,0.0,0.0,0.0,0.0,0.0,0.0,0.0,0.0,0.0,0.0,0.0,0.0,44.8554885197489,2.9808360743933786,89.70891627374128,45.780524494434616,2.9808360743559343,91.54224155065381,125.94676723365609,0.14874234976335204,347.4772840916264,127.46565340579438,0.14874235021685497,348.99820439209884,0.2626999999999995,0.002,0.9304,-1.3877787807814457e-14,0.0,0.0,0.0,-0.0,0.0,0.0,0.0,0.0,0.0,0.0,0.0,-71.66350025811514,25.80125626678709,101.67435078929256,59.46513146598218,-40.04601645682794,18.077198301518017,-7.314578828994007,0.5409202232392017,-0.7929216104896352,7.869295768847947,0.13240649364531873,-0.7872649599713083,-30.95586100415811,100.00000000005838,-47.70444386074291,-23.91379034257871,-0.7053620140473343,0.03521992546562859,-47.25874514554291,69.09124163254322,375.3045230597521,-118.17004523914666,-118.17004523914684,147.7125565489336,-6.693601228846546e-11,-6.451417178254815e-11,8.063949508141377e-11,-3.3462932425010194e-10,3.350943966751174e-10,4.1855541255131357e-10,-0.030748783898332264,-0.0012157124120710328,0.4539094679744006,-0.9900812594552195,-0.0028392470664905384,-0.00703018180024384,-0.026589482002848698,0.16957005719997298,0.005464468542662852,-0.5155706257371511,2.0264251715603403,-0.062260919301485515,0.8497395246033393,0.025283602596369435,0.5812841438976993,0.8497395246033393,0.025283602596369435,0.5812841438976993,0.8497395246033393,0.025283602596369435,0.5812841438976993,0.8497395246033393,0.025283602596369435,0.5812841438976993,4.809846387687076,-0.1285904983097625,-19.12659671663979,4.809846387687076,-0.1285904983097625,-19.12659671663979,4.809846387687076,-0.1285904983097625,-19.12659671663979,4.809846387687076,-0.1285904983097625,-19.12659671663979,371.4832947157124,146.76352732661064,0.0,0.0,0.8497395246033393,0.025283602596369435,0.5812841438976993,4.809846387687076,-0.1285904983097625,-19.12659671663979,0.26466627581679286,0.35222498475869046,-0.008456410032153028,0.44425886607701287,-26.22469125273199,7.728360117691969
3.138,1,1,1,1,-0.30000000000000004,1.162780203923795e-35,0.49999999999999994,-2.7755575615628914e-14,-4.930380657631324e-32,-2.775557561562892e-14,0.010630199210617461,-0.0,0.0,0.21420164752061277,0.0,0.0,0.3285,0.19164302,-0.012182209999999971,0.3285,-0.19164302,-0.012182209999999971,-0.3285,0.19164302,-0.012182209999999971,-0.3285,-0.19164302,-0.012182209999999971,0.0,0.0,0.0,0.0,0.0,0.0,0.0,0.0,0.0,0.0,0.0,0.0,39.04466679987304,0.12367732700332301,78.08527534156411,39.571034398481075,0.1236773271003656,79.12578998306032,135.43726929478873,0.686786782316311,367.9969716971599,135.01321258543004,0.6867867872910484,369.44596301610966,0.2626999999999995,0.002,0.9304,0.0,0.0,0.0,0.0,-0.0,0.0,0.0,0.0,0.0,0.0,0.0,0.0,-77.42219151596623,47.703983670123904,139.37015708560918,64.58221820895493,-40.965185881792145,24.834263149810063,-8.443998775089039,-0.11967624755538737,-0.7963280774437154,7.6812659009773805,-0.3485157319451348,-0.7725277965469834,-49.20989926771605,100.00000000009545,-17.946631502062935,0.736691149948741,-1.1378049451040733,-0.025669935899636856,-52.861600947668755,47.756545120607306,490.27142605900445,-135.20929997427058,-135.20929997427046,169.01162496783812,1.2790657422101503e-11,-1.3425704992187093e-11,1.598832177762688e-11,9.319917282368806e-09,-1.8638735554965535e-08,1.1649895270693378e-08,-0.05047018862034087,-0.001309001792723389,0.4564710526543356,-0.9953906714943805,0.0044851000633080295,-0.10087187471761128,-0.029469623155493837,0.20696704103164532,0.0034370594864534774,0.24116304531250154,1.701669762663486,0.03191894179528729,0.8537053302972001,0.025943179793430048,0.6654075238713698,0.8537053302972001,0.025943179793430048,0.6654075238713698,0.8537053302972001,0.025943179793430048,0.6654075238713698,0.8537053302972001,0.025943179793430048,0.6654075238713698,3.9346263500574605,-0.09528158573388541,-13.412884486080419,3.9346263500574605,-0.09528158573388541,-13.412884486080419,3.9346263500574605,-0.09528158573388541,-13.412884486080419,3.9346263500574605,-0.09528158573388541,-13.412884486080419,485.225364770082,169.25506636577393,0.0,0.0,0.8537053302972001,0.025943179793430048,0.6654075238713698,3.9346263500574605,-0.09528158573388541,-13.412884486080419,0.2794894142551154,-0.1396393562414442,-0.0004965632842824363,0.8248324183481827,-19.888418122177733,5.792981670440979
3.158,1,1,1,1,-0.3,1.162780203923795e-35,0.49999999999999994,0.0,0.0,0.0,0.015516788997637844,-0.0,0.0,0.26946260158926394,0.0,0.0,0.3285,0.19164302,-0.012182209999999971,0.3285,-0.19164302,-0.012182209999999971,-0.3285,0.19164302,-0.012182209999999971,-0.3285,-0.19164302,-0.012182209999999971,0.0,0.0,0.0,0.0,0.0,0.0,0.0,0.0,0.0,0.0,0.0,0.0,38.75754988290595,-1.3785275068686778,77.49935887128345,38.76084263483481,-1.3785275065423312,77.50172369604977,116.08549628093358,0.21733014874343637,366.4589674957105,115.16920972781655,0.21733015216425258,368.1000879953827,0.2626999999999995,0.002,0.9304,0.0,0.0,0.0,0.0,-0.0,0.0,0.0,0.0,0.0,0.0,0.0,0.0,-64.19352529732727,55.71254111310015,144.20168838031654,57.017075942681394,62.82619210874215,150.2602718912489,-4.7487102498072,-2.399431996218518,-0.3511924793404675,7.656345710955855,-5.628431250971654,5.039689791936318,-1.4179459736485827,-74.74758595805548,-28.79672772459518,-6.92141468518905,-0.08160667368267742,0.003563283031812014,-61.80665530147081,9.011296688249832,501.0605167472442,-57.7137618962137,9.21279353684145,509.2620248905039,-3.9122988837619204,-3.9122988837619355,4.89037360470239,-21.7075739466387,-8.523747097657349,27.13446743329837,-0.07092287941991708,-0.0012770500149135902,0.4591711947163135,-1.0520790258340327,0.005575700804543102,-0.07700371905908451,-0.01805820608709143,0.22715664316258866,0.0008041866987125671,0.7208911542135756,0.4087371163748199,0.059883255852811346,0.8351249015721458,0.01903981295623373,0.7278728243453805,0.8351249015721458,0.01903981295623373,0.7278728243453805,0.8351249015721458,0.01903981295623373,0.7278728243453805,0.8351249015721458,0.01903981295623373,0.7278728243453805,0.4897958418091678,0.09392564163170727,-2.8580010727596745,0.4897958418091678,0.09392564163170727,-2.8580010727596745,0.4897958418091678,0.09392564163170727,-2.8580010727596745,0.4897958418091678,0.09392564163170727,-2.8580010727596745,503.3036054785667,503.2979903606998,0.0,0.0,0.8351249015721458,0.01903981295623373,0.7278728243453805,0.4897958418091678,0.09392564163170727,-2.8580010727596745,0.2952860280596631,-0.2922752578229506,-0.009830419415824354,0.7495046703908563,-6.289402523132124,1.2762407499825992
3.178,1,1,1,1,-0.3,1.162780203923795e-35,0.49999999999999994,0.0,0.0,0.0,0.021539972223013164,-0.0,0.0,0.3274196956059613,0.0,0.0,0.3285,0.19164302,-0.012182209999999971,0.3285,-0.19164302,-0.012182209999999971,-0.3285,0.19164302,-0.012182209999999971,-0.3285,-0.19164302,-0.012182209999999971,0.0,0.0,0.0,0.0,0.0,0.0,0.0,0.0,0.0,0.0,0.0,0.0,38.74928696797537,-1.501394129500178,77.49163224935168,38.75528145135058,-1.5013941310083427,77.4952591474408,100.65208523552819,-0.9295691866050823,389.788491416177,100.38508652245163,-0.9295691856863144,385.58636476021024,0.2626999999999995,0.002,0.9303999999999999,0.0,0.0,-5.551115123125783e-14,0.0,-0.0,0.0,0.0,0.0,0.0,0.0,0.0,0.0,-24.124436061887636,47.942222856028074,67.40691596447328,28.304287935572674,70.34083562132841,87.73045490219893,13.381461581833939,59.64041495807017,83.3012278918102,-22.322574284635056,66.3594133197591,82.24159646414645,-0.42941625066422473,-45.89254061591666,-17.729269360067605,-4.200858965368704,-0.03500543301968284,0.002069337609380402,14.521405740862294,2.9315182886226667,212.5335282967648,36.8874972153089,3.9611963832043893,263.56702388488327,23.585408934614797,-13.438078944484399,278.0631715174956,26.326807452535327,-10.22737565830628,277.9563614664859,-0.09213626290824922,-0.0011120589620539011,0.46181466859532255,-1.0638303092272425,0.014456067605009526,-0.1584264445371928,-0.004068372294243141,0.22090655636917833,-0.0014475497020885598,0.7368734324553097,-0.9018424166785136,0.034876798614652135,0.8025520099499904,0.009868387902755356,0.7869023450798323,0.8025520099499904,0.009868387902755356,0.7869023450798323,0.8025520099499904,0.009868387902755356,0.7869023450798323,0.8025520099499904,0.009868387902755356,0.7869023450798323,0.1949082539059941,0.05283612814338851,-2.1528258301371177,0.1949082539059941,0.05283612814338851,-2.1528258301371177,0.1949082539059941,0.05283612814338851,-2.1528258301371177,0.1949082539059941,0.05283612814338851,-2.1528258301371177,215.5170718493115,265.61136679536787,144.73864534373615,144.73864534373615,0.8025520099499904,0.009868387902755356,0.7869023450798323,0.1949082539059941,0.05283612814338851,-2.1528258301371177,0.31518432085198944,-0.4259562998550346,-0.023168455988513442,0.7196748367795207,-6.090881593946242,1.2874885764344621
3.198,1,1,1,1,-0.30000000000000004,1.162780203923795e-35,0.49999999999999994,-5.551115123125783e-14,0.0,0.0,0.02874245846187784,-0.0,0.0,0.38706259337332594,0.0,0.0,0.3285,0.19164302,-0.012182209999999971,0.3285,-0.19164302,-0.012182209999999971,-0.3285,0.19164302,-0.012182209999999971,-0.3285,-0.19164302,-0.012182209999999971,0.0,0.0,0.0,0.0,0.0,0.0,0.0,0.0,0.0,0.0,0.0,0.0,38.8609530215439,-1.9499753953379697,77.5599242985024,38.829243393089115,-1.9499753953195664,77.55873339507096,47.80784538532107,-2.9581237974074193,338.9927379234274,48.351123073360256,-2.9581238007707125,321.7095546061016,0.2626999999999995,0.002,0.9304,0.0,0.0,0.0,0.0,-0.0,0.0,0.0,0.0,0.0,0.0,0.0,0.0,-171.98377953686864,200.0,142.1035509018108,163.47990842763707,200.00000000000017,140.34635524943008,-9.476765073412556,-135.59861252095664,1.3205288150333736,-69.61900648319326,79.74840749267969,236.92239240415464,-67.7915526866244,-99.99999998201847,100.0000000004138,-7.182031922459562,-67.68984862346402,0.29039000161165635,274.34409808618324,274.3440982521663,342.9301228152083,269.2928257866997,-269.29282571600453,336.6160321450055,-1.0642764891599654e-08,-1.0643361747497693e-08,1.3303520063345786e-08,465.4020211835943,2.9201407771218157,581.752526528598,-0.1139847093562037,-0.0004595988572361613,0.46396132999936424,-1.2146290357525038,0.012259009374751637,0.2826232761678156,0.01205069898636778,0.19323192251820331,-0.005128342008682894,0.5933709022285194,-0.6428274704014366,-0.008020777051549993,0.7562964679644341,-0.005492851488054166,0.850043445575143,0.7562964679644341,-0.005492851488054166,0.850043445575143,0.7562964679644341,-0.005492851488054166,0.850043445575143,0.7562964679644341,-0.005492851488054166,0.850043445575143,4.377291210155415,21.805784720946058,-12.03529743830215,4.377291210155415,21.805784720946058,-12.03529743830215,4.377291210155415,21.805784720946058,-12.03529743830215,4.377291210155415,21.805784720946058,-12.03529743830215,320.6423096311458,320.7105819251087,858.4334139846181,1131.7771601560437,0.7562964679644341,-0.005492851488054166,0.850043445575143,4.377291210155415,21.805784720946058,-12.03529743830215,0.5094560162094667,-0.6047458326161739,-0.24929991760749556,8.21745270420749,-25.589126689170367,-18.80806248993744
3.218,1,1,1,1,-0.30000000000000004,2.088430283444909e-34,0.49999999999999994,-2.7755575615628914e-14,0.0,0.0,0.03714741406978684,-0.0,0.0,0.4474412772728996,0.0,0.0,0.3285,0.19164302,-0.012182209999999971,0.3285,-0.19164302,-0.012182209999999971,-0.3285,0.19164302,-0.012182209999999971,-0.3285,-0.19164302,-0.012182209999999971,0.0,0.0,0.0,0.0,0.0,0.0,0.0,0.0,0.0,0.0,0.0,0.0,3.8235884753579192,-3.8886405675477507,77.50817625483702,-0.9149276992448505,-3.8886405686674657,77.50529956103445,3.8235885183753697,4.258678793590047,149.57358091839973,-0.9149276532604089,4.258678795684649,156.81202092727958,0.2626999999999995,0.002,0.9304,-1.3877787807814457e-14,0.0,0.0,0.0,-0.0,0.0,0.0,0.0,0.0,0.0,0.0,0.0,9.848397853946134,17.29236042911891,11.460528801532258,3.5362901128109288,171.56295416106852,118.41612276989184,-6.092760452180659,17.820254338941872,-0.5142165821451201,12.600304355356798,57.577969160909696,-0.7213745207379261,99.99999999995997,-99.99999999935814,21.261500388756712,100.00000000006152,46.36069016384401,-1.163216895185737,21.4987920964219,-21.498792092338935,26.87349012106792,214.69079017429377,80.44688979103286,268.3634877257744,2.7469364027865595e-07,-2.606873703570045e-07,3.258745948642172e-07,8.384397176541825e-09,-1.442406016849418e-08,1.8030021919912542e-08,-0.1352737851404461,-0.0003959359322773903,0.4788406626695442,-1.128406263420591,-0.0010811998657366088,0.6528449732712202,0.030370312488431965,0.18793227388030198,-0.004123992698704304,0.6983436570611433,-0.08744946524381224,0.23630931975932867,0.722472227811127,-0.02222527434655787,0.8830702528789517,0.722472227811127,-0.02222527434655787,0.8830702528789517,0.722472227811127,-0.02222527434655787,0.8830702528789517,0.722472227811127,-0.02222527434655787,0.8830702528789517,-14.906213455541053,-19.467062151898425,25.210164802712406,-14.906213455541053,-19.467062151898425,25.210164802712406,-14.906213455541053,-19.467062151898425,25.210164802712406,-14.906213455541053,-19.467062151898425,25.210164802712406,19.254316386778136,246.26220820968345,261.3839320464531,425.87524464435705,0.722472227811127,-0.02222527434655787,0.8830702528789517,-14.906213455541053,-19.467062151898425,25.210164802712406,0.4904272404760801,-0.2764499121409387,-0.3625971775538481,-10.67485827624968,34.93782636517283,9.605214431196194
3.238,1,1,1,1,-0.29999999999999993,6.032734809549968e-34,0.49999999999999994,2.7755575615628914e-14,0.0,0.0,0.046759668554294725,-0.0,0.0,0.5076660482651809,0.0,0.0,0.3285,0.19164302,-0.012182209999999971,0.3285,-0.19164302,-0.012182209999999971,-0.3285,0.19164302,-0.012182209999999971,-0.3285,-0.19164302,-0.012182209999999971,0.0,0.0,0.0,0.0,0.0,0.0,0.0,0.0,0.0,0.0,0.0,0.0,-12.546510173975143,-3.437196013757568,77.49191537853663,-19.023415493480126,-3.437196013383219,77.48829437965814,-12.54651017291779,7.6710721556944135,79.19461308591589,-19.023415493436367,7.671072155842272,101.9924458613375,0.2626999999999995,0.002,0.9304,0.0,0.0,0.0,0.0,-0.0,0.0,0.0,0.0,0.0,0.0,0.0,0.0,-14.732101022716058,167.79726222782,113.18103244825457,-4.114548756059344,-0.6588645705125282,-0.8261389039123175,-2.722237531165787,2.642102566791022,-0.43863864398358055,2.3325220320222395,-6.745955697326901,-0.3028871525406285,-37.727457261252894,-100.00000000069991,-76.71962608329906,-99.99999999999996,-6.187206431837961,2.157790256513118,204.66428154115266,-48.415739200213466,255.8303519566773,1.5810890374723385e-08,3.121963132457495e-09,3.900993306160672e-09,-5.2026221553092e-08,4.132314579408103e-08,6.503270277846696e-08,1.2153828699013047e-07,2.3087007861022357e-09,-2.287141143142435e-09,-0.1536037949782024,-0.0010349155931503244,0.4959322730462099,-1.0108614844844017,-0.01081618256213572,0.6444836502367054,0.04180287215282765,0.18097459368714364,-0.0011131840242437144,0.47358026486229815,-0.6164712074042843,0.2847287784354892,0.6609140224780381,-0.012405880745468906,0.9014282849113302,0.6609140224780381,-0.012405880745468906,0.9014282849113302,0.6609140224780381,-0.012405880745468906,0.9014282849113302,0.6609140224780381,-0.012405880745468906,0.9014282849113302,-16.024579514978385,1.8636583172791368,23.775826004487534,-16.024579514978385,1.8636583172791368,23.775826004487534,-16.024579514978385,1.8636583172791368,23.775826004487534,-16.024579514978385,1.8636583172791368,23.775826004487534,220.58403778336717,1.7642756108543673,0.2867005802211181,43.00457243301466,0.6609140224780381,-0.012405880745468906,0.9014282849113302,-16.024579514978385,1.8636583172791368,23.775826004487534,0.4090388230572445,0.3359667907538628,0.07778779118357049,3.498494024294982,26.07613350592696,-12.671322171243808
3.258,1,1,1,1,-0.29999999999999993,2.088430283444909e-34,0.49999999999999994,2.7755575615628914e-14,0.0,0.0,0.057566920946534456,-0.0,0.0,0.5669075258896388,0.0,0.0,0.3285,0.19164302,-0.012182209999999971,0.3285,-0.19164302,-0.012182209999999971,-0.3285,0.19164302,-0.012182209999999971,-0.3285,-0.19164302,-0.012182209999999971,0.0,0.0,0.0,0.0,0.0,0.0,0.0,0.0,0.0,0.0,0.0,0.0,-18.315469029078848,-4.3417258809967,77.49921107124482,-24.920987852965546,-4.341725884723595,77.4963742724264,-18.31546902951458,6.984294908962326,81.88904780101534,-24.920987853332253,6.9842949070673495,97.77672503963079,0.2626999999999995,0.002,0.9304,1.3877787807814457e-14,0.0,0.0,0.0,-0.0,0.0,0.0,0.0,0.0,0.0,0.0,0.0,-14.157147315353441,127.11548425439503,82.8743515967257,-1.8744145819546798,-0.027200304912502877,-0.8293592800399971,-0.4435242356131699,-1.5823880532323247,-0.488680890160045,0.9683462252758087,-6.1960968213244385,-0.41994224284417137,-11.477189157402975,-99.99999999965462,-59.629293809483414,-100.00000000000009,3.151872251917457,0.6804015445212603,149.43549924429962,-26.928387387782877,186.79437403033674,1.0529532801228925e-09,-2.2448530145879886e-08,1.4210854715202004e-13,1.2719358988277918e-07,-8.459413436412433e-08,1.0566139785339601e-07,1.1437880331754968e-07,8.850156163475731e-10,-9.14823772291129e-14,-0.17068111182898915,-0.0016310267208431567,0.5102463308210051,-0.9220180691349674,0.002927249603145797,0.4921087604545678,0.05287268777141908,0.16045864398219356,0.001090870738964276,0.5881176344088328,-1.2646772491194738,0.3097308265763895,0.6011905403121377,-0.02322640077899622,0.9698000249868648,0.6011905403121377,-0.02322640077899622,0.9698000249868648,0.6011905403121377,-0.02322640077899622,0.9698000249868648,0.6011905403121377,-0.02322640077899622,0.9698000249868648,-3.8210798728774136,0.17118799585572086,5.163095550836633,-3.8210798728774136,0.17118799585572086,5.163095550836633,-3.8210798728774136,0.17118799585572086,5.163095550836633,-3.8210798728774136,0.17118799585572086,5.163095550836633,165.88224615744292,0.0,0.0,0.0,0.6011905403121377,-0.02322640077899622,0.9698000249868648,-3.8210798728774136,0.17118799585572086,5.163095550836633,0.43619836835236947,0.34041774786059364,0.045052196407739914,1.7399981056677516,1.6749381905201048,-0.2672458328315278
3.278,1,1,1,1,-0.3,2.088430283444908e-34,0.49999999999999994,2.7755575615628914e-14,0.0,0.0,0.06954094617279663,-0.0,0.0,0.6243966482646655,0.0,0.0,0.3285,0.19164302,-0.012182209999999971,0.3285,-0.19164302,-0.012182209999999971,-0.3285,0.19164302,-0.012182209999999971,-0.3285,-0.19164302,-0.012182209999999971,0.0,0.0,0.0,0.0,0.0,0.0,0.0,0.0,0.0,0.0,0.0,0.0,-20.94928724447981,-5.971636329503332,77.49844495074704,-28.06228489202175,-5.971636329244149,77.50135396482162,-20.949287244415334,6.218950000634401,96.70024565963418,-28.0622848898062,6.218949999015678,108.0594881898145,0.2626999999999995,0.002,0.9304,0.0,0.0,0.0,0.0,-0.0,0.0,0.0,0.0,0.0,0.0,0.0,0.0,-6.951331323843492,93.7068569564004,58.74976217964677,-0.5906735865965402,0.5829858200509144,-0.8313052012809657,1.1749357475909745,-3.380420469346634,-0.5540334279399382,-0.4086865394200551,-6.477443156070193,-0.515997590806653,5.007758337256911,-100.00000000003924,-33.2523324610927,-32.603447763410514,8.924042595513253,1.4422856890405265,105.72141831299416,-24.766783590306495,132.15177297859574,-7.254961076341715e-09,1.2509753233302945e-09,9.068600093087298e-09,-5.0795980754969605e-09,3.983253726858038e-10,6.349354819690234e-09,2.242816776742984e-08,2.1909801528607886e-08,-6.217248937900877e-14,-0.18675170313965392,-0.0019823763166835575,0.5208347954758086,-0.8315055142180479,0.012380235138154887,0.33964142445521245,0.07050981141960183,0.13066702587685275,0.0017272217857424235,1.0957732042347477,-1.5963991854699702,0.35904131681087825,0.5428824226049345,-0.03883678551814701,1.0683322984428405,0.5428824226049345,-0.03883678551814701,1.0683322984428405,0.5428824226049345,-0.03883678551814701,1.0683322984428405,0.5428824226049345,-0.03883678551814701,1.0683322984428405,4.665338122588458,-2.413892855188374,-4.469115450993818,4.665338122588458,-2.413892855188374,-4.469115450993818,4.665338122588458,-2.413892855188374,-4.469115450993818,4.665338122588458,-2.413892855188374,-4.469115450993818,114.76725523766231,0.0,0.0,0.0,0.5428824226049345,-0.03883678551814701,1.0683322984428405,4.665338122588458,-2.413892855188374,-4.469115450993818,0.47291471921532113,0.1316190670850299,0.09816509524801109,0.6689578911794443,-11.09491230595372,11.027568986482219
3.298,1,1,1,1,-0.3,-5.80017876876521e-34,0.49999999999999994,0.0,0.0,0.0,0.08263880142610808,-0.0,0.0,0.6794246720876094,0.0,0.0,0.3285,0.19164302,-0.012182209999999971,0.3285,-0.19164302,-0.012182209999999971,-0.3285,0.19164302,-0.012182209999999971,-0.3285,-0.19164302,-0.012182209999999971,0.0,0.0,0.0,0.0,0.0,0.0,0.0,0.0,0.0,0.0,0.0,0.0,-22.586720968928685,-6.782458374112093,77.50994268464612,-29.037528320699398,-6.782458371753176,77.5093653699163,-22.586720967908445,4.650393683397279,119.993650083157,-29.037528320046217,4.650393683995877,129.17641475959016,0.2626999999999995,0.002,0.9304,0.0,0.0,0.0,0.0,-0.0,0.0,0.0,0.0,0.0,0.0,0.0,0.0,18.22347684961977,49.517736721488774,29.69624446436341,-0.08224463584076414,0.9497123058936507,-0.8332295908831719,-21.732331821030854,33.86072380605126,23.350251582551262,-1.763682419345547,-6.627503302704216,-0.5988610252445974,-6.962368202114208,-100.0000000006327,-17.862737987447254,0.45652734139125073,3.492009953095195,1.1138774484183398,53.09006299529734,-53.090062993321126,66.36257874131348,4.524751240353453e-09,-2.9665203626905168e-09,5.655932611148273e-09,40.12774907362298,40.127749083115226,50.15968635305842,-1.1887824058476326e-09,1.706722763117341e-09,1.4859926622534658e-09,-0.20168429525612722,-0.0021416748381705335,0.5277485433022052,-0.7404875457493106,0.017258128604794972,0.19482966195616386,0.09934356405283584,0.09686608486156012,0.00017351046990562308,1.5724429387743317,-1.708720324842196,0.34408463675848056,0.4644296411229618,-0.05091639140798987,1.1841838001064984,0.4644296411229618,-0.05091639140798987,1.1841838001064984,0.4644296411229618,-0.05091639140798987,1.1841838001064984,0.4644296411229618,-0.05091639140798987,1.1841838001064984,7.460674282944124,-1.6951960646532105,-5.660683900270148,7.460674282944124,-1.6951960646532105,-5.660683900270148,7.460674282944124,-1.6951960646532105,-5.660683900270148,7.460674282944124,-1.6951960646532105,-5.660683900270148,59.073251907116536,0.0,0.0,0.0,0.4644296411229618,-0.05091639140798987,1.1841838001064984,7.460674282944124,-1.6951960646532105,-5.660683900270148,0.45975316158730417,-0.213491159100615,0.25657389526747953,-1.637750780247309,-14.890905906113867,12.32460984142424
3.318,1,1,1,1,-0.3,-5.800178768765207e-34,0.49999999999999994,0.0,0.0,0.0,0.09680403253781128,-0.0,0.0,0.7313431726347668,0.0,0.0,0.3285,0.19164302,-0.012182209999999971,0.3285,-0.19164302,-0.012182209999999971,-0.3285,0.19164302,-0.012182209999999971,-0.3285,-0.19164302,-0.012182209999999971,0.0,0.0,0.0,0.0,0.0,0.0,0.0,0.0,0.0,0.0,0.0,0.0,-25.36666131739883,-4.202896097080223,77.49898940007687,-28.756636066092057,-4.202896097368717,77.50107534473578,-25.366661317007246,1.8871190359655141,148.09216654894112,-28.75663606608001,1.8871190343799122,149.64533644222627,0.2626999999999995,0.002,0.9304,0.0,0.0,0.0,0.0,-0.0,0.0,0.0,0.0,0.0,0.0,0.0,0.0,24.48096203352778,67.71913521392935,38.679673935794646,-0.2783777810369761,0.8674521137760707,-0.8292858850993812,-41.72731558308547,8.356303651352995,43.44663911931259,-3.5745863288271007,-6.554512847987313,-0.6684679100227398,-27.42406608924204,-100.00000000026982,6.721668217670562,-27.872659949650394,-18.85122472863678,-0.18858429399512078,68.86237837413175,-68.86237841882341,86.07797302352928,1.3324701342298795e-08,-5.329070518200751e-15,0.0,74.75397333373601,74.75397336113473,93.44246670341008,1.9164062337040377e-08,1.853599851386889e-08,8.881784197001252e-16,-0.21520639469728953,-0.002085130936423604,0.5313817404265095,-0.6512459175975606,0.011756644012173832,0.07978511775026932,0.12493010967905141,0.062176122804834755,-0.004612129033732336,0.9987243000752294,-1.7005362333990184,0.2052678509443419,0.3536747144902539,-0.07000494732516176,1.2890790114170039,0.3536747144902539,-0.07000494732516176,1.2890790114170039,0.3536747144902539,-0.07000494732516176,1.2890790114170039,0.3536747144902539,-0.07000494732516176,1.2890790114170039,3.748877116715242,1.8940760760646203,-2.2672774035578236,3.748877116715242,1.8940760760646203,-2.2672774035578236,3.748877116715242,1.8940760760646203,-2.2672774035578236,3.748877116715242,1.8940760760646203,-2.2672774035578236,0.0,0.0,311.4844346022038,0.0,0.3536747144902539,-0.07000494732516176,1.2890790114170039,3.748877116715242,1.8940760760646203,-2.2672774035578236,0.4105474080010837,-0.5041781406740351,0.31242619517388004,-2.1553802949794267,-12.7213939107972,4.398850143507562
3.338,1,1,1,1,-0.3,-5.800178768765207e-34,0.49999999999999994,0.0,0.0,0.0,0.11196788034914304,-0.0,0.0,0.779564043761423,0.0,0.0,0.3285,0.19164302,-0.012182209999999971,0.3285,-0.19164302,-0.012182209999999971,-0.3285,0.19164302,-0.012182209999999971,-0.3285,-0.19164302,-0.012182209999999971,0.0,0.0,0.0,0.0,0.0,0.0,0.0,0.0,0.0,0.0,0.0,0.0,-27.611570042501036,-3.35757871793272,77.5006474793243,-30.460063201535284,-3.3575787176723315,77.50114662413546,-27.607474257360128,1.635198294294066,157.09304205140776,-30.46006320274243,1.63519829586617,159.1644320076925,0.2626999999999995,0.002,0.9304,0.0,0.0,0.0,0.0,-0.0,0.0,0.0,0.0,0.0,0.0,0.0,0.0,-0.5577013247409925,1.5067083075440266,-0.658886233364148,8.03669968816452,-1.812897847398258,1.479387611733472,-3.1320441592071377,90.66068176694561,73.7899995980567,-4.105493465514745,-6.038897705312663,-0.7304812848883399,-2.552939533852112,-100.0,-18.644252132673934,0.16977191614485587,0.8727083688853075,0.020821290243910592,-1.7643690935348344e-10,1.336097612755771e-10,2.2054615078648254e-10,-13.380569517030208,-13.3805695165957,16.725711895721997,111.85543841483585,22.970175842113424,232.16197477226822,3.223070855346011e-11,5.966770307008762e-10,7.458462875087335e-10,-0.22736589858621467,-0.0020149528581029463,0.5330435351387476,-0.5789567975470701,0.002618555918477732,0.032766307375433845,0.14393393828092513,0.03049604909614101,-0.010326523555111405,0.9369033955401683,-1.5042388465100325,0.16343398423342476,0.21388436245234999,-0.09895061602722154,1.3670135939297254,0.21388436245234999,-0.09895061602722154,1.3670135939297254,0.21388436245234999,-0.09895061602722154,1.3670135939297254,0.21388436245234999,-0.09895061602722154,1.3670135939297254,2.547669335948559,0.5598249604578197,-1.3753112126414249,2.547669335948559,0.5598249604578197,-1.3753112126414249,2.547669335948559,0.5598249604578197,-1.3753112126414249,2.547669335948559,0.5598249604578197,-1.3753112126414249,0.0,0.0,265.93034829216055,0.0,0.21388436245234999,-0.09895061602722154,1.3670135939297254,2.547669335948559,0.5598249604578197,-1.3753112126414249,0.393157175092289,-0.7607729484093669,0.2664286300226061,-2.1285768909566554,-11.338052632275135,4.664832039001434
3.358,1,1,1,1,-0.3,2.5754257440075266e-33,0.49999999999999994,-2.7755575615628914e-14,0.0,0.0,0.1280504870828135,-0.0,0.0,0.8235594979016981,0.0,0.0,0.3285,0.19164302,-0.012182209999999971,0.3285,-0.19164302,-0.012182209999999971,-0.3285,0.19164302,-0.012182209999999971,-0.3285,-0.19164302,-0.012182209999999971,0.0,0.0,0.0,0.0,0.0,0.0,0.0,0.0,0.0,0.0,0.0,0.0,-29.99903024001381,-2.2679782581823345,77.50248079892238,-31.245731102821743,-2.267978258610451,77.50389564363537,-29.993543737725027,0.059843493175349954,172.1256090115591,-31.24573110243124,0.05984349336056475,171.0594111287442,0.2626999999999995,0.002,0.9304,0.0,0.0,0.0,0.0,-0.0,0.0,0.0,0.0,0.0,0.0,0.0,0.0,-0.6890460464264913,5.066444231605328,-0.6550775883641492,2.604893746521191,-2.0577956097543204,0.28186904194593865,-18.484553603866374,6.351175620414061,16.05531657150246,-5.209481839020403,-5.737471252318497,-0.7741314105056729,-6.840429526267651,-100.00000000016252,21.553468973635983,17.14385783576661,-0.3950310913958718,0.013918112915616714,-2.2796722842777228e-10,-5.459796226237046e-10,2.8495902859582145e-10,-6.3430141865039715,-6.343014186507196,7.928767733129957,2.288245162573817,40.33659479899083,76.70525120968118,2.18410583369133e-09,-4.7864845142964185e-09,6.183475953491779e-09,-0.23823160311495742,-0.0018757613007411565,0.5332869155429452,-0.5167641895293279,-0.001448544265618084,-0.019924350118458174,0.16240923872902996,0.0028041569324941396,-0.016696002901215312,0.988032503613742,-1.3202592905113941,0.09232052884809856,0.04796703164340358,-0.12961323042280617,1.4169298567647282,0.04796703164340358,-0.12961323042280617,1.4169298567647282,0.04796703164340358,-0.12961323042280617,1.4169298567647282,0.04796703164340358,-0.12961323042280617,1.4169298567647282,-0.6474630285271764,0.23069159299020295,-0.8228319644316133,-0.6474630285271764,0.23069159299020295,-0.8228319644316133,-0.6474630285271764,0.23069159299020295,-0.8228319644316133,-0.6474630285271764,0.23069159299020295,-0.8228319644316133,0.0,0.0,85.09618022558737,0.0,0.04796703164340358,-0.12961323042280617,1.4169298567647282,-0.6474630285271764,0.23069159299020295,-0.8228319644316133,0.3419408725495476,-0.9982901170834626,0.2689522620537425,-2.279777007953138,-8.462573763193758,2.753415986867477
3.378,1,1,1,1,-0.3,2.5754257440075266e-33,0.49999999999999994,2.7755575615628914e-14,0.0,0.0,0.14496210271458537,-0.0,0.0,0.8628620660687724,0.0,0.0,0.3285,0.19164302,-0.012182209999999971,0.3285,-0.19164302,-0.012182209999999971,-0.3285,0.19164302,-0.012182209999999971,-0.3285,-0.19164302,-0.012182209999999971,0.0,0.0,0.0,0.0,0.0,0.0,0.0,0.0,0.0,0.0,0.0,0.0,-33.07008631864243,-2.5225101811538684,77.51273744160751,-33.248903546616965,-2.522510180590419,77.51205313112004,-33.046225373249115,-2.086394966313991,181.54097797962567,-33.248903546595265,-2.086394965862569,175.8806762754218,0.2626999999999995,0.002,0.9304,0.0,0.0,0.0,0.0,-0.0,0.0,0.0,0.0,0.0,0.0,0.0,0.0,-1.6420930732592367,8.138993659630426,-0.6851208562509297,9.111377428760209,-3.3842965712505295,1.8387409725482713,-69.76255803902131,199.999999992188,209.69001590396994,8.79718617095214,25.153167411951106,17.865525043198,-76.38666455148321,-99.99999996100809,-99.99999999922643,-100.00000000000003,-62.94992495291347,1.9936569594109266,5.2957286555965766e-08,-7.611037844412749e-08,9.647306598026262e-08,-16.390113701648353,-16.390113779697746,20.487642125070458,215.76480507337845,159.56653566495442,709.5091619661971,31.83123615699777,-31.831236127904557,39.789045155083876,-0.24805363959144486,-0.0014857644936561052,0.5323670104223934,-0.4609118582666756,0.015168940784013407,-0.027247452320982468,0.18849893690493175,-0.022370612466422246,-0.023792853925644605,1.9844002435087746,-1.2650182465007154,0.08754524429263418,-0.12859282361459695,-0.16183595619033195,1.4159930487775032,-0.12859282361459695,-0.16183595619033195,1.4159930487775032,-0.12859282361459695,-0.16183595619033195,1.4159930487775032,-0.12859282361459695,-0.16183595619033195,1.4159930487775032,-12.246101274646273,13.605096902806237,1.9493802753147274,-12.246101274646273,13.605096902806237,1.9493802753147274,-12.246101274646273,13.605096902806237,1.9493802753147274,-12.246101274646273,13.605096902806237,1.9493802753147274,0.0,0.0,631.167987320016,0.0,-0.12859282361459695,-0.16183595619033195,1.4159930487775032,-12.246101274646273,13.605096902806237,1.9493802753147274,0.5689066367841629,-1.1857750091152495,-0.02968911805707991,-1.345337432147966,-5.0421912885756495,-18.810105633269593
3.398,1,1,1,1,-0.3,2.5754257440075266e-33,0.4999999999999999,-2.7755575615628914e-14,7.888609052210118e-31,-2.7755575615628904e-14,0.16260429134485269,-0.0,0.0,0.8970645978547899,0.0,0.0,0.3285,0.19164302,-0.012182209999999971,0.3285,-0.19164302,-0.012182209999999971,-0.3285,0.19164302,-0.012182209999999971,-0.3285,-0.19164302,-0.012182209999999971,0.0,0.0,0.0,0.0,0.0,0.0,0.0,0.0,0.0,0.0,0.0,0.0,-37.04084105933981,-2.182168693107813,77.50863356278484,-36.31755547309105,-2.1821686943970664,77.5094988626186,-36.96250435033185,-2.929364796649887,162.82722074436754,-36.31755547264024,-2.929364795896133,163.19601640392676,0.2626999999999995,0.002,0.9304,0.0,0.0,0.0,0.0,-0.0,0.0,0.0,0.0,0.0,0.0,0.0,0.0,-2.047032154832701,6.855081870387286,-0.6952272018983529,-1.2994906673684803,-2.885605729931669,-0.6886947347068336,53.75140853693471,122.01241194031142,135.1977117484039,-4.7202524723093395,-7.722237861196234,-0.7258950614131598,12.8860297409069,-99.99999998519164,-99.99999999952229,-99.99999999999997,10.568864603449528,-2.4811932611237504,-2.346690841648069e-09,2.5768144951143768e-08,4.129708663924703e-08,-4.5127893422147736e-08,2.0047842497206148e-08,4.889710858435592e-09,114.84409000548054,-47.948111631721915,521.2732217592873,8.293490338928677e-09,-3.2271767480551716e-08,2.163943513266986e-08,-0.25658377874292526,-0.001082764450504097,0.532161290630478,-0.4070624485594422,0.0028136281206228566,0.031301310766286825,0.23213439723808088,-0.04615729794745982,-0.03067614750619757,1.9489097511095987,-1.112095659981143,0.05964546054104243,-0.3389761412153927,-0.19012541019592324,1.3859725560290361,-0.3389761412153927,-0.19012541019592324,1.3859725560290361,-0.3389761412153927,-0.19012541019592324,1.3859725560290361,-0.3389761412153927,-0.19012541019592324,1.3859725560290361,16.278737075996002,-3.305630808866614,-0.021890245313059522,16.278737075996002,-3.305630808866614,-0.021890245313059522,16.278737075996002,-3.305630808866614,-0.021890245313059522,16.278737075996002,-3.305630808866614,-0.021890245313059522,0.0,0.0,519.2220591591035,0.0,-0.3389761412153927,-0.19012541019592324,1.3859725560290361,16.278737075996002,-3.305630808866614,-0.021890245313059522,2.2609156899871454,-1.3416405628737114,-1.8216063268519793,-0.9513435144630584,-27.93639440554454,15.654631963202315
3.418,1,1,1,1,-0.3,2.5754257440075266e-33,0.49999999999999994,0.0,0.0,0.0,0.18087113757021964,-0.0,0.0,0.9258202614307638,0.0,0.0,0.3285,0.19164302,-0.012182209999999971,0.3285,-0.19164302,-0.012182209999999971,-0.3285,0.19164302,-0.012182209999999971,-0.3285,-0.19164302,-0.012182209999999971,0.0,0.0,0.0,0.0,0.0,0.0,0.0,0.0,0.0,0.0,0.0,0.0,-38.65676604171221,-0.05029000212745036,77.49476024545166,-36.29230774998106,-0.05029000322867297,77.49807120558651,-42.536440740243435,-5.037062634950144,157.57393440842696,-36.29230774963694,-5.037062634246191,160.09395719954873,0.2626999999999995,0.002,0.9304,0.0,0.0,0.0,0.0,-0.0,0.0,0.0,0.0,0.0,0.0,0.0,0.0,-1.6980701536513492,3.091504269635265,-0.6945400705791482,-2.6298065189045032,-5.57571984110295,-0.6336800100454849,6.688267993837876,-31.598160928885854,-1.9480109922929425,-4.071790791175313,-20.08658727395361,-0.44884888916810173,-16.087565519696096,-99.99999994921487,65.0761163204089,100.00000000371891,9.686854492258407,-21.70485718654545,-1.6404451841367518e-07,4.9217684594538014e-08,6.084022174945858e-14,-3.20572075551695e-08,-4.282469934224764e-08,5.3530341492802336e-08,-65.87232376764229,2.995745566494758,82.34040468496917,-2.9007884094767178e-08,1.9411087759380052e-07,5.563905114414069e-07,-0.2651295646378722,-0.0009630151597016189,0.5327769130583465,-0.4557576917937571,0.006826376715042439,0.07676687849159418,0.27827062592509155,-0.06546400713262202,-0.038482942101059806,2.799222722693065,-0.789344956265039,-0.08204921892523645,-0.5528513741740029,-0.19576870661637252,1.283144299780722,-0.5528513741740029,-0.19576870661637252,1.283144299780722,-0.5528513741740029,-0.19576870661637252,1.283144299780722,-0.5528513741740029,-0.19576870661637252,1.283144299780722,5.221532548951272,6.894111680050454,0.7584821645406497,5.221532548951272,6.894111680050454,0.7584821645406497,5.221532548951272,6.894111680050454,0.7584821645406497,5.221532548951272,6.894111680050454,0.7584821645406497,0.0,0.0,99.85163598317567,206.4483315887812,-0.5528513741740029,-0.19576870661637252,1.283144299780722,5.221532548951272,6.894111680050454,0.7584821645406497,3.0263936009813714,-0.886311076953865,-2.9261608585755607,-27.245670169055096,-17.180083310200875,0.5321879933131797
3.438,1,1,1,1,-0.3,2.5754257440075266e-33,0.49999999999999994,0.0,0.0,0.0,0.19965045285507965,-0.0,0.0,0.94884254354665,0.0,0.0,0.3285,0.19164302,-0.012182209999999971,0.3285,-0.19164302,-0.012182209999999971,-0.3285,0.19164302,-0.012182209999999971,-0.3285,-0.19164302,-0.012182209999999971,0.0,0.0,0.0,0.0,0.0,0.0,0.0,0.0,0.0,0.0,0.0,0.0,-38.74667879557624,0.6897759920397891,77.50248448688066,-38.27864096989405,0.6897759911355251,77.50916668114583,-44.911143781014665,-5.3088619802513675,148.2076769017471,-38.27864096965605,-5.308861979559535,154.12907455800365,0.2626999999999995,0.002,0.9304,0.0,0.0,0.0,0.0,-0.0,0.0,0.0,0.0,0.0,0.0,0.0,0.0,-1.493757930898655,0.8805203072592785,-0.7084162218482295,-1.7769447774649756,-7.009111029769062,-0.6030708036199666,71.9083043649333,123.71412681179149,145.8670712252686,-7.933180408387782,-2.0646836610355694,-0.7026230953161164,-12.405648716463858,-100.00000007655427,-99.9999999782694,99.99999999999986,4.6301978927311405,-14.639483005064275,-2.0904244085739876e-07,1.8525304312788649e-07,3.4998174691658335e-07,-6.740003588578958e-08,1.5934330255262807e-07,8.425002018253025e-08,89.04192722542298,-77.29612443063951,588.5960735370546,2.5803110759170522e-08,8.053234701321799e-08,1.3145040611561853e-13,-0.27521344287373845,-0.0013935203027041019,0.5340700087493635,-0.5236676657917196,-0.022645803140085637,0.13939304630484745,0.33621198868791347,-0.07738209455959022,-0.043541180666093776,2.656955860039276,-0.47722217225938746,-0.08412476745900005,-0.7039359019849979,-0.18787776192668365,1.127691559693933,-0.7039359019849979,-0.18787776192668365,1.127691559693933,-0.7039359019849979,-0.18787776192668365,1.127691559693933,-0.7039359019849979,-0.18787776192668365,1.127691559693933,8.744512358731686,9.056757882937124,4.739559347143209,8.744512358731686,9.056757882937124,4.739559347143209,8.744512358731686,9.056757882937124,4.739559347143209,8.744512358731686,9.056757882937124,4.739559347143209,0.0,0.0,543.2067540637784,42.16566269186492,-0.7039359019849979,-0.18787776192668365,1.127691559693933,8.744512358731686,9.056757882937124,4.739559347143209,2.581274779612641,-0.655605662917058,-2.960836051490363,-23.676141710104286,-21.959811026100265,-15.328170845590334
3.458,1,1,1,1,-0.3,2.5754257440075266e-33,0.49999999999999994,2.7755575615628914e-14,0.0,0.0,0.21882498190319485,-0.0,0.0,0.965905249531449,0.0,0.0,0.3285,0.19164302,-0.012182209999999971,0.3285,-0.19164302,-0.012182209999999971,-0.3285,0.19164302,-0.012182209999999971,-0.3285,-0.19164302,-0.012182209999999971,0.0,0.0,0.0,0.0,0.0,0.0,0.0,0.0,0.0,0.0,0.0,0.0,-38.59250602479007,1.5014741566415082,77.49855756358971,-38.745914724457705,1.5014741559681843,77.50282354800025,-49.5650312133901,-5.217760073429327,133.07286237152397,-42.71917085245983,-5.217760072713517,146.95840590195647,0.2626999999999995,0.002,0.9304,0.0,0.0,0.0,0.0,-0.0,0.0,0.0,0.0,0.0,0.0,0.0,0.0,-0.6341163238218037,-1.545158800795893,-0.7221847865307165,-2.7170448981908115,-14.76435952839411,-0.543981019054038,9.676725202249305,-47.26358055137512,-1.5624208576791045,-8.783212490770543,-2.5608143198309485,-0.7156930181799644,-22.561889762024762,-99.99999996610438,100.00000000256354,-100.00000000082322,39.59272425651896,-17.209751495487534,3.994258979123089e-08,-1.1670652871886844e-07,1.4588824281958068e-07,-1.1538702970881332e-07,5.101743456581431e-07,1.4423017025144702e-07,-104.63257090711932,2.4500051326460444,130.7907136339,2.0481394358284888e-12,3.009998472691677e-08,1.2647660696529783e-12,-0.28696688314486,-0.00281741812558916,0.5359976109947683,-0.6276147947380968,-0.05000624166658636,0.18128729628401236,0.38599287821492934,-0.08529814442506956,-0.047033915783461305,2.5639390552373866,-0.2960699768878975,-0.14221530612527053,-0.8134388060851225,-0.15874247990121104,0.9106812219093858,-0.8134388060851225,-0.15874247990121104,0.9106812219093858,-0.8134388060851225,-0.15874247990121104,0.9106812219093858,-0.8134388060851225,-0.15874247990121104,0.9106812219093858,6.481797850689455,0.2956645726219076,1.833004781040066,6.481797850689455,0.2956645726219076,1.833004781040066,6.481797850689455,0.2956645726219076,1.833004781040066,6.481797850689455,0.2956645726219076,1.833004781040066,0.0,0.0,167.47452364005485,8.24141473032716,-0.8134388060851225,-0.15874247990121104,0.9106812219093858,6.481797850689455,0.2956645726219076,1.833004781040066,2.2120174647858715,-0.19707589990385666,-3.0929533949361705,-17.521416138371887,-21.820664475976983,-10.40153779787234
3.478,1,1,1,1,-0.3,2.5754257440075266e-33,0.49999999999999994,0.0,0.0,0.0,0.23827360902927416,-0.0,0.0,0.9768425032929359,0.0,0.0,0.3285,0.19164302,-0.012182209999999971,0.3285,-0.19164302,-0.012182209999999971,-0.3285,0.19164302,-0.012182209999999971,-0.3285,-0.19164302,-0.012182209999999971,0.0,0.0,0.0,0.0,0.0,0.0,0.0,0.0,0.0,0.0,0.0,0.0,-38.738362681187425,1.5456535470168875,77.51079886673013,-38.69739936467846,1.5456535463270977,77.50029000600385,-53.654126460587264,-4.224815745940994,117.69140458551281,-48.87311864950441,-4.2248157452344275,141.833458345005,0.2626999999999995,0.002,0.9304,0.0,0.0,0.0,0.0,-0.0,0.0,0.0,0.0,0.0,0.0,0.0,0.0,-1.6743368643998882,-1.789623844556925,-0.7529056958668561,-3.0331468748008645,-23.724523394051058,-0.4759898380322444,102.98600744979488,199.9999999900705,200.45567064918578,-15.299854218998117,7.509934095026258,4.866340678263998,-21.48707174929678,-99.99999999999899,-100.00000001419305,-100.00000000000011,14.084026105779882,-7.955355955109501,-1.3804262644079301e-07,1.6071825892360891e-07,2.020801217472723e-07,2.1380415349270265e-07,7.888543829270844e-08,5.400124791776761e-13,142.58303324579225,-130.15809130546543,777.6129270836408,11.755200378332695,11.755200335290967,14.694000419116051,-0.3012257109450142,-0.005040257082537386,0.5379393462467738,-0.7487360035773457,-0.08547886177188402,0.22735432332587605,0.43531072990357245,-0.09027372256017308,-0.049113905457458445,2.1835172470741306,-0.17133706081866396,-0.1131405576648879,-0.8431015344908904,-0.1180568033313654,0.6760951442839634,-0.8431015344908904,-0.1180568033313654,0.6760951442839634,-0.8431015344908904,-0.1180568033313654,0.6760951442839634,-0.8431015344908904,-0.1180568033313654,0.6760951442839634,2.463396362039683,6.3711440124856775,-2.185805830159371,2.463396362039683,6.3711440124856775,-2.185805830159371,2.463396362039683,6.3711440124856775,-2.185805830159371,2.463396362039683,6.3711440124856775,-2.185805830159371,0.0,0.0,733.9174490574732,16.388541785275965,-0.8431015344908904,-0.1180568033313654,0.6760951442839634,2.463396362039683,6.3711440124856775,-2.185805830159371,1.7836316565351544,0.13282277540424325,3.122881964716861,-15.010196406034943,-1.5576784637462753,-14.598052770472778
3.498,1,1,1,1,-0.3,2.5754257440075266e-33,0.49999999999999994,0.0,0.0,0.0,0.2578725645305533,-0.0,0.0,0.9815487473181124,0.0,0.0,0.3285,0.19164302,-0.012182209999999971,0.3285,-0.19164302,-0.012182209999999971,-0.3285,0.19164302,-0.012182209999999971,-0.3285,-0.19164302,-0.012182209999999971,0.0,0.0,0.0,0.0,0.0,0.0,0.0,0.0,0.0,0.0,0.0,0.0,-38.598536861671754,-0.5172580436215476,77.51542934661566,-38.40690879192708,-0.5172580443620416,77.49697034818156,-56.53476814887573,-1.7749484333677383,115.439796543594,-67.65759866839625,-1.7749484326836495,144.73155405174492,0.2626999999999995,0.002,0.9304,0.0,0.0,0.0,0.0,-0.0,0.0,0.0,0.0,0.0,0.0,0.0,0.0,-4.749840044401961,-1.8324036165027906,-0.7875724778639924,-5.7646350355754326,-41.01525494952747,-0.3188575367666351,113.53782422379221,11.8565250463522,28.944880234769162,-77.21889285694124,80.13708641063631,50.404560415512215,44.98753924428193,-99.99999986755071,100.0000000504172,99.99999999999997,-6.064515639861267,-30.164606058044452,1.1871367915361475e-06,9.878870610435797e-09,6.683542608243442e-14,-9.531787236172207e-07,1.4171872730894819e-06,1.1914728386130946e-06,-32.84531256714589,-162.12609849729066,202.65762312162133,107.83768157178712,107.83768183503724,134.7971024818577,-0.31757577757722966,-0.00677952625735869,0.5379389785007161,-0.8225052385565682,-0.058262376692153575,-0.03970313043920384,0.4920570044176507,-0.09923619000663253,-0.05244189943914107,4.004087135287585,-0.8064492373628273,0.05874038843814695,-0.7738741662443316,-0.06725284315252282,0.4570883669719589,-0.7738741662443316,-0.06725284315252282,0.4570883669719589,-0.7738741662443316,-0.06725284315252282,0.4570883669719589,-0.7738741662443316,-0.06725284315252282,0.4570883669719589,1.2738140438616656,4.385551641966324,15.607147850190568,1.2738140438616656,4.385551641966324,15.607147850190568,1.2738140438616656,4.385551641966324,15.607147850190568,1.2738140438616656,4.385551641966324,15.607147850190568,0.0,0.0,257.11126640279247,146.62995237523788,-0.7738741662443316,-0.06725284315252282,0.4570883669719589,1.2738140438616656,4.385551641966324,15.607147850190568,1.0622171835199985,0.761518136565384,2.690074168589466,-37.43671697660475,-3.794125486675493,-36.37051760899334
3.5180000000000002,1,1,1,1,-0.3,2.5754257440075266e-33,0.49999999999999994,0.0,0.0,0.0,0.27749663105837274,-0.0,0.0,0.9799787426727457,0.0,0.0,0.3285,0.19164302,-0.012182209999999971,0.3285,-0.19164302,-0.012182209999999971,-0.3285,0.19164302,-0.012182209999999971,-0.3285,-0.19164302,-0.012182209999999971,0.0,0.0,0.0,0.0,0.0,0.0,0.0,0.0,0.0,0.0,0.0,0.0,-38.70605398802507,-13.032643564966476,77.49379116908194,-38.74111877842037,-13.032643563868845,77.49162362927721,-58.33354426216811,10.456596710349892,198.5400255094535,-79.63888756743845,10.456596709360912,234.2772859029146,0.2626999999999995,0.002,0.9304,0.0,0.0,0.0,0.0,-0.0,0.0,0.0,0.0,0.0,0.0,0.0,0.0,-4.661715797701599,-2.7451891013215786,-0.7953648607995967,-14.048816191846967,-84.95705940122528,0.1287863052860487,-150.13953368867533,200.0000002666755,142.37408863277616,70.62615051860382,42.27051077473404,64.98845014006521,99.9999998527831,-99.99999999999868,100.00000016111952,-65.0460455617465,39.51710496229247,-79.75539243405456,-1.276251211379531e-07,1.60087552103505e-08,1.5953332166418477e-07,6.999169386290305e-07,-1.2902833645966894e-07,-9.876544027065393e-13,249.02685451133428,239.72280776734087,311.28356813916696,-30.279938128480808,-153.69915333203946,192.1239416584337,-0.3323463307688429,-0.007592577993448117,0.5321090629937996,-0.7309623078775743,-0.2366278679483066,-0.165959162970669,0.5772176350155633,-0.12411766622893072,-0.053496005701899885,4.709609870016951,-0.4337664690589539,0.7182634966587428,-0.7456290931381631,-0.05755180317457449,0.4019943567907855,-0.7456290931381631,-0.05755180317457449,0.4019943567907855,-0.7456290931381631,-0.05755180317457449,0.4019943567907855,-0.7456290931381631,-0.05755180317457449,0.4019943567907855,-1.6108376369413635,3.3780100703424676,3.788552210039104,-1.6108376369413635,3.3780100703424676,3.788552210039104,-1.6108376369413635,3.3780100703424676,3.788552210039104,-1.6108376369413635,3.3780100703424676,3.788552210039104,0.0,0.0,320.8023264458019,0.0,-0.7456290931381631,-0.05755180317457449,0.4019943567907855,-1.6108376369413635,3.3780100703424676,3.788552210039104,0.16964236311201386,0.8369268074769556,2.3385131625515654,-31.992620449935963,-25.83801886724025,-9.250837518342426
3.5380000000000003,1,1,1,1,-0.3,2.5754257440075266e-33,0.49999999999999994,0.0,0.0,0.0,0.29702034998975724,-0.0,0.0,0.9721475690013179,0.0,0.0,0.3285,0.19164302,-0.012182209999999971,0.3285,-0.19164302,-0.012182209999999971,-0.3285,0.19164302,-0.012182209999999971,-0.3285,-0.19164302,-0.012182209999999971,0.0,0.0,0.0,0.0,0.0,0.0,0.0,0.0,0.0,0.0,0.0,0.0,-38.73025606845321,-13.122931078615489,77.49128363445057,-38.73480498866371,-13.122931078774293,77.48373685592315,-68.09695900107774,14.114568262962322,209.00565790699326,-93.00365754610424,14.11456826315832,274.4446050974751,0.2626999999999995,0.002,0.9304,0.0,0.0,0.0,0.0,-0.0,0.0,0.0,0.0,0.0,0.0,0.0,0.0,-4.945540979696735,-2.059382698329694,-0.8502449108885234,24.38485416222497,-79.17659918815848,0.507953549071585,-47.01434610090219,148.5043520723313,143.07106244483512,-11.37859209531372,-5.260274208945005,-0.6932878785802913,99.99999992252475,-100.00000000000044,100.00000010512508,-100.00000000000017,5.986799038103682,-70.49168033965958,-9.612776352696528e-09,3.0346885182552796e-07,1.378236618165829e-07,8.171499388254233e-07,8.810729923425242e-13,3.410605131648481e-13,121.66800302678092,93.1719685754422,458.49566420868894,-4.059057289396151e-06,-3.7906973275880773e-06,5.073821114365273e-06,-0.34490560907647494,-0.010324201832489976,0.5242087564200609,-0.6003556368123067,-0.36974305254776596,-0.1167475092718478,0.6303572974805965,-0.15383214901540798,-0.05526167526471559,1.3181373740663511,-0.9920993606542408,1.3479689837738706,-0.7524144045089668,-0.0441199128561154,0.3925106152931066,-0.7524144045089668,-0.0441199128561154,0.3925106152931066,-0.7524144045089668,-0.0441199128561154,0.3925106152931066,-0.7524144045089668,-0.0441199128561154,0.3925106152931066,-2.8630533937751332,3.259950755735528,8.144889523126139,-2.8630533937751332,3.259950755735528,8.144889523126139,-2.8630533937751332,3.259950755735528,8.144889523126139,-2.8630533937751332,3.259950755735528,8.144889523126139,0.0,0.0,450.98901851316486,42.54840280530859,-0.7524144045089668,-0.0441199128561154,0.3925106152931066,-2.8630533937751332,3.259950755735528,8.144889523126139,-0.579824364483714,0.5060634349509927,2.144765375768184,-29.540511120557284,-2.308399089521516,-4.221434782752974
3.5580000000000003,1,1,1,1,-0.3,2.5754257440075266e-33,0.49999999999999994,0.0,0.0,0.0,0.31631922779899485,-0.0,0.0,0.9581306245277657,0.0,0.0,0.3285,0.19164302,-0.012182209999999971,0.3285,-0.19164302,-0.012182209999999971,-0.3285,0.19164302,-0.012182209999999971,-0.3285,-0.19164302,-0.012182209999999971,0.0,0.0,0.0,0.0,0.0,0.0,0.0,0.0,0.0,0.0,0.0,0.0,-35.89694540607628,-1.5450382417584787,77.45480931517977,-33.49282071879177,-1.5450382417756496,77.38753849900064,-94.08194500667877,8.271451162783649,203.37500048895106,-94.80989657262404,8.27145116171605,318.38942174184183,0.2626999999999995,0.002,0.9304,0.0,0.0,0.0,0.0,-0.0,0.0,0.0,0.0,0.0,0.0,0.0,0.0,199.99999960089104,199.99999397941616,320.00000001389975,-200.00000000002316,199.9999999245784,319.99999814759417,200.00000003129065,-199.99999928354669,319.99999998815133,-182.0744793581432,94.58181300001812,319.9999999212947,100.00000005677221,-99.99999999996515,99.99999993554387,-99.9999999999317,100.0000000000098,-100.0,-249.32201354807788,-270.84129468109995,1147.9752036402645,-907.2346632826648,604.0025841607784,2364.0430415437204,-1137.3368213307367,-210.59068362462213,2373.9283180303632,-74.03613036945183,45.806639818733686,1151.1225946617822,-0.35718558451867705,-0.015444969321734382,0.5165777568164428,-0.8106137680698222,-0.36723075758248297,0.14097077317606013,0.6456187357678971,-0.1785204125451587,-0.07170185657736988,0.28909291375756113,-1.271572740417694,-0.32028027155472016,-0.7597185642978471,-0.049820489989288085,0.3660816892198998,-0.7597185642978471,-0.049820489989288085,0.3660816892198998,-0.7597185642978471,-0.049820489989288085,0.3660816892198998,-0.7597185642978471,-0.049820489989288085,0.3660816892198998,-4.128177169071448,8.803045363171194,5.704736017507816,-4.128177169071448,8.803045363171194,5.704736017507816,-4.128177169071448,8.803045363171194,5.704736017507816,-4.128177169071448,8.803045363171194,5.704736017507816,0.0,0.0,2173.775233596395,1630.5119145620076,-0.7597185642978471,-0.049820489989288085,0.3660816892198998,-4.128177169071448,8.803045363171194,5.704736017507816,-1.1271466199901383,0.6652788062088755,2.1729496733059,-15.411913692506241,0.2260648242283878,25.858548735858268
3.5780000000000003,1,1,1,1,-0.3,2.5754257440075266e-33,0.49999999999999994,0.0,0.0,0.0,0.3352709424292158,-0.0,0.0,0.938063626054775,0.0,0.0,0.3285,0.19164302,-0.012182209999999971,0.3285,-0.19164302,-0.012182209999999971,-0.3285,0.19164302,-0.012182209999999971,-0.3285,-0.19164302,-0.012182209999999971,0.0,0.0,0.0,0.0,0.0,0.0,0.0,0.0,0.0,0.0,0.0,0.0,-38.758882657401024,23.3757062320476,77.52301513975543,-38.70079110757545,23.375706232334437,77.45173783299747,-38.762016351464275,27.425303993981533,77.52282187676957,-159.8979844294706,27.42530399281326,406.2634368205808,0.2626999999999995,0.002,0.9304,0.0,0.0,0.0,0.0,-0.0,0.0,0.0,0.0,0.0,0.0,0.0,0.0,-5.1804377859793656,200.00000001257325,-4.460430556063671,-35.38377444838523,-96.8401281176563,1.3185414756456304,-115.82576866972727,87.74421606449789,82.50131322116573,-0.27301026769290665,-17.43570411878071,-0.48250281435335834,100.0000000375162,-64.91421558445688,99.99999997092188,-100.00000000017786,-15.265807587937164,-63.9831468726244,-9.743141239097497,9.74314095468796,12.178926548871488,-3.6555417481931585e-07,5.522052424211665e-07,4.56941482873674e-07,86.58752048064576,186.893877897565,233.6173471427234,6.852013711977634e-07,5.948149919277057e-07,8.565025382267777e-07,-0.3772573740428786,-0.02823406075875566,0.5127153438098958,-0.9472753525937613,-0.7120344834753264,0.5283188355134488,0.48866050848002424,-0.140350612185421,-0.10243569212097453,-11.530943540733926,-0.13701916638816036,-1.044087301984762,-0.7954863405269051,-0.0535124628221095,0.3939950630614646,-0.7954863405269051,-0.0535124628221095,0.3939950630614646,-0.7954863405269051,-0.0535124628221095,0.3939950630614646,-0.7954863405269051,-0.0535124628221095,0.3939950630614646,-3.7048118594349093,3.8130867197976945,6.5367181550563025,-3.7048118594349093,3.8130867197976945,6.5367181550563025,-3.7048118594349093,3.8130867197976945,6.5367181550563025,-3.7048118594349093,3.8130867197976945,6.5367181550563025,642.7035464977157,0.0,121.87038482002005,490.91729569182075,-0.7954863405269051,-0.0535124628221095,0.3939950630614646,-3.7048118594349093,3.8130867197976945,6.5367181550563025,-1.3255582576076128,0.6367141134346666,2.2085462856551343,-5.998733673166549,-2.466035932345852,14.537847393231713
3.598,1,1,1,1,-0.3,2.5754257440075266e-33,0.49999999999999994,0.0,0.0,0.0,0.3537565496639714,-0.0,0.0,0.9121426089639049,0.0,0.0,0.3285,0.19164302,-0.012182209999999971,0.3285,-0.19164302,-0.012182209999999971,-0.3285,0.19164302,-0.012182209999999971,-0.3285,-0.19164302,-0.012182209999999971,0.0,0.0,0.0,0.0,0.0,0.0,0.0,0.0,0.0,0.0,0.0,0.0,-38.74901946966159,16.46009358874938,77.49803893932156,-38.749019469661064,16.460093591239257,77.49803893931968,-58.50012843082938,-4.169229581494784,117.00025686165726,-128.73847786677533,-4.169229581044684,257.4769557335467,0.2626999999999995,0.002,0.9304,0.0,0.0,0.0,0.0,-0.0,0.0,0.0,0.0,0.0,0.0,0.0,0.0,16.490041239364743,113.7631668786095,-0.7195659035311529,15.12357469681136,-199.99999999852227,-3.547762314549541,40.014344135202705,199.99999991481624,124.52658564231379,-129.71873391114525,103.47898694990249,55.27728153316612,63.97207584696635,-56.958306067406795,99.99999998721319,-99.99999999999987,5.733359563054768,-28.316816493044854,-1.3401444898253345e-08,1.339627342389349e-08,1.6751505960144186e-08,11.253901608840053,11.253901967860969,14.067377459824373,227.12789767101043,-88.02342549607016,283.9098719792784,144.95922150863376,144.95922141541115,181.19902676926267,-0.3964221849704778,-0.03768255477940612,0.5151183054663724,-0.8607020910171261,-0.24857159860824196,0.3715043888708784,0.4053711448012944,-0.10280127220187363,-0.1188434368820323,-0.854706172911866,0.6548617381096618,-1.2933974867584683,-0.8444064226408938,-0.07449914302483221,0.4373242481731261,-0.8444064226408938,-0.07449914302483221,0.4373242481731261,-0.8444064226408938,-0.07449914302483221,0.4373242481731261,-0.8444064226408938,-0.07449914302483221,0.4373242481731261,-2.605258371047941,4.267822861267344,1.3785241153346064,-2.605258371047941,4.267822861267344,1.3785241153346064,-2.605258371047941,4.267822861267344,1.3785241153346064,-2.605258371047941,4.267822861267344,1.3785241153346064,0.0,0.0,237.49763653688825,285.53409475280284,-0.8444064226408938,-0.07449914302483221,0.4373242481731261,-2.605258371047941,4.267822861267344,1.3785241153346064,-1.3105670891416117,0.8322472487025068,2.552571418799684,-15.841479282728905,-4.8546362559411875,-7.324066577950105
3.618,1,1,1,1,-0.3,2.5754257440075266e-33,0.49999999999999994,0.0,0.0,0.0,0.3716616894988129,-0.0,0.0,0.8806239272152846,0.0,0.0,0.3285,0.19164302,-0.012182209999999971,0.3285,-0.19164302,-0.012182209999999971,-0.3285,0.19164302,-0.012182209999999971,-0.3285,-0.19164302,-0.012182209999999971,0.0,0.0,0.0,0.0,0.0,0.0,0.0,0.0,0.0,0.0,0.0,0.0,-38.74901946966152,15.156074140760083,77.49803893932149,-38.74901946966116,15.156074142371203,77.49803893931985,-54.340974700632074,-12.936759783035413,108.68194940126274,-109.74668666206365,-12.936759782037658,219.49337332412344,0.2626999999999995,0.002,0.9304,0.0,0.0,0.0,0.0,-0.0,0.0,0.0,0.0,0.0,0.0,0.0,0.0,0.8211204051976472,-104.35213629964434,0.7636333395133375,200.00000000218034,-199.99999999568092,-23.4611149811333,-200.00000000447832,-200.00000002194952,50.48835363659106,21.152918128903018,-79.53507619531302,37.753950323776536,99.99999935116213,100.00000003909562,-99.99999999841106,99.99999999894857,-99.99999999940768,-100.00000000000058,-2.683349127896584e-07,1.1373568753469954e-10,3.503194041520885e-07,-1337.1639630883042,-1337.1639610244513,1671.4549567214733,-616.1511510741672,420.42529908115455,770.1889349047333,-363.26342813277915,-172.4340839777277,454.0792893869069,-0.4172339692164902,-0.041520098046305555,0.5188089426659245,-1.1838329063778943,-0.18376606558335085,0.372635913398349,0.40877145973193657,-0.05831074728849317,-0.11463335339276032,-0.19208012189393117,2.5894136122886207,-1.968085343178825,-0.8830901358544598,-0.11299940474207636,0.475033541357082,-0.8830901358544598,-0.11299940474207636,0.475033541357082,-0.8830901358544598,-0.11299940474207636,0.475033541357082,-0.8830901358544598,-0.11299940474207636,0.475033541357082,-2.0895378910672635,1.9082958691474952,-2.959764283253298,-2.0895378910672635,1.9082958691474952,-2.959764283253298,-2.0895378910672635,1.9082958691474952,-2.959764283253298,-2.0895378910672635,1.9082958691474952,-2.959764283253298,0.0,0.0,599.1347933090742,423.50799039012577,-0.8830901358544598,-0.11299940474207636,0.475033541357082,-2.0895378910672635,1.9082958691474952,-2.959764283253298,-1.1412024674230463,0.6678328487205021,2.6027046340372024,15.576250018367114,-17.12720462367495,17.729894293935168
3.638,1,1,1,1,-0.3,2.5754257440075266e-33,0.49999999999999994,0.0,0.0,0.0,0.38887779251287125,-0.0,0.0,0.8438242533491065,0.0,0.0,0.3285,0.19164302,-0.012182209999999971,0.3285,-0.19164302,-0.012182209999999971,-0.3285,0.19164302,-0.012182209999999971,-0.3285,-0.19164302,-0.012182209999999971,0.0,0.0,0.0,0.0,0.0,0.0,0.0,0.0,0.0,0.0,0.0,0.0,-38.74901946966176,16.3691766758725,77.49803893932132,-38.74901946966128,16.369176677113277,77.49803893931961,-67.1643043990628,-19.616009768256234,134.3286087981235,-139.18544451599797,-19.61600976992538,278.37088903199077,0.2626999999999995,0.002,0.9304,0.0,0.0,0.0,0.0,-0.0,0.0,0.0,0.0,0.0,0.0,0.0,0.0,-3.143765976325092,-26.309222872953477,7.066692389062809,-36.01242776535602,-61.61507040895846,19.586903618417384,199.99999949436182,183.3715051638589,185.6140401060601,39.21763266964992,200.00000000091632,152.05485838094697,-99.99999996193887,99.99999996331374,-99.99999995490087,-100.00000000070303,-100.00000000001529,-99.99999999999999,19.64373405864808,19.643734042882897,24.55466757312888,139.90207554636746,139.90207663773364,174.87759579742692,352.3541070856609,-352.3541061222296,440.44263419231885,243.27160009736886,-243.27159986762285,304.0894989669872,-0.4515538866257779,-0.045251978952274445,0.5310549192087727,-1.7502389392525786,-0.16476308157117464,0.670938372668576,0.4586469839703759,0.059297321802034064,-0.10305040109981617,0.8803401888059684,4.54621089776427,-4.449316346156801,-0.8945885099281762,-0.1776752543029948,0.5292656461635773,-0.8945885099281762,-0.1776752543029948,0.5292656461635773,-0.8945885099281762,-0.1776752543029948,0.5292656461635773,-0.8945885099281762,-0.1776752543029948,0.5292656461635773,0.04995823478336181,0.2795366341708778,6.051298883188709,0.04995823478336181,0.2795366341708778,6.051298883188709,0.04995823478336181,0.2795366341708778,6.051298883188709,0.04995823478336181,0.2795366341708778,6.051298883188709,0.0,1002.9908748597824,0.0,0.0,-0.8945885099281762,-0.1776752543029948,0.5292656461635773,0.04995823478336181,0.2795366341708778,6.051298883188709,-0.4031465579632012,0.6130316100533211,-2.963661222744669,15.596933788226774,0.9298361421748682,21.830606151470953
3.658,1,1,1,1,-0.3,2.5754257440075266e-33,0.49999999999999994,0.0,0.0,0.0,0.4053032862404354,-0.0,0.0,0.8021205784832953,0.0,0.0,0.3285,0.19164302,-0.012182209999999971,0.3285,-0.19164302,-0.012182209999999971,-0.3285,0.19164302,-0.012182209999999971,-0.3285,-0.19164302,-0.012182209999999971,0.0,0.0,0.0,0.0,0.0,0.0,0.0,0.0,0.0,0.0,0.0,0.0,-38.74901946966274,15.08352059757182,77.49803893932106,-38.74901946966167,15.08352059899092,77.49803893931886,-79.0262646762117,-4.907352156128309,158.05252935241938,-192.09600634662323,-4.94513888756747,384.19201269323815,0.2626999999999995,0.002,0.9304,0.0,0.0,0.0,0.0,-0.0,0.0,0.0,0.0,0.0,0.0,0.0,0.0,-26.811182537719652,-17.079869875381238,0.07038848519798538,148.84070468737212,199.99999999783057,1.6278451200863044,199.99999976781476,-200.000000557323,319.9999997345209,-15.187630280123479,-181.0128750822761,1.2669048906948652,99.99999660643087,99.99999994082778,-99.99999999775797,-99.99999924199889,20.817974098767923,-99.99999999999986,8.847825129498776e-08,-2.440721643614392e-06,3.079783967746183e-06,-5.13385194494953e-08,6.694444631104302e-08,7.031485438346863e-08,564.5055369599783,-344.53326698512285,705.6319229377241,6.845167407863728e-07,-6.779935236619211e-07,8.531031166708961e-07,-0.4857720438522125,-0.053807653836122224,0.5393105193968479,-1.7309208596352104,-0.7193495566631761,0.17957372250242018,0.418625007990883,0.17371942516522543,-0.08724288959732396,-6.164904207232502,3.003648250243865,-4.691063245298839,-0.854386779858427,-0.23065357509599646,0.5879494905443533,-0.854386779858427,-0.23065357509599646,0.5879494905443533,-0.854386779858427,-0.23065357509599646,0.5879494905443533,-0.854386779858427,-0.23065357509599646,0.5879494905443533,1.6958990280427946,-0.8061060399253592,8.161666814906374,1.6958990280427946,-0.8061060399253592,8.161666814906374,1.6958990280427946,-0.8061060399253592,8.161666814906374,1.6958990280427946,-0.8061060399253592,8.161666814906374,0.0,1002.9908748597833,0.0,0.0,-0.854386779858427,-0.23065357509599646,0.5879494905443533,1.6958990280427946,-0.8061060399253592,8.161666814906374,0.39075353194195883,0.9317340612946614,-2.2963318634199217,7.758903451659187,8.555095008365901,21.45971559505213
3.678,1,1,1,1,-0.3,2.5754257440075266e-33,0.49999999999999994,0.0,0.0,0.0,0.4208448015425297,-0.0,0.0,0.7559502123153372,0.0,0.0,0.3285,0.19164302,-0.012182209999999971,0.3285,-0.19164302,-0.012182209999999971,-0.3285,0.19164302,-0.012182209999999971,-0.3285,-0.19164302,-0.012182209999999971,0.0,0.0,0.0,0.0,0.0,0.0,0.0,0.0,0.0,0.0,0.0,0.0,-38.40152296957814,11.826911694322309,77.72040281775884,-38.56509199363569,11.826911695410653,77.81178774216976,-152.47141755852493,-23.340382260411666,305.6079642941179,-275.94535838193724,-23.922672309036287,552.543985104124,0.2626999999999995,0.002,0.9304,0.0,0.0,0.0,0.0,-0.0,0.0,0.0,0.0,0.0,0.0,0.0,0.0,-88.28173571937998,199.9999996114982,-320.00000000873473,200.00000000618533,199.99999999978516,-132.705725378213,116.74635720842585,-199.99999850455913,319.9999999981966,56.21185071434494,74.9446383612298,17.962894756698738,100.0000001706105,-99.99999851729588,99.99999998251316,-99.99999999891035,100.00000000140051,99.99999999999825,-674.76069517927,-674.7606796932477,843.4508689768926,260.34126398838555,-260.3412638480555,325.4265798717364,506.1165001809869,-506.11649995633263,632.6456249243834,29.906069967277972,-29.90606881124027,37.38258772022012,-0.5219030542259087,-0.06417505912519149,0.5371810240799022,-1.5325710893348934,-0.467598272222364,-0.5605675182875662,0.2179152721816231,0.2617396481974845,-0.10109951664224615,-9.280453965855417,1.146568925059384,-5.112362332306507,-0.8149887614038438,-0.2915392881637975,0.6714279630937475,-0.8149887614038438,-0.2915392881637975,0.6714279630937475,-0.8149887614038438,-0.2915392881637975,0.6714279630937475,-0.8149887614038438,-0.2915392881637975,0.6714279630937475,11.152233681502723,-12.14888998868442,11.506626147975012,11.152233681502723,-12.14888998868442,11.506626147975012,11.152233681502723,-12.14888998868442,11.506626147975012,11.152233681502723,-12.14888998868442,11.506626147975012,0.0,1002.990874859782,0.0,0.0,-0.8149887614038438,-0.2915392881637975,0.6714279630937475,11.152233681502723,-12.14888998868442,11.506626147975012,0.1510031576152462,1.2380425518693259,-2.9024183352312445,27.539656342675514,9.866079395983174,-24.712753528560775
3.698,1,1,1,1,-0.3,2.5754257440075266e-33,0.49999999999999994,0.0,0.0,0.0,0.43541837897849683,-0.0,0.0,0.7058107831214901,0.0,0.0,0.3285,0.19164302,-0.012182209999999971,0.3285,-0.19164302,-0.012182209999999971,-0.3285,0.19164302,-0.012182209999999971,-0.3285,-0.19164302,-0.012182209999999971,0.0,0.0,0.0,0.0,0.0,0.0,0.0,0.0,0.0,0.0,0.0,0.0,-38.7490194696568,-17.261337049636786,77.49803893932348,-38.74901946965959,-17.261337048922556,77.49803893932408,-287.77031140183897,-41.868612467595504,575.5406228036819,-375.1577055589268,-43.72044014798644,750.3154111178496,0.2626999999999995,0.002,0.9304,0.0,0.0,0.0,0.0,-0.0,0.0,0.0,0.0,0.0,0.0,0.0,0.0,-31.728697884656412,-199.99999999994355,20.274520850269372,200.00000001659825,-29.72901603419841,55.414225449573266,25.898255098164263,-39.77368749597544,0.7990231106233174,12.644541837254355,-24.84750036787709,38.29071885776321,92.7997296259395,99.99999967423624,-99.99999999832366,99.99999999999764,-20.543909311660947,-99.99999970654271,42.93921461948402,-42.93921611180841,53.67401828635286,-798.805690815955,-798.8056914535546,998.5071143169175,-4.854029782563885e-07,-8.184287167978255e-07,6.067719056090937e-07,-240.5235750483683,-240.5235765414921,300.6544706762214,-0.5503475257770073,-0.06202728891719338,0.5423201447204226,-1.576784128689015,-0.08391686698695927,-0.054742717649874595,0.3418320495186894,0.3493637687450877,-0.10800431666784717,12.542913631735976,7.296272214307514,1.448113577011652,-0.7987717833037892,-0.35815444182298867,0.7629407422010006,-0.7987717833037892,-0.35815444182298867,0.7629407422010006,-0.7987717833037892,-0.35815444182298867,0.7629407422010006,-0.7987717833037892,-0.35815444182298867,0.7629407422010006,-13.720441440466722,3.4366961500680375,-2.850254561513675,-13.720441440466722,3.4366961500680375,-2.850254561513675,-13.720441440466722,3.4366961500680375,-2.850254561513675,-13.720441440466722,3.4366961500680375,-2.850254561513675,0.0,1002.9908748597834,0.0,0.0,-0.7987717833037892,-0.35815444182298867,0.7629407422010006,-13.720441440466722,3.4366961500680375,-2.850254561513675,-0.3655213341901753,1.295977340135547,2.838894642531229,-30.7812117471982,-15.624233998879856,20.646979350760603
3.718,1,1,1,1,-0.3,2.5754257440075266e-33,0.49999999999999994,0.0,0.0,0.0,0.4489506751775727,-0.0,0.0,0.6522602377570691,0.0,0.0,0.3285,0.19164302,-0.012182209999999971,0.3285,-0.19164302,-0.012182209999999971,-0.3285,0.19164302,-0.012182209999999971,-0.3285,-0.19164302,-0.012182209999999971,0.0,0.0,0.0,0.0,0.0,0.0,0.0,0.0,0.0,0.0,0.0,0.0,-38.70259059549305,14.319552150329061,77.5302312237242,-38.72525203424807,14.319552149966476,77.54262159247952,-536.9638889472175,-92.68470582866954,1074.018730109481,-823.8917816533186,-92.86248012547142,1647.874392099594,0.2626999999999995,0.002,0.9304,0.0,0.0,0.0,0.0,-0.0,0.0,0.0,0.0,0.0,0.0,0.0,0.0,-157.04097930978804,-199.99999999997834,-84.83777410579879,-56.361297232480844,-200.00000000000026,-0.8005552601088339,-199.99999999993574,98.31204983139223,109.21296701278017,63.280789013938104,-200.00000000016138,320.0000000000934,-100.00000000001722,99.99999937100131,99.99999970696683,-99.99999999999827,-100.0000000000018,-100.0,-216.61144239775027,216.6114423965764,270.76430299732124,2.0056473415408504e-07,-2.258644107300256e-07,6.987520864143448e-07,533.2259356768326,-533.2259357595664,666.5324196994592,-3275.5223307332326,-2755.367372028119,4094.4029143285966,-0.5831708010522498,-0.06720646021279188,0.5503288110782459,-1.7110741023362912,-0.7926203301560474,-0.002893912670814236,0.5791275165929758,0.45659934054682916,-0.09462996407382754,10.597002971716426,6.750454230591045,-1.5230177733424621,-0.7718591834487056,-0.409206862337513,0.847170727712131,-0.7718591834487056,-0.409206862337513,0.847170727712131,-0.7718591834487056,-0.409206862337513,0.847170727712131,-0.7718591834487056,-0.409206862337513,0.847170727712131,-2.204511715210237,0.9582310481343326,3.5096169581009073,-2.204511715210237,0.9582310481343326,3.5096169581009073,-2.204511715210237,0.9582310481343326,3.5096169581009073,-2.204511715210237,0.9582310481343326,3.5096169581009073,581.774657589554,1002.9908748597838,0.0,0.0,-0.7718591834487056,-0.409206862337513,0.847170727712131,-2.204511715210237,0.9582310481343326,3.5096169581009073,-0.8243514466964661,1.0655641855424047,2.8555692508808863,-16.296100335464054,-5.237511964278073,10.742955726834023
3.738,1,1,1,1,-0.3,2.5754257440075266e-33,0.49999999999999994,0.0,0.0,0.0,0.46138016921046937,-0.0,0.0,0.5959168416566208,0.0,0.0,0.3285,0.19164302,-0.012182209999999971,0.3285,-0.19164302,-0.012182209999999971,-0.3285,0.19164302,-0.012182209999999971,-0.3285,-0.19164302,-0.012182209999999971,0.0,0.0,0.0,0.0,0.0,0.0,0.0,0.0,0.0,0.0,0.0,0.0,-38.749019469660844,12.884233087390575,77.49803893932153,-38.74901946966115,12.884233087255947,77.49803893932048,-38.74901946966076,-38.74901946966172,77.49803893932112,-44.50309661773414,-44.50309661773432,89.00619323546698,0.2626999999999995,0.002,0.9304,0.0,0.0,0.0,0.0,-0.0,0.0,0.0,0.0,0.0,0.0,0.0,0.0,93.16522688480954,-200.00000051078126,-25.430196872083968,33.96602912824183,-58.55444530279319,44.26402229692104,38.42845415844456,-28.390432708859887,0.5401558700393906,23.726159359674256,111.4346590314822,158.31352004188332,-74.91391964844816,-99.99999971856943,100.00000000008255,99.9999992506483,-99.99999995568515,99.99999978212304,-363.3907444255654,-363.39074313928586,454.2384291314501,-296.97079475778867,-296.97079564705246,371.2134949800159,4.0740744111644744e-12,-1.6967508287279998e-08,-3.61843888185831e-12,-812.7640050454529,-812.7640044336807,1015.9550055421071,-0.6195864696747196,-0.07573258916577946,0.5575288680331854,-1.679769397769252,-0.8787878406393748,-0.05161401469597357,0.8402953901454442,0.5765399423238766,-0.0482199021441066,10.701567538746364,7.253332835780591,-2.1302494142881505,-0.7019912934195663,-0.46120073044989335,0.9401092095474181,-0.7019912934195663,-0.46120073044989335,0.9401092095474181,-0.7019912934195663,-0.46120073044989335,0.9401092095474181,-0.7019912934195663,-0.46120073044989335,0.9401092095474181,0.0526883962050686,-17.1917495421111,-9.444562864849363,0.0526883962050686,-17.1917495421111,-9.444562864849363,0.0526883962050686,-17.1917495421111,-9.444562864849363,0.0526883962050686,-17.1917495421111,-9.444562864849363,389.51458943872854,1002.9908748597835,0.0,0.0,-0.7019912934195663,-0.46120073044989335,0.9401092095474181,0.0526883962050686,-17.1917495421111,-9.444562864849363,-0.2467806377818591,0.9351876370277723,-2.8966842910207875,27.279744761318177,-31.317613258695072,3.6438106705243154
3.758,1,1,1,1,-0.3,2.5754257440075266e-33,0.49999999999999994,0.0,0.0,0.0,0.4726583689609491,-0.0,0.0,0.5374591788324965,0.0,0.0,0.3285,0.19164302,-0.012182209999999971,0.3285,-0.19164302,-0.012182209999999971,-0.3285,0.19164302,-0.012182209999999971,-0.3285,-0.19164302,-0.012182209999999971,0.0,0.0,0.0,0.0,0.0,0.0,0.0,0.0,0.0,0.0,0.0,0.0,-38.74901946966083,11.120899276713873,77.49803893932153,-38.74901946966109,11.120899276113551,77.49803893932047,-38.74901946966074,-38.74901946966172,77.49803893932113,-38.749019469661064,-38.74901946966128,77.49803893932105,0.2626999999999995,0.002,0.9304,0.0,0.0,0.0,0.0,-0.0,0.0,0.0,0.0,0.0,0.0,0.0,0.0,1.69637207862314,-4.660204744441247,-0.26108832500728973,31.535299387657176,150.96427163390342,0.4964366297338373,61.16165565371487,-199.99999959172175,-61.26126439634331,21.971313118856518,5.889820444541442,0.3721653652348916,-100.00000000002987,100.00000000872836,43.48145975624456,100.0000000009577,76.65495016958023,99.99999999999993,-2.2247093056648737e-10,3.2237323921435745e-10,2.319211489520967e-11,-1.1811491162916354e-07,6.235232774542965e-07,1.332116127628069e-06,-141.2229234460762,141.2229234528652,176.52865420409927,1.460678760167866e-07,1.3480841687396605e-07,1.8253981437510447e-07,-0.6552418131898852,-0.08589516388991279,0.562421335443826,-1.4782866371746202,-1.1494684175611791,-0.04272877410471576,1.0709186824671986,0.6885840895263771,0.009525984726489245,9.048587379078704,4.4040879081900375,-2.4421797335566273,-0.648480904736809,-0.5213953243007422,1.0617767197464376,-0.648480904736809,-0.5213953243007422,1.0617767197464376,-0.648480904736809,-0.5213953243007422,1.0617767197464376,-0.648480904736809,-0.5213953243007422,1.0617767197464376,-20.128749635303485,3.132290085307732,9.407109052375677,-20.128749635303485,3.132290085307732,9.407109052375677,-20.128749635303485,3.132290085307732,9.407109052375677,-20.128749635303485,3.132290085307732,9.407109052375677,0.0,1002.9908748597848,0.0,0.0,-0.648480904736809,-0.5213953243007422,1.0617767197464376,-20.128749635303485,3.132290085307732,9.407109052375677,-0.4809520529508462,0.10468947183335597,-3.0500635188811405,-17.751430169652256,-46.01136006503789,-46.536509636361004
3.778,1,1,1,1,-0.3,2.5754257440075266e-33,0.49999999999999994,0.0,0.0,0.0,0.48275101749740806,-0.0,0.0,0.4776261518777944,0.0,0.0,0.3285,0.19164302,-0.012182209999999971,0.3285,-0.19164302,-0.012182209999999971,-0.3285,0.19164302,-0.012182209999999971,-0.3285,-0.19164302,-0.012182209999999971,0.0,0.0,0.0,0.0,0.0,0.0,0.0,0.0,0.0,0.0,0.0,0.0,-38.74901946966084,12.861124919172024,77.49803893932157,-38.749019469661135,12.861124919258792,77.49803893932051,-38.74901946966077,-38.74901946966181,77.49803893932125,-38.74901946966109,-38.749019469661306,77.49803893932106,0.2626999999999995,0.002,0.9304,0.0,0.0,0.0,0.0,-0.0,0.0,0.0,0.0,0.0,0.0,0.0,0.0,16.94242359447739,-7.670876179425131,-0.23919210618395967,-14.655934498104099,-127.72772822993547,-1.5074858920714416,192.29521149961434,-199.99999976735575,-7.56685646102566,17.006855128289594,-7.919672575554414,0.6630437166199096,-99.99999999987963,100.00000000001558,99.99999998280639,100.00000000000622,61.07094933010453,100.00000000000004,-1.596482448462666e-06,-1.5756567108837771e-06,2.452853152590251e-06,-2.176766429329291e-07,-1.0970779840135947e-11,-9.947598300641403e-13,-74.87293870148265,74.87293913721291,93.59117468640119,-2.28148095970937e-07,-2.289037865921273e-07,2.8584810252141324e-07,-0.6920225271159255,-0.09666252860977975,0.5635466593035838,-1.3301095936035026,-1.4220381217429126,-0.02792168410349271,1.2494055972884808,0.7888217756359386,0.05753615798435585,7.46773728341538,2.6992401459806508,-2.0844860787878576,-0.5198116038977749,-0.5802668476383503,1.1140531302573575,-0.5198116038977749,-0.5802668476383503,1.1140531302573575,-0.5198116038977749,-0.5802668476383503,1.1140531302573575,-0.5198116038977749,-0.5802668476383503,1.1140531302573575,-33.640097578551526,-3.3782516717007427,8.31313998658975,-33.640097578551526,-3.3782516717007427,8.31313998658975,-33.640097578551526,-3.3782516717007427,8.31313998658975,-33.640097578551526,-3.3782516717007427,8.31313998658975,0.0,1002.9908748597843,0.0,0.0,-0.5198116038977749,-0.5802668476383503,1.1140531302573575,-33.640097578551526,-3.3782516717007427,8.31313998658975,-0.7115797266929813,-1.1323695707374186,-2.8605730004357235,12.423022210934782,-56.33418535553426,-12.631850540652447
3.798,1,1,1,1,-0.3,2.5754257440075266e-33,0.49999999999999994,0.0,0.0,0.0,0.49163929944445317,-0.0,0.0,0.41721698196332685,0.0,0.0,0.3285,0.19164302,-0.012182209999999971,0.3285,-0.19164302,-0.012182209999999971,-0.3285,0.19164302,-0.012182209999999971,-0.3285,-0.19164302,-0.012182209999999971,0.0,0.0,0.0,0.0,0.0,0.0,0.0,0.0,0.0,0.0,0.0,0.0,-38.74901946966085,16.07835528467614,77.49803893932162,-38.749019469661214,16.078355285479315,77.49803893932058,-38.749019469660766,-38.74901946966179,77.4980389393212,-38.74901946966113,-38.749019469661306,77.4980389393211,0.2626999999999995,0.002,0.9304,0.0,0.0,0.0,0.0,-0.0,0.0,0.0,0.0,0.0,0.0,0.0,0.0,40.31345833201043,-6.244007544208227,-0.1696438220719414,-8.1721465616723,143.5721598753121,320.000000005865,25.194333467165666,-199.99999999999488,-7.7014504579631655,56.367592825309515,-199.99999995113905,-38.84429740711495,-99.99999996073626,100.00000000000858,-75.50878396405082,100.00000000000061,-100.00000000000027,5.491769073850585,-5.8016862425347426e-08,5.805171099382278e-08,7.257268919147464e-08,-533.6840551312982,533.6840551782941,667.1050690228744,-296.8473779373303,296.84737793728584,371.05922242158636,-217.68949751706984,217.6894975170526,272.1118718963303,-0.7300074080614094,-0.10631353389126945,0.5629933243927359,-1.1895192949097584,-1.4987237888855758,-0.0069423039814828225,1.4147903543091969,0.8806040500166299,0.11035350954539358,7.438872966141183,2.5791733963554004,-1.1340680922302178,-0.37672027428565186,-0.6325168810062752,1.044637017041881,-0.37672027428565186,-0.6325168810062752,1.044637017041881,-0.37672027428565186,-0.6325168810062752,1.044637017041881,-0.37672027428565186,-0.6325168810062752,1.044637017041881,-25.013298313420353,-8.30706982416787,7.598348662586412,-25.013298313420353,-8.30706982416787,7.598348662586412,-25.013298313420353,-8.30706982416787,7.598348662586412,-25.013298313420353,-8.30706982416787,7.598348662586412,0.0,1002.9908748597836,0.0,0.0,-0.37672027428565186,-0.6325168810062752,1.044637017041881,-25.013298313420353,-8.30706982416787,7.598348662586412,-2.1742959188603592,-1.1430050948899848,-1.2436238836405358,16.250398484122588,-41.44799926100712,-8.732529410332587
3.818,1,1,1,1,-0.3,2.5754257440075266e-33,0.49999999999999994,0.0,0.0,0.0,0.49932104735448085,-0.0,0.0,0.35709120883878986,0.0,0.0,0.3285,0.19164302,-0.012182209999999971,0.3285,-0.19164302,-0.012182209999999971,-0.3285,0.19164302,-0.012182209999999971,-0.3285,-0.19164302,-0.012182209999999971,0.0,0.0,0.0,0.0,0.0,0.0,0.0,0.0,0.0,0.0,0.0,0.0,-38.74901946966084,11.68656779053539,77.49803893932166,-38.749019469661235,11.686567790454303,77.49803893932058,-38.749019469660745,-31.20796508508892,77.49803893932116,-38.74901946966115,-31.207965085042655,77.49803893932113,0.2626999999999995,0.002,0.9304,0.0,0.0,0.0,0.0,-0.0,0.0,0.0,0.0,0.0,0.0,0.0,0.0,67.95812164263546,-4.792648407788602,0.012817909604195156,6.03891268570044,-36.762437989557014,-0.8369433633726043,47.17139370847882,-199.9999817352762,-26.115843616799662,50.42469482215314,-199.99999999999937,27.843433385452556,-99.99999946992693,55.57009668562689,99.99999999999986,100.00000000000043,-99.99999376201319,99.99999993995135,4.263256414560601e-14,-1.262906138776998e-06,6.821210263296962e-13,-6.688921828867933e-06,4.6664099500048906e-06,5.833011982758762e-06,-337.4192806944323,247.11664233612154,421.7741012868762,-460.9071697009073,460.9071668911302,576.1339608559132,-0.7667086817506613,-0.11508866091637072,0.5604360235352822,-0.8604147654010028,-1.6436700150230295,0.12174864647976084,1.540729866040142,0.975013796275495,0.15020747090576492,5.979691489295365,0.5841199896538742,-0.5857992032415512,-0.2561335505636668,-0.6601186673927674,0.9063755479250026,-0.2561335505636668,-0.6601186673927674,0.9063755479250026,-0.2561335505636668,-0.6601186673927674,0.9063755479250026,-0.2561335505636668,-0.6601186673927674,0.9063755479250026,-13.851363615755686,-4.934365906149173,11.006953615949131,-13.851363615755686,-4.934365906149173,11.006953615949131,-13.851363615755686,-4.934365906149173,11.006953615949131,-13.851363615755686,-4.934365906149173,11.006953615949131,0.0,1002.9908748597833,701.5068356534122,421.27112511039206,-0.2561335505636668,-0.6601186673927674,0.9063755479250026,-13.851363615755686,-4.934365906149173,11.006953615949131,-2.166928617465685,-0.9594990931521781,-0.9243731856437192,15.68565172184918,-29.52377669380613,13.275089730619566
3.838,1,1,1,1,-0.3,2.5754257440075266e-33,0.49999999999999994,0.0,0.0,0.0,0.5058119480792556,-0.0,0.0,0.2981686908331885,0.0,0.0,0.3285,0.19164302,-0.012182209999999971,0.3285,-0.19164302,-0.012182209999999971,-0.3285,0.19164302,-0.012182209999999971,-0.3285,-0.19164302,-0.012182209999999971,0.0,0.0,0.0,0.0,0.0,0.0,0.0,0.0,0.0,0.0,0.0,0.0,-38.749019469660794,5.282453674897533,77.49803893932163,-38.74901946966125,5.282453674500932,77.49803893932061,-38.7490194696607,-22.04082384500684,77.49803893932113,-38.74901946966114,-22.040823845067774,77.49803893932112,0.2626999999999995,0.002,0.9304,0.0,0.0,0.0,0.0,-0.0,0.0,0.0,0.0,0.0,0.0,0.0,0.0,-53.1652292633502,-28.965511437087613,0.5228593799784189,64.23272146207847,-109.69589247013056,168.26317771104183,20.864622492964834,-97.63690188631361,1.6689234695618496,199.9999999896007,-121.83962574952399,54.74877406475992,-99.99999998941225,-100.00000000000067,72.2887315030732,99.99999999999977,-99.99999998108018,99.9999999286337,-5.329070518200751e-13,-2.138739745305429e-07,4.547473508864641e-13,-394.8244627341778,-394.82446311882114,493.5305784368961,-8.226690351165189e-08,-5.150269188902712e-08,6.437582378282514e-08,-443.887869500903,443.8878693921108,554.8598368761293,-0.8019412753903209,-0.12436167143072369,0.5550047225692213,-0.5966121988049929,-1.7204882548035432,0.2505181609702207,1.6250368298167706,1.0628622616324597,0.1843596683739196,4.7314055070315,0.07194752666737525,-0.4750739955730814,-0.16428806954857975,-0.6806938389274698,0.7054743761378474,-0.16428806954857975,-0.6806938389274698,0.7054743761378474,-0.16428806954857975,-0.6806938389274698,0.7054743761378474,-0.16428806954857975,-0.6806938389274698,0.7054743761378474,-9.783649594180064,-4.7569930911261515,18.674963869602443,-9.783649594180064,-4.7569930911261515,18.674963869602443,-9.783649594180064,-4.7569930911261515,18.674963869602443,-9.783649594180064,-4.7569930911261515,18.674963869602443,553.8609578188252,1002.9908748597845,0.0,467.1684340641701,-0.16428806954857975,-0.6806938389274698,0.7054743761378474,-9.783649594180064,-4.7569930911261515,18.674963869602443,-2.023505395144408,-0.5396035865899946,-0.6589965013236108,16.87421395306211,-24.37142653778396,29.32330197209256
3.858,1,1,1,1,-0.3,2.5754257440075266e-33,0.49999999999999994,0.0,0.0,0.0,0.5111467491414903,-0.0,0.0,0.24142960485450166,0.0,0.0,0.3285,0.19164302,-0.012182209999999971,0.3285,-0.19164302,-0.012182209999999971,-0.3285,0.19164302,-0.012182209999999971,-0.3285,-0.19164302,-0.012182209999999971,0.0,0.0,0.0,0.0,0.0,0.0,0.0,0.0,0.0,0.0,0.0,0.0,-38.74901946966077,3.819403991671616,77.4980389393217,-38.749019469661235,3.8194039922599745,77.49803893932061,-38.74901946966075,-13.724945266333547,77.49803893932115,-38.7490194696612,-13.724945266504141,77.49803893932118,0.2626999999999995,0.002,0.9304,0.0,0.0,0.0,0.0,-0.0,0.0,0.0,0.0,0.0,0.0,0.0,0.0,-60.65322791477648,15.403597252815908,22.432731310577125,41.94582673015408,-95.19440475197906,-1.5013948432420428,23.231733586596476,-58.57192101007133,1.1036178568158732,148.89707376730215,-187.4350870127755,103.81656508417827,-99.99999996531125,-99.99999908196737,-99.9999999999385,-99.999999999979,-99.99999930100473,99.99999999999996,64.00019449823897,-64.00019391487413,80.00024163172213,-1.6117774208623814e-06,1.4909730445822333e-06,1.8637220335904203e-06,-6.364897719990381e-07,-1.2046085595684985e-06,1.5050755175494146e-06,-735.3493853368697,735.3493819930428,919.1867316127488,-0.8363936146862334,-0.1349504287483435,0.5479742964577408,-0.4240110339390679,-1.7188294647067237,0.40374141916635387,1.7239952117948787,1.1304939826513225,0.24755189998892035,3.739670729265118,1.1193681792247525,-0.6090247812645004,-0.12913578102966816,-0.6650652814879413,0.4621689593194824,-0.12913578102966816,-0.6650652814879413,0.4621689593194824,-0.12913578102966816,-0.6650652814879413,0.4621689593194824,-0.12913578102966816,-0.6650652814879413,0.4621689593194824,-4.868595520722515,-6.965625198279875,14.526221483272549,-4.868595520722515,-6.965625198279875,14.526221483272549,-4.868595520722515,-6.965625198279875,14.526221483272549,-4.868595520722515,-6.965625198279875,14.526221483272549,152.552836525151,1002.9908748597835,0.0,700.4914625929935,-0.12913578102966816,-0.6650652814879413,0.4621689593194824,-4.868595520722515,-6.965625198279875,14.526221483272549,-1.695482376156304,-0.07971579940550244,-0.6237156394882654,17.38757302011106,-14.550315870785202,30.400546188547846
3.878,1,1,1,1,-0.3,2.5754257440075266e-33,0.49999999999999994,0.0,0.0,0.0,0.5153804651064267,-0.0,0.0,0.1879144463895723,0.0,0.0,0.3285,0.19164302,-0.012182209999999971,0.3285,-0.19164302,-0.012182209999999971,-0.3285,0.19164302,-0.012182209999999971,-0.3285,-0.19164302,-0.012182209999999971,0.0,0.0,0.0,0.0,0.0,0.0,0.0,0.0,0.0,0.0,0.0,0.0,-38.74901946966079,-6.348919491170023,77.49803893932169,-38.74901946966122,-6.348919491049149,77.49803893932065,-38.74901946966077,5.849661898529518,77.49803893932119,-38.74901946966123,5.849661898455023,77.49803893932119,0.2626999999999995,0.002,0.9304,0.0,0.0,0.0,0.0,-0.0,0.0,0.0,0.0,0.0,0.0,0.0,0.0,-16.765608033650203,-1.9888704453794845,0.4798583047479627,111.23762473900017,-199.99999996261292,-2.2193250070949277,27.72193744822422,-197.1166133954031,49.707659740917364,-62.69098300589611,-195.0369326707685,97.4699112258635,-100.00000015379794,-99.9999999999997,99.99999999999984,-100.0,-100.00000000253358,99.99999905264383,1.1485352415796513e-06,-1.6214018976334899e-06,1.407304344169802e-07,-5.885068077304823e-07,-5.885073974809529e-07,7.356341882314155e-07,-804.0668786063791,-372.1921954311559,1005.0836000578611,-706.8840343756563,706.8840310797638,883.6050400564317,-0.8683040717266419,-0.14663049254948962,0.5393039189183398,-0.1913471948854163,-1.6208650198696406,0.5745584246280298,1.8403830013828986,1.1746698872660906,0.319498258119723,3.1724668349931138,1.7354168808550754,-0.5861679741613268,-0.1474394676055371,-0.5790571021807318,0.20696850526635185,-0.1474394676055371,-0.5790571021807318,0.20696850526635185,-0.1474394676055371,-0.5790571021807318,0.20696850526635185,-0.1474394676055371,-0.5790571021807318,0.20696850526635185,-4.316579851947875,-12.973482299678333,12.080764022052698,-4.316579851947875,-12.973482299678333,12.080764022052698,-4.316579851947875,-12.973482299678333,12.080764022052698,-4.316579851947875,-12.973482299678333,12.080764022052698,19.033726980948785,893.178278382228,0.0,1128.6138154841901,-0.1474394676055371,-0.5790571021807318,0.20696850526635185,-4.316579851947875,-12.973482299678333,12.080764022052698,-1.2726389476497901,0.24182302967546,-0.3364792036530142,23.424225851314542,-10.967108944738186,30.6230939442823
3.898,1,1,1,1,-0.3,2.5754257440075266e-33,0.49999999999999994,0.0,0.0,0.0,0.5185895839534097,-0.0,0.0,0.1387240295044379,0.0,0.0,0.3285,0.19164302,-0.012182209999999971,0.3285,-0.19164302,-0.012182209999999971,-0.3285,0.19164302,-0.012182209999999971,-0.3285,-0.19164302,-0.012182209999999971,0.0,0.0,0.0,0.0,0.0,0.0,0.0,0.0,0.0,0.0,0.0,0.0,-38.74901946966084,-15.382216003368832,77.4980389393217,-38.74901946966119,-15.382216003395756,77.49803893932062,-38.74901946966077,28.734193402835647,77.49803893932123,-38.74901946966124,28.734193402892064,77.4980389393212,0.2626999999999995,0.002,0.9304,0.0,0.0,0.0,0.0,-0.0,0.0,0.0,0.0,0.0,0.0,0.0,0.0,-165.89468225848393,-56.96713784607603,12.688474423922878,199.99999984369424,-200.00000000000267,268.678989565448,-28.58615048417939,-67.41049668459668,76.23712263042022,-50.17359219779936,-15.194005294694067,0.18230305419281712,-100.0000000000178,-100.00000012055487,-99.99999743187368,-99.99999999999989,-13.391360565454171,100.00000000000006,231.0969725059241,-231.09697208316769,288.8712156323276,-651.1840808285743,-651.1840772935332,813.9801010357736,-571.1223915258986,-445.4703642384064,713.902989667911,-2.0047696835945317e-10,3.03413326463442e-07,2.90887314235988e-11,-0.8971582675930797,-0.16122772000850813,0.5271292269219463,0.10402990841803472,-1.3888305822386064,0.9366974419953744,2.0087426725989177,1.2027116596885228,0.41059028967121525,3.8054973511656236,7.225736116060969,-1.0511755695059568,-0.25656123564383015,-0.4555682363445766,-0.035634289494567664,-0.25656123564383015,-0.4555682363445766,-0.035634289494567664,-0.25656123564383015,-0.4555682363445766,-0.035634289494567664,-0.25656123564383015,-0.4555682363445766,-0.035634289494567664,-4.13918554850268,-1.1296058959607627,-1.9129686687189356,-4.13918554850268,-1.1296058959607627,-1.9129686687189356,-4.13918554850268,-1.1296058959607627,-1.9129686687189356,-4.13918554850268,-1.1296058959607627,-1.9129686687189356,250.1651041139233,727.4466199448015,0.0,168.89521972783461,-0.25656123564383015,-0.4555682363445766,-0.035634289494567664,-4.13918554850268,-1.1296058959607627,-1.9129686687189356,-0.6625554609017403,0.5573160062704945,-0.14400290457838172,31.95865262663807,-0.09877939452423767,6.7712918922003595
3.918,1,1,1,1,-0.3,2.5754257440075266e-33,0.49999999999999994,0.0,0.0,0.0,0.5208732734474698,-0.0,0.0,0.09501948684457516,0.0,0.0,0.3285,0.19164302,-0.012182209999999971,0.3285,-0.19164302,-0.012182209999999971,-0.3285,0.19164302,-0.012182209999999971,-0.3285,-0.19164302,-0.012182209999999971,0.0,0.0,0.0,0.0,0.0,0.0,0.0,0.0,0.0,0.0,0.0,0.0,-38.7490194696609,-16.473792872799528,77.49803893932177,-38.74901946966119,-16.473792872860336,77.49803893932064,-38.749019469660766,38.749019469661846,77.49803893932122,-38.749019469661235,38.7490194696615,77.49803893932119,0.2626999999999995,0.002,0.9304,0.0,0.0,0.0,0.0,-0.0,0.0,0.0,0.0,0.0,0.0,0.0,0.0,-200.00000000000273,-199.99999998021275,1.2564077560762463,122.18634753652529,-142.40798752398626,319.9999995670041,53.024984196579084,-196.15279830085132,2.4460584198666355,-84.51944406413185,-57.854215637805005,1.4472045446029647,-100.00000000291368,-100.00000000418402,100.000000000005,100.00000000000016,-86.10853955547942,99.99999999999999,224.73686627524876,-352.76572047442494,440.9571505971051,291.50716053302926,-756.880902061088,946.101127010585,2.69591163779042e-07,2.6958136283073384e-07,3.3698603426310793e-07,6.37728916785818e-07,-8.316622199799895e-07,7.971685818120022e-07,-0.9210181758469731,-0.1797256064010707,0.5127466297395689,0.14644352655500248,-0.9271807407555627,1.3844152473904698,2.3303636074784038,1.1899894929013004,0.46344309407291306,5.216705496146958,15.230128262383682,-5.570717783352559,-0.3569444168859711,-0.3702964843593981,-0.1020769405452704,-0.3569444168859711,-0.3702964843593981,-0.1020769405452704,-0.3569444168859711,-0.3702964843593981,-0.1020769405452704,-0.3569444168859711,-0.3702964843593981,-0.1020769405452704,-17.49648696895738,-8.393511247079358,-8.792186298456972,-17.49648696895738,-8.393511247079358,-8.792186298456972,-17.49648696895738,-8.393511247079358,-8.792186298456972,-17.49648696895738,-8.393511247079358,-8.792186298456972,708.0042030318696,522.8773262776424,0.0,171.7190582150242,-0.3569444168859711,-0.3702964843593981,-0.1020769405452704,-17.49648696895738,-8.393511247079358,-8.792186298456972,0.04086425373030032,0.0721687778650364,-0.1953484888540042,39.75277963465269,-26.795609594191827,-13.583156361575165
3.938,1,1,1,1,-0.3,2.5754257440075266e-33,0.49999999999999994,0.0,0.0,0.0,0.5223545875109006,-0.0,0.0,0.05802226963175184,0.0,0.0,0.3285,0.19164302,-0.012182209999999971,0.3285,-0.19164302,-0.012182209999999971,-0.3285,0.19164302,-0.012182209999999971,-0.3285,-0.19164302,-0.012182209999999971,0.0,0.0,0.0,0.0,0.0,0.0,0.0,0.0,0.0,0.0,0.0,0.0,-38.74901946966089,-16.285364195678646,77.49803893932182,-38.749019469661164,-16.2853641956163,77.49803893932058,-38.74901946966081,38.74901946966184,77.49803893932122,-38.749019469661285,38.74901946966151,77.49803893932122,0.2626999999999995,0.002,0.9304,0.0,0.0,0.0,0.0,-0.0,0.0,0.0,0.0,0.0,0.0,0.0,0.0,21.651203886019374,-199.99999999717696,3.0427689270707043,-76.12849616678123,3.724089395247276,319.99999999935994,-33.22154653097232,-199.9999979350634,19.06180558746858,-54.64546327625017,-83.8874893203734,2.076783118131999,-100.00000000153943,-99.99999998218925,-36.06139516101238,99.99999998737174,-100.00000000551051,99.99999999999453,4.100472450474513e-08,5.1023123504023715e-08,5.81748116346148e-08,553.665699135163,-553.6656956104255,692.0821239221566,-83.76180385318142,-296.32168414662357,370.4021051741982,-8.765906045482552e-07,1.1362126883796009e-07,1.4901161193847656e-07,-0.9436407512578843,-0.19991888070291583,0.4974228364952304,0.07588681455168433,-0.3357884591748165,1.7065199563564486,2.6879802597291897,1.1563814974323483,0.4708944378029212,6.113369519247822,12.898994105408864,-11.347431374208572,-0.40828280414071333,-0.3805296708558641,-0.030602315448194074,-0.40828280414071333,-0.3805296708558641,-0.030602315448194074,-0.40828280414071333,-0.3805296708558641,-0.030602315448194074,-0.40828280414071333,-0.3805296708558641,-0.030602315448194074,-22.886812788468546,-9.63486138615849,-12.476738158495714,-22.886812788468546,-9.63486138615849,-12.476738158495714,-22.886812788468546,-9.63486138615849,-12.476738158495714,-22.886812788468546,-9.63486138615849,-12.476738158495714,274.57962704136,0.0,0.0,0.0,-0.40828280414071333,-0.3805296708558641,-0.030602315448194074,-22.886812788468546,-9.63486138615849,-12.476738158495714,0.9536972589190276,-0.4128216586273059,-0.5822988940698863,38.47918793698592,-34.45807227902454,2.8007709445509112
3.958,1,1,1,1,-0.3,2.5754257440075266e-33,0.49999999999999994,0.0,0.0,0.0,0.5231816725948414,-0.0,0.0,0.02901414767033657,0.0,0.0,0.3285,0.19164302,-0.012182209999999971,0.3285,-0.19164302,-0.012182209999999971,-0.3285,0.19164302,-0.012182209999999971,-0.3285,-0.19164302,-0.012182209999999971,0.0,0.0,0.0,0.0,0.0,0.0,0.0,0.0,0.0,0.0,0.0,0.0,-38.74901946966087,-18.67571117163596,77.4980389393218,-38.74901946966115,-18.675711171506666,77.4980389393206,-38.74901946966079,38.74901946966188,77.49803893932122,-38.7490194696613,38.74901946966155,77.49803893932125,0.2626999999999995,0.002,0.9304,0.0,0.0,0.0,0.0,-0.0,0.0,0.0,0.0,0.0,0.0,0.0,0.0,-11.043914524733228,-199.9999999990021,3.889854322429607,-199.99999999978021,-199.9999999961259,64.87527255366831,31.98148210784328,-199.99999928665747,-31.187569955616127,199.99999999956358,73.81161874737177,-319.99999999992554,99.99999980186058,100.00000036444519,-99.99999983930645,100.00000000005451,-99.99999993144911,99.99999999999973,9.313157953161344e-10,-3.691566202029817e-10,7.002725933846765e-10,341.25099567896524,-82.51981420532235,426.56374460033635,-96.61096511579517,96.61096511304699,120.76370639195247,-365.7085337613356,551.0455728279729,688.8069660349412,-0.9671351034480717,-0.22257074131359975,0.4841561461157604,-0.058053150720591806,0.4332110512678363,1.7905454191760835,3.0706371241199664,1.0951652044541822,0.4732419000028354,9.580502340126289,6.526530990986652,-17.622513859252937,-0.49012536285159514,-0.41042429242136214,0.04484380419649345,-0.49012536285159514,-0.41042429242136214,0.04484380419649345,-0.49012536285159514,-0.41042429242136214,0.04484380419649345,-0.49012536285159514,-0.41042429242136214,0.04484380419649345,-12.889777712356548,-27.50909982426876,7.3011268838544225,-12.889777712356548,-27.50909982426876,7.3011268838544225,-12.889777712356548,-27.50909982426876,7.3011268838544225,-12.889777712356548,-27.50909982426876,7.3011268838544225,190.38822034281546,638.9631274508833,0.0,0.0,-0.49012536285159514,-0.41042429242136214,0.04484380419649345,-12.889777712356548,-27.50909982426876,7.3011268838544225,1.450307440249445,-0.41361715407140953,-0.6540834359306253,39.476603126806765,15.575200773319624,-14.184561456183438
3.978,1,1,1,1,-0.3,2.5754257440075266e-33,0.49999999999999994,0.0,0.0,0.0,0.5235289740508486,-0.0,0.0,0.009337209340836889,0.0,0.0,0.3285,0.19164302,-0.012182209999999971,0.3285,-0.19164302,-0.012182209999999971,-0.3285,0.19164302,-0.012182209999999971,-0.3285,-0.19164302,-0.012182209999999971,0.0,0.0,0.0,0.0,0.0,0.0,0.0,0.0,0.0,0.0,0.0,0.0,-38.74901946966086,2.6395444320438632,77.4980389393218,-38.749019469661114,2.6395444316159877,77.49803893932055,-38.749019469660816,38.749019469661896,77.49803893932128,-38.74901946966132,38.74901946966157,77.4980389393212,0.2626999999999995,0.002,0.9304,0.0,0.0,0.0,0.0,-0.0,0.0,0.0,0.0,0.0,0.0,0.0,0.0,-6.9207231512871275,-11.580976711613552,0.8862372689396893,200.00000000000037,-199.99999999994296,296.0673080024371,-143.82462567510697,90.14277126780148,187.92738563841783,-64.26686667776663,-131.0048142829302,1.9382061165527387,-100.00000012936567,99.9999995195212,-99.9999998643803,100.00000000003374,-99.99999999999307,99.9999999999999,5.658368049665796e-07,-5.658650883422212e-07,7.073105088295506e-07,802.4711367865586,-1139.620291162289,1424.5253639536177,-557.6361357758586,-557.6361321886512,697.0451697204676,1.034307890890318e-06,-1.5587719093268504e-06,1.2920647254333062e-06,-0.9924123531751858,-0.24761304782075447,0.46659042428336633,-0.23005845252622725,0.983416032061016,1.8012771311566877,-2.8062824684846763,0.9848637437275363,0.526540336121214,9.878945082988647,-1.065677298502874,-9.728228530558775,-0.6275713721529832,-0.4645974529773507,0.10185923275509567,-0.6275713721529832,-0.4645974529773507,0.10185923275509567,-0.6275713721529832,-0.4645974529773507,0.10185923275509567,-0.6275713721529832,-0.4645974529773507,0.10185923275509567,-12.330055066311326,0.1602177433074079,-4.125292089459034,-12.330055066311326,0.1602177433074079,-4.125292089459034,-12.330055066311326,0.1602177433074079,-4.125292089459034,-12.330055066311326,0.1602177433074079,-4.125292089459034,0.0,490.9321150623821,0.0,0.0,-0.6275713721529832,-0.4645974529773507,0.10185923275509567,-12.330055066311326,0.1602177433074079,-4.125292089459034,2.127158111441234,-0.31559445708708656,-0.9516694215236141,25.021208086170123,-24.009699567976348,20.777356376727695
3.998,1,1,1,1,-0.3,2.5754257440075266e-33,0.49999999999999994,0.0,0.0,0.0,0.5235984425024843,-0.0,0.0,0.00039386160472225823,0.0,0.0,0.3285,0.19164302,-0.012182209999999971,0.3285,-0.19164302,-0.012182209999999971,-0.3285,0.19164302,-0.012182209999999971,-0.3285,-0.19164302,-0.012182209999999971,0.0,0.0,0.0,0.0,0.0,0.0,0.0,0.0,0.0,0.0,0.0,0.0,-38.749019469660844,8.974138780991677,77.49803893932182,-38.74901946966115,8.974138780842145,77.49803893932061,-38.74901946966077,38.749019469661874,77.49803893932128,-38.74901946966132,38.74901946966158,77.49803893932118,0.2626999999999995,0.002,0.9304,0.0,0.0,0.0,0.0,-0.0,0.0,0.0,0.0,0.0,0.0,0.0,0.0,-6.076568022271741,11.857518597171248,0.8594457372017418,-22.260875497017725,-5.908376953458345,-0.546403864008009,28.720328392896118,-200.0000000052682,3.271260704891512,81.6844316854117,-4.533745891348515,0.19367076365948746,99.99999944784402,100.00000000319696,-100.000000000713,100.00000000086327,-99.99999999969303,99.99999999999302,6.395473821703846e-07,8.90136785240388e-07,8.173385761679319e-07,-2.421493511567288e-07,1.874744094205105e-09,5.6030591290799625e-09,-1.3038739341726668e-06,-1.3243806284406884e-06,1.6568603697096661e-06,-3.6532658182375933e-07,3.15036306122252e-07,3.1041979906692996e-09,-1.021686250732695,-0.26976092130127677,0.4466862533742091,-0.30375144545879396,1.111834261879373,1.7808239174116247,-2.633938640739653,0.8849880905475551,0.5494569095468949,6.580438864199065,-2.340415308920617,-2.5452790089317334,-0.8092907553181908,-0.488416976836457,0.13014474759718736,-0.8092907553181908,-0.488416976836457,0.13014474759718736,-0.8092907553181908,-0.488416976836457,0.13014474759718736,-0.8092907553181908,-0.488416976836457,0.13014474759718736,-10.285004495133071,9.356478082073057,-8.265983488238275,-10.285004495133071,9.356478082073057,-8.265983488238275,-10.285004495133071,9.356478082073057,-8.265983488238275,-10.285004495133071,9.356478082073057,-8.265983488238275,0.0,0.0,0.0,101.23782200741833,-0.8092907553181908,-0.488416976836457,0.13014474759718736,-10.285004495133071,9.356478082073057,-8.265983488238275,2.8254486517786717,-0.5137445624600816,-1.7864433915280467,12.60945429303724,-0.8826543891650473,38.79625479387826
4.018,1,1,1,1,-0.29999999999999993,-2.4607908973591788e-23,0.49999999999999983,0.0,-1.92309450329696e-20,-2.77555756156222e-14,0.5235958410924354,-0.0,0.0,-0.0004712194756793826,0.0,0.0,0.3285,0.19164302,-0.012182209999999971,0.3285,-0.19164302,-0.012182209999999971,-0.3285,0.19164302,-0.012182209999999971,-0.3285,-0.19164302,-0.012182209999999971,0.0,0.0,0.0,0.0,0.0,0.0,0.0,0.0,0.0,0.0,0.0,0.0,-38.74901946966081,13.3838611991616,77.49803893932182,-38.74901946966116,13.383861199125493,77.49803893932064,-38.7490194696608,38.749019469661924,77.49803893932135,-38.74901946966133,38.7490194696616,77.49803893932116,0.2626999999999995,0.002,0.9304000000000001,1.3877787807814457e-14,0.0,0.0,0.0,-0.0,0.0,0.0,0.0,0.0,0.0,0.0,0.0,-1.2302401571449517,-11.179639250338848,0.9708937863008683,19.637300599689056,-70.61869162102369,37.059486466620555,61.93705439040428,-200.0000000020872,2.656527169628735,-58.90865276122865,-82.27220468238883,-11.86064381899856,-99.9999999783063,100.00000000007464,-100.00000001908148,99.99999999660173,99.99999942153315,-99.99999999994829,-5.960472626576063e-08,-7.450696626332132e-08,9.313236826180571e-08,181.30882359740275,-181.30882069991014,226.63603119176807,-1.5795228756054769e-06,-1.5050173218789098e-06,1.9520521306048977e-06,192.00775967706085,-192.0077617201606,240.00970123002938,-1.0528526549706931,-0.28976952101713555,0.42578664311161907,-0.6050721533230985,1.1234452259882954,1.656119730267024,-2.5438478717131234,0.7848750804596385,0.5575960754994547,5.626854959052272,-2.138258087054989,-0.7878033174060552,-0.9680258033198894,-0.5152636134112817,0.11341040190691998,-0.9680258033198894,-0.5152636134112817,0.11341040190691998,-0.9680258033198894,-0.5152636134112817,0.11341040190691998,-0.9680258033198894,-0.5152636134112817,0.11341040190691998,14.66403468158776,-7.161170118630887,6.568157392141925,14.66403468158776,-7.161170118630887,6.568157392141925,14.66403468158776,-7.161170118630887,6.568157392141925,14.66403468158776,-7.161170118630887,6.568157392141925,105.57043936577837,82.36920346873244,0.0,209.60565556760895,-0.9680258033198894,-0.5152636134112817,0.11341040190691998,14.66403468158776,-7.161170118630887,6.568157392141925,2.4839018115201896,-0.777476430158476,-2.655613761053568,-66.20290444452853,1.3312316081434723,17.00496794640486
4.038,1,1,1,1,-0.2999999999999999,-1.8517389466661644e-22,0.4999999999999998,2.7755575615628914e-14,0.0,0.0,0.523550702157652,-0.0,0.0,-0.004137714550593495,0.0,0.0,0.3285,0.19164302,-0.012182209999999971,0.3285,-0.19164302,-0.012182209999999971,-0.3285,0.19164302,-0.012182209999999971,-0.3285,-0.19164302,-0.012182209999999971,0.0,0.0,0.0,0.0,0.0,0.0,0.0,0.0,0.0,0.0,0.0,0.0,-38.7490194696608,14.101644459584787,77.49803893932184,-38.749019469661164,14.101644459743977,77.49803893932064,-38.74901946966085,38.74901946966197,77.49803893932136,-38.749019469661334,38.74901946966162,77.49803893932113,0.2626999999999995,0.002,0.9304000000000001,0.0,0.0,5.551115123125783e-14,0.0,-0.0,0.0,0.0,0.0,0.0,0.0,0.0,0.0,-33.764620987297974,31.77750637396318,0.639941566530078,-32.020145365642634,-1.2956222109656785,-0.48239249934175354,89.3530074048041,-199.99999999921138,3.7200859709252327,172.3814152990292,4.206079237645895,-4.487573805060356,99.99999988711065,100.00000000039314,-99.99999999708065,100.00000000025665,99.99999987044676,-100.00000000000014,2.498852236243465e-10,8.48994208269005e-11,4.664624242423088e-11,3.3818643019323247e-07,8.330603762374267e-08,4.227113006294303e-07,8.006610152655469e-09,8.859243116887683e-09,1.1175874670144026e-08,36.006512263066824,-36.00651166916579,45.00814032917861,-1.082408358195677,-0.3078376732055373,0.4063026752761904,-0.6362312960286778,1.0233710553393203,1.408128010540116,-2.4890671117764906,0.6988981783436392,0.5577829253828235,4.64509379390788,-1.5386017542842663,0.5526925103238873,-1.1037870331775093,-0.5728473800007907,0.0536239769355691,-1.1037870331775093,-0.5728473800007907,0.0536239769355691,-1.1037870331775093,-0.5728473800007907,0.0536239769355691,-1.1037870331775093,-0.5728473800007907,0.0536239769355691,1.9163555728790111,-20.77226037216232,13.37569186494451,1.9163555728790111,-20.77226037216232,13.37569186494451,1.9163555728790111,-20.77226037216232,13.37569186494451,1.9163555728790111,-20.77226037216232,13.37569186494451,0.0,0.0,0.0,167.78737054812,-1.1037870331775093,-0.5728473800007907,0.0536239769355691,1.9163555728790111,-20.77226037216232,13.37569186494451,1.1062899078934967,-0.43751524947394294,-2.453111573526474,-49.92791017372453,13.113305242803325,-29.186919587541766
4.058,1,1,1,1,-0.3,6.979302783337747e-22,0.49999999999999994,0.0,0.0,0.0,0.5234068571190258,-0.0,0.0,-0.00970093940431996,0.0,0.0,0.3285,0.19164302,-0.012182209999999971,0.3285,-0.19164302,-0.012182209999999971,-0.3285,0.19164302,-0.012182209999999971,-0.3285,-0.19164302,-0.012182209999999971,0.0,0.0,0.0,0.0,0.0,0.0,0.0,0.0,0.0,0.0,0.0,0.0,-38.74901946966078,17.941787731299335,77.49803893932184,-38.749019469661135,17.941787730509294,77.49803893932061,-38.74901946966085,38.74901946966197,77.49803893932136,-38.749019469661285,38.749019469661604,77.49803893932106,0.2626999999999995,0.002,0.9304000000000002,0.0,0.0,0.0,0.0,-0.0,0.0,0.0,0.0,0.0,0.0,0.0,0.0,153.90334272260478,-199.99999806227538,-21.58947224140746,-22.06761509188358,14.793141492159673,-0.29303558685695696,101.21346850509555,-199.99999999943327,10.361694821917753,-199.99999999981551,-33.14379151427944,1.0679647690049483,100.00000067271495,99.99999999875405,-100.00000002314016,99.99999999995242,99.99999975540565,99.99999999999889,-75.20077732033971,75.20077732146908,94.00097165084628,-1.5389050528310036e-06,-2.455110569578832e-07,1.9233957397571822e-06,-1.7338282626753153e-06,1.733190674634683e-06,2.169400298094367e-06,-1.94609046656833e-06,1.946556127137896e-06,2.4297056652371543e-06,-1.1073113155205971,-0.3241420548504369,0.38889324535167774,-0.6801599037017593,0.9645716166415944,1.1301505964728802,-2.5115008359920803,0.6120084154116072,0.5678876486553714,-0.9841813711831873,-1.9572157979147262,7.682642700267806,-1.2016947547702332,-0.6107105315388635,0.026689205726591836,-1.2016947547702332,-0.6107105315388635,0.026689205726591836,-1.2016947547702332,-0.6107105315388635,0.026689205726591836,-1.2016947547702332,-0.6107105315388635,0.026689205726591836,-18.95693620296819,3.157391469357299,0.30867598918861994,-18.95693620296819,3.157391469357299,0.30867598918861994,-18.95693620296819,3.157391469357299,0.30867598918861994,-18.95693620296819,3.157391469357299,0.30867598918861994,0.0,0.0,0.0,102.04575463060876,-1.2016947547702332,-0.6107105315388635,0.026689205726591836,-18.95693620296819,3.157391469357299,0.30867598918861994,1.179776949114146,0.11884728487063723,-2.4515195005814565,37.267078713897,13.865958199949247,-21.653778551222707
4.078,1,1,1,1,-0.30000000000000004,1.0012827159839964e-21,0.49999999999999994,0.0,0.0,0.0,0.5231069278546919,-0.0,0.0,-0.019428180575264867,0.0,0.0,0.3285,0.19164302,-0.012182209999999971,0.3285,-0.19164302,-0.012182209999999971,-0.3285,0.19164302,-0.012182209999999971,-0.3285,-0.19164302,-0.012182209999999971,0.0,0.0,0.0,0.0,0.0,0.0,0.0,0.0,0.0,0.0,0.0,0.0,-38.749019469660766,26.962009621435914,77.49803893932186,-38.749019469661135,26.962009620559638,77.4980389393206,-38.74901946966088,38.749019469661995,77.49803893932138,-38.749019469661285,38.74901946966165,77.49803893932106,0.2626999999999995,0.002,0.9304000000000003,0.0,0.0,0.0,0.0,-0.0,0.0,0.0,0.0,0.0,0.0,0.0,0.0,199.99999999899342,-133.1742519100341,4.241229684666689,-3.320862104615429,-199.99999999430685,5.04820041157458,200.00000000758726,-199.99999956887274,145.1735125640624,-21.3124650545765,-199.99999853367447,-70.62676685752798,-99.9999990766411,99.9999998988939,-100.00000001177185,99.9999999981414,99.99999999978083,-100.00000000000121,-1.4036946254236682e-06,-1.2029481797348751e-06,1.736384914963196e-06,384.55993404166816,-384.5599332016488,480.6999211151731,-1082.898492095268,136.6861391817924,1353.623115166224,297.01134221741916,-297.01134342339515,371.2641778477241,-1.1265629521847313,-0.3425547968754169,0.3740559367137575,-0.9417890328227676,0.924814623912315,1.199646971401498,-2.602778635844892,0.481458237529643,0.5989499150809576,4.283494221826332,-4.118883102800897,6.0271096739343815,-1.2951913147430218,-0.6239138178050664,0.028980607559826437,-1.2951913147430218,-0.6239138178050664,0.028980607559826437,-1.2951913147430218,-0.6239138178050664,0.028980607559826437,-1.2951913147430218,-0.6239138178050664,0.028980607559826437,-11.577939788477698,-3.7665298098593145,9.016647644903607,-11.577939788477698,-3.7665298098593145,9.016647644903607,-11.577939788477698,-3.7665298098593145,9.016647644903607,-11.577939788477698,-3.7665298098593145,9.016647644903607,406.21162774919213,0.0,0.0,151.08886257095406,-1.2951913147430218,-0.6239138178050664,0.028980607559826437,-11.577939788477698,-3.7665298098593145,9.016647644903607,1.220265932556133,0.6460101696042528,-2.3892634472827528,-13.565260689940839,12.497892445839703,-19.70305014423598
4.098,1,1,1,1,-0.30000000000000004,1.0012827159776855e-21,0.49999999999999994,0.0,3.249614468007464e-19,-2.7755575613726534e-14,0.5225984604874551,-0.0,0.0,-0.030880241627150935,0.0,0.0,0.3285,0.19164302,-0.012182209999999971,0.3285,-0.19164302,-0.012182209999999971,-0.3285,0.19164302,-0.012182209999999971,-0.3285,-0.19164302,-0.012182209999999971,0.0,0.0,0.0,0.0,0.0,0.0,0.0,0.0,0.0,0.0,0.0,0.0,-38.749019469660745,27.738454292820183,77.4980389393218,-38.749019469661135,27.738454292808143,77.4980389393206,-38.749019469660915,38.749019469662045,77.49803893932138,-38.749019469661285,38.749019469661675,77.49803893932103,0.2626999999999995,0.002,0.9304000000000003,1.3877787807814457e-14,0.0,0.0,0.0,-0.0,0.0,0.0,0.0,0.0,0.0,0.0,0.0,-14.624225502976254,-79.14966560145336,3.128447986687691,34.68013745780728,4.28265362716193,-0.09941841113912918,200.0000005229096,-100.17901634279085,45.50510215592062,-22.000375480023614,-199.9999974283383,-137.46397558534665,-88.1338203236073,100.00000000000772,-2.574869699731515,99.99999999999996,99.9999999999999,-99.99999991480266,-6.993269323629647e-07,5.904904014641943e-07,8.74158189390073e-07,3.2124884796758124e-06,-3.7512080552914995e-08,4.69286192128493e-08,-702.8089778019781,-178.6017256970046,1102.0998076155702,213.62450731583647,213.624506959886,267.03063418702743,-1.1508795680321178,-0.36154250725229853,0.35237019379848916,-1.084913760988936,0.9566560828673034,1.4033082045013439,-2.5914444664612444,0.31630460423705054,0.5965850478244543,6.875147453421172,-2.7811699355713557,3.622960383159356,-1.3814295510383756,-0.6094130704270534,0.016461271372723116,-1.3814295510383756,-0.6094130704270534,0.016461271372723116,-1.3814295510383756,-0.6094130704270534,0.016461271372723116,-1.3814295510383756,-0.6094130704270534,0.016461271372723116,-14.80299851631111,2.210027590098319,6.602766093603516,-14.80299851631111,2.210027590098319,6.602766093603516,-14.80299851631111,2.210027590098319,6.602766093603516,-14.80299851631111,2.210027590098319,6.602766093603516,5.954456780078464,0.0,0.0,286.5803863383077,-1.3814295510383756,-0.6094130704270534,0.016461271372723116,-14.80299851631111,2.210027590098319,6.602766093603516,1.8010525654382872,1.0166517145098748,-2.2220695248200304,-13.904506768213249,10.443823805829478,-24.64339606507084
4.118,1,1,1,1,-0.30000000000000004,3.5135982237619267e-22,0.5,-2.7755575615628914e-14,-3.249614468007464e-19,2.775557561372654e-14,0.5218331797405897,-0.0,0.0,-0.044638464164648624,0.0,0.0,0.3285,0.19164302,-0.012182209999999971,0.3285,-0.19164302,-0.012182209999999971,-0.3285,0.19164302,-0.012182209999999971,-0.3285,-0.19164302,-0.012182209999999971,0.0,0.0,0.0,0.0,0.0,0.0,0.0,0.0,0.0,0.0,0.0,0.0,-38.74901946966077,32.331984809759945,77.49803893932184,-38.749019469661135,32.331984810700305,77.49803893932061,-38.74901946966091,38.74901946966205,77.49803893932133,-38.74901946966132,38.749019469661704,77.49803893932108,0.2626999999999995,0.002,0.9304000000000003,0.0,0.0,5.551115123125783e-14,0.0,-0.0,0.0,0.0,0.0,0.0,0.0,0.0,0.0,25.165356927155784,-2.329092174827707,67.44145264544969,-140.25779887404912,-96.89997753506981,31.358084354631277,200.0000000000009,199.99999997121176,76.60578373105676,-199.99999988855012,-189.173076524656,-82.21896602353287,99.99999878405288,99.99999999622177,13.277163466232725,-100.00000000000031,100.00000000000007,99.99999764043201,319.36872395269677,319.36872553491526,399.2109051244345,-290.2622444173559,290.2622524564646,362.82781444083275,487.9339182672028,227.45259179935232,609.9173985947825,231.76076461512457,-231.760758865271,289.7009485815845,-1.174822306443677,-0.3827502613980232,0.3238377930524183,-1.2068932902437641,1.4100400607773507,1.0269283095808082,-2.4414320116940686,0.18397652080300042,0.5907757876406992,13.699916894519138,3.0625490683705436,-0.9425216633987259,-1.450706813742671,-0.5713878775012416,-0.024436202671260135,-1.450706813742671,-0.5713878775012416,-0.024436202671260135,-1.450706813742671,-0.5713878775012416,-0.024436202671260135,-1.450706813742671,-0.5713878775012416,-0.024436202671260135,-2.0420808963979504,-1.175651813050714,-1.956686928470837,-2.0420808963979504,-1.175651813050714,-1.956686928470837,-2.0420808963979504,-1.175651813050714,-1.956686928470837,-2.0420808963979504,-1.175651813050714,-1.956686928470837,0.0,0.0,0.0,661.6131793023083,-1.450706813742671,-0.5713878775012416,-0.024436202671260135,-2.0420808963979504,-1.175651813050714,-1.956686928470837,1.9763531454358605,1.1692599125235543,-1.9368754530196168,17.643918148486446,2.0375652484447464,3.0094747576612173
4.138,1,1,1,1,-0.30000000000000004,1.0012827159839963e-21,0.49999999999999994,0.0,0.0,0.0,0.5207689507796404,-0.0,0.0,-0.060533767671120176,0.0,0.0,0.3285,0.19164302,-0.012182209999999971,0.3285,-0.19164302,-0.012182209999999971,-0.3285,0.19164302,-0.012182209999999971,-0.3285,-0.19164302,-0.012182209999999971,0.0,0.0,0.0,0.0,0.0,0.0,0.0,0.0,0.0,0.0,0.0,0.0,-38.74901946966075,31.09291836898756,77.49803893932183,-38.749019469661164,31.09291836942253,77.49803893932065,-38.74901946966092,38.749019469662095,77.49803893932136,-38.74901946966131,38.749019469661725,77.49803893932108,0.2626999999999995,0.002,0.9304000000000003,0.0,0.0,5.551115123125783e-14,0.0,-0.0,0.0,0.0,0.0,0.0,0.0,0.0,0.0,200.000000000752,-199.99999999870604,-58.95877606251567,-200.00000000036337,-199.99999874099927,-25.806201032943356,199.9999997308759,-160.2274976433909,195.90296358106067,-199.99999999920237,-15.182933363970232,1.1615974625336776,-99.99999898523771,-100.00000000082686,100.0000000028765,53.82626736278498,100.00000000000078,-100.00000000000024,39.420481269433054,-320.13866653369956,400.1733349200294,70.71170239011283,-70.71169939042379,88.38962424687759,-543.351091625817,434.0695978487459,679.1888636281949,-2.434241306303875e-07,-2.4202778181603435e-07,2.998858690261841e-07,-1.1970564602510108,-0.40468215402768887,0.29318769938173683,-1.4605209518890514,1.4551443183386863,0.9688340043680337,-2.213781430251869,0.04844591739268034,0.5885780661557085,8.99743303936355,4.698721211068949,2.5648151401765182,-1.4806120037421002,-0.5207258112854781,-0.046247265194613446,-1.4806120037421002,-0.5207258112854781,-0.046247265194613446,-1.4806120037421002,-0.5207258112854781,-0.046247265194613446,-1.4806120037421002,-0.5207258112854781,-0.046247265194613446,-23.385972134275022,21.939330861397472,17.641916421662007,-23.385972134275022,21.939330861397472,17.641916421662007,-23.385972134275022,21.939330861397472,17.641916421662007,-23.385972134275022,21.939330861397472,17.641916421662007,144.47991907377298,0.0,0.0,267.2111096969963,-1.4806120037421002,-0.5207258112854781,-0.046247265194613446,-23.385972134275022,21.939330861397472,17.641916421662007,3.1133549178889455,0.9082138722543927,-0.5566231413044436,-32.230016523607986,38.929616888128834,-64.33139890622351
4.158,1,1,1,1,-0.3,1.6512056095854891e-21,0.4999999999999999,2.7755575615628914e-14,6.499228936014928e-19,-5.551115122745308e-14,0.5193648566222403,-0.0,0.0,-0.07840084154107722,0.0,0.0,0.3285,0.19164302,-0.012182209999999971,0.3285,-0.19164302,-0.012182209999999971,-0.3285,0.19164302,-0.012182209999999971,-0.3285,-0.19164302,-0.012182209999999971,0.0,0.0,0.0,0.0,0.0,0.0,0.0,0.0,0.0,0.0,0.0,0.0,-38.74901946966078,38.20269223474593,77.49803893932184,-38.74901946966116,38.202692234934766,77.49803893932068,-38.749019469660915,38.7490194696621,77.4980389393213,-38.74901946966131,38.7490194696617,77.49803893932102,0.26269999999999954,0.002,0.9304000000000003,2.7755575615628914e-14,0.0,0.0,0.0,-0.0,0.0,0.0,0.0,0.0,0.0,0.0,0.0,200.00000000003206,199.99999999994378,223.11020259358446,-200.00000000001404,-141.7748367387363,1.6338459627829116,146.180818006428,200.00000004992535,201.4346139445281,-199.99999999568746,-199.99999999996265,-82.15572560606134,-99.99999999994982,-99.99999999992721,99.99999993283309,99.99999999694819,-100.0000000000005,-99.99999982588008,-714.5095927666679,272.51629433365156,893.1369917723725,-4.4415506875557895,4.441550679239668,5.551938753222188,-543.7531754529923,507.42703953654313,679.6914693161308,-253.06509331576444,253.06509262189857,316.3313651904689,-1.2256429347997742,-0.4186086267106592,0.25996413038948873,-1.7292914012570435,0.9829276420996946,1.1513379907711563,-2.1401119878727997,-0.09226757789311368,0.5897374845927505,3.114472158902396,3.9413946294345563,5.2018872273008485,-1.4609559338954197,-0.5100103322346564,0.0024392020181553536,-1.4609559338954197,-0.5100103322346564,0.0024392020181553536,-1.4609559338954197,-0.5100103322346564,0.0024392020181553536,-1.4609559338954197,-0.5100103322346564,0.0024392020181553536,4.836580664898788,7.972125519944446,-8.712088123298734,4.836580664898788,7.972125519944446,-8.712088123298734,4.836580664898788,7.972125519944446,-8.712088123298734,4.836580664898788,7.972125519944446,-8.712088123298734,0.0,0.0,349.29036815975564,341.0878409633197,-1.4609559338954197,-0.5100103322346564,0.0024392020181553536,4.836580664898788,7.972125519944446,-8.712088123298734,2.599332132187094,0.9035861652150698,-0.7398154700045886,-28.044133031807387,-12.316791130701587,24.353294361767837
4.178,1,1,1,1,-0.30000000000000004,3.5135982236672637e-22,0.5,0.0,-6.499228936141146e-19,5.551115122745308e-14,0.5175832450291091,-0.0,0.0,-0.09807814508044267,0.0,0.0,0.3285,0.19164302,-0.012182209999999971,0.3285,-0.19164302,-0.012182209999999971,-0.3285,0.19164302,-0.012182209999999971,-0.3285,-0.19164302,-0.012182209999999971,0.0,0.0,0.0,0.0,0.0,0.0,0.0,0.0,0.0,0.0,0.0,0.0,-38.749019469660816,38.749019469660574,77.49803893932189,-38.74901946966117,38.74901946965992,77.49803893932071,-38.74901946966091,38.74901946966211,77.4980389393213,-38.74901946966129,38.74901946966167,77.49803893932096,0.2626999999999995,0.002,0.9304000000000003,-1.3877787807814457e-14,0.0,0.0,0.0,-0.0,0.0,0.0,0.0,0.0,0.0,0.0,0.0,114.32127336017804,200.00000041675153,227.9455506153903,-113.55991081653099,-200.0000008009559,-1.7050527375043845,49.0595691165917,38.56735504357972,31.5390579432124,-15.856454906928974,-199.9999991362284,-129.69278297985062,-100.00000000000004,-99.99999928426938,100.00000002142464,-99.99999909388245,-100.0,99.99999836064494,-450.0262415165841,450.0262410020893,562.5328012526118,-59.121527373455656,59.12152727236064,73.90190909045084,60.64499344956761,60.64499520395006,75.80624240323507,-135.95062048479318,324.42036722165983,405.525459027074,-1.2575872526138674,-0.4262191222228626,0.2297384980793293,-1.8110875963611646,0.4216136870168766,1.1404432884170166,-2.1221780020407515,-0.2279299158682191,0.5854587391200454,1.5444430036066465,3.1664663464052083,5.052930563546767,-1.4781579317761857,-0.5197316140911523,-0.004374205196852304,-1.4781579317761857,-0.5197316140911523,-0.004374205196852304,-1.4781579317761857,-0.5197316140911523,-0.004374205196852304,-1.4781579317761857,-0.5197316140911523,-0.004374205196852304,-0.7061382220783223,-6.644740268462288,1.0721853198224256,-0.7061382220783223,-6.644740268462288,1.0721853198224256,-0.7061382220783223,-6.644740268462288,1.0721853198224256,-0.7061382220783223,-6.644740268462288,1.0721853198224256,0.0,0.0,30.56815872645171,249.74386762085442,-1.4781579317761857,-0.5197316140911523,-0.004374205196852304,-0.7061382220783223,-6.644740268462288,1.0721853198224256,2.766187932195609,0.8856175014992411,-1.2871921959360513,27.51794578755733,-0.35845445222943795,4.201659493321646
4.198,1,1,1,1,-0.30000000000000004,1.001282715980841e-21,0.49999999999999994,0.0,-3.249614468023241e-19,2.7755575613726544e-14,0.5153896531058278,-0.0,0.0,-0.11940790750595474,0.0,0.0,0.3285,0.19164302,-0.012182209999999971,0.3285,-0.19164302,-0.012182209999999971,-0.3285,0.19164302,-0.012182209999999971,-0.3285,-0.19164302,-0.012182209999999971,0.0,0.0,0.0,0.0,0.0,0.0,0.0,0.0,0.0,0.0,0.0,0.0,-38.749019469660816,38.74901946966053,77.49803893932184,-38.74901946966118,38.74901946965992,77.49803893932071,-38.74901946966092,38.74901946966212,77.49803893932135,-38.74901946966124,38.749019469661654,77.49803893932096,0.26269999999999943,0.002,0.9304000000000003,-2.7755575615628914e-14,0.0,0.0,0.0,-0.0,0.0,0.0,0.0,0.0,0.0,0.0,0.0,200.0000000006063,199.99999999840747,271.8576050809739,-195.2503971281324,-200.00000000032378,0.263929339391259,199.99999972633125,200.00000010832144,141.00802531083627,-196.786075496816,-199.99999999452515,-96.27507870749888,99.99999999995839,100.00000006719848,-99.99999997076625,100.00000000117133,100.00000000002532,-99.99999999999923,-636.0964757406357,582.4337542265532,795.1205955577296,-3.431901796600856e-09,1.1758660198313287e-08,4.453776928856068e-09,392.8088682263102,169.68336925877165,491.0110852788511,-324.7019188347994,324.7019188329338,405.8773985411256,-1.289102976809915,-0.4294237295634037,0.2119348192747804,-1.0248451871757724,-0.5564194583166041,0.23622389646241856,-2.1031854001760655,-0.3293243026907624,0.5705024787750812,-1.091961845319045,1.2474797857010447,3.5645627221982137,-1.4858866835830755,-0.5213626439287435,-0.07109482950092347,-1.4858866835830755,-0.5213626439287435,-0.07109482950092347,-1.4858866835830755,-0.5213626439287435,-0.07109482950092347,-1.4858866835830755,-0.5213626439287435,-0.07109482950092347,-4.929101247067961,-1.631357075922553,2.9442393597565912,-4.929101247067961,-1.631357075922553,2.9442393597565912,-4.929101247067961,-1.631357075922553,2.9442393597565912,-4.929101247067961,-1.631357075922553,2.9442393597565912,0.0,214.04167837804704,0.0,236.50857001604018,-1.4858866835830755,-0.5213626439287435,-0.07109482950092347,-4.929101247067961,-1.631357075922553,2.9442393597565912,-3.0926556986735347,0.853595012943793,-1.2826112330949437,11.299099536067217,-3.558483058956244,-14.713981062464036
4.218,1,1,1,1,-0.30000000000000004,1.0012827159839966e-21,0.49999999999999994,0.0,0.0,0.0,0.5127527319046159,-0.0,0.0,-0.14223612794586268,0.0,0.0,0.3285,0.19164302,-0.012182209999999971,0.3285,-0.19164302,-0.012182209999999971,-0.3285,0.19164302,-0.012182209999999971,-0.3285,-0.19164302,-0.012182209999999971,0.0,0.0,0.0,0.0,0.0,0.0,0.0,0.0,0.0,0.0,0.0,0.0,-38.749019469660816,38.7490194696605,77.49803893932184,-38.7490194696612,38.74901946965996,77.49803893932076,-38.74901946966093,38.74901946966211,77.49803893932128,-38.74901946966123,38.74901946966161,77.49803893932092,0.2626999999999995,0.002,0.9304000000000003,-1.3877787807814457e-14,0.0,-5.551115123125783e-14,0.0,-0.0,0.0,0.0,0.0,0.0,0.0,0.0,0.0,13.526409159282498,-53.738132212761236,-0.034380955837221804,-43.61006459267453,-199.9999999540459,319.9999995127661,36.69250026244895,-72.1767619691877,0.16066636429657313,37.12915775356444,-200.00000001100395,-312.04451792511594,-100.00000003559205,-100.00000000031446,99.99999986440308,-99.99999999938122,-99.99999999991884,99.99999999999959,-2.13437250096149e-07,-2.2847965297501105e-07,2.8134299867588197e-07,-318.1310076641268,-634.1559375374096,886.0931397081808,1.4992272245883953e-07,-1.4593982911037529e-07,1.855533504624418e-07,543.1937783276268,543.1937783280838,678.9922229097556,-1.3072176791013328,-0.43209445829626447,0.22343541462009675,-0.36580303581448037,-1.0321365990021003,-0.24261410305719178,-2.1358424283646924,-0.3788641441445073,0.5743440667699693,-1.7264724595596328,0.07357421869363279,2.0662935886686933,-1.4877084702033725,-0.5175345702622474,-0.07812845079856662,-1.4877084702033725,-0.5175345702622474,-0.07812845079856662,-1.4877084702033725,-0.5175345702622474,-0.07812845079856662,-1.4877084702033725,-0.5175345702622474,-0.07812845079856662,-3.3755174864826283,-0.995802644422763,2.845026225393634,-3.3755174864826283,-0.995802644422763,2.845026225393634,-3.3755174864826283,-0.995802644422763,2.845026225393634,-3.3755174864826283,-0.995802644422763,2.845026225393634,0.0,376.6015558741041,0.0,699.0870158710986,-1.4877084702033725,-0.5175345702622474,-0.07812845079856662,-3.3755174864826283,-0.995802644422763,2.845026225393634,-2.6565639861659234,0.8473007187873711,-0.9122865649609972,6.216334862687673,-1.3779671931719544,-9.21585547375194
4.238,1,1,1,1,-0.30000000000000004,1.651205609582334e-21,0.4999999999999999,0.0,3.2496144679916867e-19,-2.775557561372654e-14,0.5096441710261078,-0.0,0.0,-0.16641257543938673,0.0,0.0,0.3285,0.19164302,-0.012182209999999971,0.3285,-0.19164302,-0.012182209999999971,-0.3285,0.19164302,-0.012182209999999971,-0.3285,-0.19164302,-0.012182209999999971,0.0,0.0,0.0,0.0,0.0,0.0,0.0,0.0,0.0,0.0,0.0,0.0,-38.74901946966082,38.7490194696605,77.49803893932183,-38.74901946966126,38.749019469660034,77.49803893932086,-38.7490194696609,38.74901946966207,77.4980389393212,-38.74901946966127,38.74901946966161,77.49803893932094,0.2626999999999995,0.002,0.9304000000000003,0.0,0.0,0.0,0.0,-0.0,0.0,0.0,0.0,0.0,0.0,0.0,0.0,1.7672798974618888,-11.73996681106344,-0.34375807799843083,-12.032112193365593,-200.00000005102737,69.00602596293773,83.42154277256522,-200.00000000216997,30.163957593860896,-42.10964013984102,-200.00000000104814,-319.99999990548673,-99.99999999877626,-100.0000000919066,100.00000001199533,-99.99999999925096,-99.99999999968733,100.00000000000244,2.0010960497529595e-06,2.7949482728217845e-09,-1.8625883058120962e-09,-130.47797948500286,-130.47798003072876,163.09747499629714,52.886959430495324,52.886959046655605,66.10870172128534,443.19468666073595,550.9701251889047,688.7126616205122,-1.3226160822139181,-0.4352225850923329,0.24103679553496152,-0.370416194193097,-1.0572393895461665,-0.46595085435755634,-2.1755133046924016,-0.40860228622615047,0.5779946459431702,-1.533885539135724,-0.5184457609327374,1.4706138005045704,-1.4935635036759654,-0.520530530687026,-0.07011882075356407,-1.4935635036759654,-0.520530530687026,-0.07011882075356407,-1.4935635036759654,-0.520530530687026,-0.07011882075356407,-1.4935635036759654,-0.520530530687026,-0.07011882075356407,-2.4719835024496533,-0.4004874974570698,1.9893981530071887,-2.4719835024496533,-0.4004874974570698,1.9893981530071887,-2.4719835024496533,-0.4004874974570698,1.9893981530071887,-2.4719835024496533,-0.4004874974570698,1.9893981530071887,0.0,0.0,0.0,749.9981294306249,-1.4935635036759654,-0.520530530687026,-0.07011882075356407,-2.4719835024496533,-0.4004874974570698,1.9893981530071887,-2.4273696214310587,0.763930795114887,-0.7239483010659149,3.465140995556455,0.6734112669613639,-6.102118923847167
4.258,1,1,1,1,-0.30000000000000004,1.0012827159776856e-21,0.49999999999999994,0.0,0.0,0.0,0.5060386232211279,-0.0,0.0,-0.1917907889371006,0.0,0.0,0.3285,0.19164302,-0.012182209999999971,0.3285,-0.19164302,-0.012182209999999971,-0.3285,0.19164302,-0.012182209999999971,-0.3285,-0.19164302,-0.012182209999999971,0.0,0.0,0.0,0.0,0.0,0.0,0.0,0.0,0.0,0.0,0.0,0.0,-38.74901946966085,38.74901946966053,77.49803893932189,-38.749019469661256,38.74901946966007,77.49803893932086,-38.74901946966087,38.74901946966208,77.49803893932116,-38.74901946966128,38.749019469661576,77.49803893932089,0.2626999999999995,0.002,0.9304000000000002,0.0,0.0,-5.551115123125783e-14,0.0,-0.0,0.0,0.0,0.0,0.0,0.0,0.0,0.0,200.0000000320217,200.0000013423296,92.20118738993796,-199.99999808325288,-199.99999961979626,-31.92233318607128,199.99999999375518,-200.00000010909255,128.2062430688947,-61.63825088451474,-2.2501653923349956,-13.89723556875056,99.99999972623604,100.00000008103855,-99.99999994224197,99.99999999883846,99.99999999825029,-99.9999991663048,351.6119270837053,-3.902777354367006,439.5149122041439,-232.49799211342915,232.49799055485747,290.6224907553515,-224.77923893164703,224.77923891241497,280.9740486645506,33.66258395000656,-33.66258325631052,42.0782299375086,-1.3359703075324834,-0.4454510683659647,0.2608352304456836,-0.19428570746410334,-0.9298266224001233,-1.13992984307234,-2.2156238547121685,-0.426760750529676,0.5896227635512035,-3.4941669291082214,-0.4027921690359253,0.9406634249977055,-1.4962781330179733,-0.5170510032434898,-0.05525744388414468,-1.4962781330179733,-0.5170510032434898,-0.05525744388414468,-1.4962781330179733,-0.5170510032434898,-0.05525744388414468,-1.4962781330179733,-0.5170510032434898,-0.05525744388414468,-2.1799721358105937,-2.244300678940606,3.8436433360746305,-2.1799721358105937,-2.244300678940606,3.8436433360746305,-2.1799721358105937,-2.244300678940606,3.8436433360746305,-2.1799721358105937,-2.244300678940606,3.8436433360746305,0.0,0.0,0.0,79.11105376811264,-1.4962781330179733,-0.5170510032434898,-0.05525744388414468,-2.1799721358105937,-2.244300678940606,3.8436433360746305,-2.2604291648706685,0.7129227314302287,-0.6437837426079467,10.089611995415527,-9.809587861995402,-5.966064229841441
4.2780000000000005,1,1,1,1,-0.30000000000000004,1.0012827159745302e-21,0.49999999999999994,2.7755575615628914e-14,0.0,0.0,0.5019136289924687,-0.0,0.0,-0.2182280773006131,0.0,0.0,0.3285,0.19164302,-0.012182209999999971,0.3285,-0.19164302,-0.012182209999999971,-0.3285,0.19164302,-0.012182209999999971,-0.3285,-0.19164302,-0.012182209999999971,0.0,0.0,0.0,0.0,0.0,0.0,0.0,0.0,0.0,0.0,0.0,0.0,-38.74901946966093,38.74901946966057,77.49803893932196,-38.749019469661256,38.74901946966007,77.49803893932088,-38.74901946966087,38.74901946966209,77.49803893932118,-38.7490194696613,38.749019469661576,77.49803893932088,0.2626999999999995,0.002,0.9304000000000003,0.0,0.0,0.0,0.0,-0.0,0.0,0.0,0.0,0.0,0.0,0.0,0.0,2.000002584977703,-43.182999828270134,-0.037015591049329714,93.27195705582095,-199.99999920446496,-137.0789811676512,8.923305009954959,199.99999999998536,99.49898406227524,-48.66771247539748,-200.0000000279381,-319.99999466344536,-99.999999726879,-99.99999991478595,100.00000001647618,-99.99999999999206,-100.00000000352608,100.00000000000006,-1.1080691528775333e-06,8.46290657108284e-07,1.3847893782781284e-06,337.9707347443083,-279.4543678956734,433.7063416311174,-117.17282458899766,182.67459714437382,228.34324693326303,281.4620614406663,605.3868455489741,756.733556936174,-1.344004457531604,-0.45534432372359,0.28251169948321025,-0.0690431791796795,-0.8509855218345278,-0.6538089818075321,-2.243772599727344,-0.4417970916872276,0.6308686712367375,-0.23895743407802017,2.3605706242126745,-0.20222187942652248,-1.4926285795517167,-0.5116761582142613,-0.021989117612349368,-1.4926285795517167,-0.5116761582142613,-0.021989117612349368,-1.4926285795517167,-0.5116761582142613,-0.021989117612349368,-1.4926285795517167,-0.5116761582142613,-0.021989117612349368,3.2142854472155653,7.881639418015107,-3.1668351261335537,3.2142854472155653,7.881639418015107,-3.1668351261335537,3.2142854472155653,7.881639418015107,-3.1668351261335537,3.2142854472155653,7.881639418015107,-3.1668351261335537,0.0,0.0,185.01273773695516,959.0333634489954,-1.4926285795517167,-0.5116761582142613,-0.021989117612349368,3.2142854472155653,7.881639418015107,-3.1668351261335537,-2.5218187360853053,0.6492695927867649,-0.6964692414918499,-24.586831121317,19.15697005287235,7.490627388037675
4.298,1,1,1,1,-0.30000000000000004,1.0012827159745302e-21,0.49999999999999994,0.0,0.0,0.0,0.4972495411966653,-0.0,0.0,-0.24558551930278608,0.0,0.0,0.3285,0.19164302,-0.012182209999999971,0.3285,-0.19164302,-0.012182209999999971,-0.3285,0.19164302,-0.012182209999999971,-0.3285,-0.19164302,-0.012182209999999971,0.0,0.0,0.0,0.0,0.0,0.0,0.0,0.0,0.0,0.0,0.0,0.0,-38.74901946966094,38.74901946966056,77.49803893932197,-38.749019469661256,38.7490194696601,77.49803893932089,-38.74901946966084,38.74901946966209,77.49803893932113,-38.74901946966131,38.74901946966159,77.49803893932092,0.2626999999999995,0.002,0.9304000000000003,0.0,0.0,0.0,0.0,-0.0,0.0,0.0,0.0,0.0,0.0,0.0,0.0,200.0000002878042,-116.43848913525768,-47.81747137243985,-172.12099938301475,-200.00000000206148,219.76828670670605,199.9999994492658,199.99999998584954,178.20698657062178,-200.00000000314523,-200.00000000766076,1.3504866582303685,99.99999965194336,-99.99999998671177,-99.99999834729395,100.00000000017057,100.00000000208482,-99.99999999999957,-195.4115905133577,-195.41159054315906,244.26448811562182,-557.7600609570549,-557.7600604743964,697.200078022743,-681.7253870124565,-300.29298222512136,852.1567425576264,-5.884813460976801e-07,5.374594301832403e-07,6.967724868189862e-07,-1.3531501078392068,-0.4599501723512183,0.30033831486141976,-0.11436109453752058,-0.8537469599067581,-0.7010831981472979,-2.23483536814639,-0.4596060402301816,0.6662081482730762,1.1041646906542224,3.2907749566463877,0.01700454064787449,-1.4930437199324789,-0.5248307874020736,-0.025595825893977298,-1.4930437199324789,-0.5248307874020736,-0.025595825893977298,-1.4930437199324789,-0.5248307874020736,-0.025595825893977298,-1.4930437199324789,-0.5248307874020736,-0.025595825893977298,1.708194238554361,-3.181325095231787,-2.180754778040935,1.708194238554361,-3.181325095231787,-2.180754778040935,1.708194238554361,-3.181325095231787,-2.180754778040935,1.708194238554361,-3.181325095231787,-2.180754778040935,0.0,0.0,0.0,0.0,-1.4930437199324789,-0.5248307874020736,-0.025595825893977298,1.708194238554361,-3.181325095231787,-2.180754778040935,-2.917433648467674,0.5220016237641678,-0.8915485951308222,-4.503049662461181,-23.807963988682417,-7.727680518010615
4.3180000000000005,1,1,1,1,-0.30000000000000004,1.0012827159745302e-21,0.49999999999999994,0.0,0.0,0.0,0.4920294496457735,-0.0,0.0,-0.2737279636277262,0.0,0.0,0.3285,0.19164302,-0.012182209999999971,0.3285,-0.19164302,-0.012182209999999971,-0.3285,0.19164302,-0.012182209999999971,-0.3285,-0.19164302,-0.012182209999999971,0.0,0.0,0.0,0.0,0.0,0.0,0.0,0.0,0.0,0.0,0.0,0.0,-38.749019469660944,38.74901946966054,77.49803893932197,-38.749019469661285,38.749019469660084,77.49803893932095,-38.74901946966082,38.7490194696621,77.49803893932113,-38.749019469661306,38.749019469661604,77.49803893932086,0.2626999999999995,0.002,0.9304000000000003,-1.3877787807814457e-14,0.0,0.0,0.0,-0.0,0.0,0.0,0.0,0.0,0.0,0.0,0.0,2.5173335466753772,-109.49928537891155,0.504255085558478,12.237440879017022,-199.99999983425437,8.485090508541784,200.00000000001046,-52.11685792933167,164.96843199605132,-181.46811273664875,-200.00000000000293,59.92177776336331,-100.00000000002186,-100.00000000335012,99.9999999669934,-100.0000000000001,-100.00000000000041,100.00000000000001,1.0696238632590394e-06,-4.454233248907258e-08,2.705530164348602e-07,-96.27918948293481,-96.27918960086535,120.34898700113216,382.9426821643591,382.94268413438266,478.6783551761433,-385.0277859125655,1008.123314713288,1260.1541433915636,-1.3620777734669738,-0.46982866248625077,0.3204780133847229,-0.11343036833795878,-0.8817998005862224,-0.6080276519725336,-2.2004985867600926,-0.48766258789817707,0.6976873229442551,-1.703785164951883,0.535003806696366,1.3352377223947138,-1.4922338290997523,-0.5037203850897557,-0.0448807889124214,-1.4922338290997523,-0.5037203850897557,-0.0448807889124214,-1.4922338290997523,-0.5037203850897557,-0.0448807889124214,-1.4922338290997523,-0.5037203850897557,-0.0448807889124214,0.5950995594829127,8.832070458762072,-1.5588194645105602,0.5950995594829127,8.832070458762072,-1.5588194645105602,0.5950995594829127,8.832070458762072,-1.5588194645105602,0.5950995594829127,8.832070458762072,-1.5588194645105602,0.0,0.0,0.0,483.7515083182591,-1.4922338290997523,-0.5037203850897557,-0.0448807889124214,0.5950995594829127,8.832070458762072,-1.5588194645105602,-2.7346990773102906,0.7408277974951409,-0.4046781869860143,-24.62047799282844,2.6036842439721815,-0.7245587110653489
4.338,1,1,1,1,-0.30000000000000004,1.0012827159745302e-21,0.49999999999999994,0.0,0.0,0.0,0.48623910570914447,-0.0,0.0,-0.30252402887059243,0.0,0.0,0.3285,0.19164302,-0.012182209999999971,0.3285,-0.19164302,-0.012182209999999971,-0.3285,0.19164302,-0.012182209999999971,-0.3285,-0.19164302,-0.012182209999999971,0.0,0.0,0.0,0.0,0.0,0.0,0.0,0.0,0.0,0.0,0.0,0.0,-38.74901946966098,38.74901946966057,77.49803893932199,-38.74901946966135,38.7490194696601,77.49803893932102,-38.7490194696608,38.74901946966209,77.49803893932112,-38.74901946966134,38.7490194696616,77.4980389393209,0.2626999999999995,0.002,0.9304000000000003,0.0,0.0,5.551115123125783e-14,0.0,-0.0,0.0,0.0,0.0,0.0,0.0,0.0,0.0,62.354625110221235,199.99999159274344,125.00037954611014,112.78264493449524,-200.00000107630234,-124.1276952233574,81.45073221801195,-116.75485264793326,93.69332658790266,-199.9999997094561,-200.0,3.114742001167288,-100.00000057432746,-99.99999990662894,99.99999999372147,-99.99999999999989,-99.99999999961858,99.99999862845928,202.87059103864755,202.87059075562004,253.58823879831667,-314.11528448914345,314.1152856713066,392.6441070891325,155.53750435992322,155.53750000952323,194.42187546933405,-54.30469232567128,1381.1172364902832,1822.705304931613,-1.3701470798255861,-0.47268782968828227,0.3329720685639456,-0.02028929521834294,-0.576930440492448,-0.12740927727376183,-2.2313776961428466,-0.5127213045316392,0.7341180369541145,-2.1678656579679325,1.0427213071141375,0.6514533701271062,-1.4901095137284297,-0.5349862221882983,-0.03433125850922533,-1.4901095137284297,-0.5349862221882983,-0.03433125850922533,-1.4901095137284297,-0.5349862221882983,-0.03433125850922533,-1.4901095137284297,-0.5349862221882983,-0.03433125850922533,3.0185938686020948,7.858728100691673,-3.8584267194704385,3.0185938686020948,7.858728100691673,-3.8584267194704385,3.0185938686020948,7.858728100691673,-3.8584267194704385,3.0185938686020948,7.858728100691673,-3.8584267194704385,0.0,0.0,0.0,550.6907914649814,-1.4901095137284297,-0.5349862221882983,-0.03433125850922533,3.0185938686020948,7.858728100691673,-3.8584267194704385,2.7728922766427164,0.5534390241971385,-0.8575833002003568,-16.888893011072547,11.986344232405775,27.297762708104415
4.358,1,1,1,1,-0.30000000000000004,1.0012827159713748e-21,0.49999999999999994,0.0,0.0,0.0,0.4798668469152024,-0.0,0.0,-0.3318461035378505,0.0,0.0,0.3285,0.19164302,-0.012182209999999971,0.3285,-0.19164302,-0.012182209999999971,-0.3285,0.19164302,-0.012182209999999971,-0.3285,-0.19164302,-0.012182209999999971,0.0,0.0,0.0,0.0,0.0,0.0,0.0,0.0,0.0,0.0,0.0,0.0,-38.74901946966105,38.749019469660574,77.49803893932209,-38.7490194696613,38.74901946966011,77.498038939321,-38.74901946966076,38.7490194696621,77.49803893932105,-38.749019469661334,38.74901946966161,77.49803893932094,0.2626999999999995,0.002,0.9304000000000003,0.0,0.0,5.551115123125783e-14,0.0,-0.0,0.0,0.0,0.0,0.0,0.0,0.0,0.0,165.9539482773908,185.215029873788,154.1950395912165,-64.64357823108763,-199.99999978397108,-48.97228456723912,22.951253985654496,-127.905800650695,0.5394311157002296,-53.37606415562961,-150.51412719250507,-319.99999993624795,100.00000010721155,-100.00000013542241,99.99999995561171,-100.00000000003794,-100.00000000000128,-26.734998246261814,336.90695551483395,90.1553974178101,421.13369417409353,110.38116467191446,-110.3811647954627,137.97645583970123,-3.737179099516652e-08,2.5963947791751707e-07,4.6711761569895316e-08,968.7212721425034,968.7212714552279,1210.9015903890136,-1.3776560383302574,-0.4710309808423187,0.3398829016781304,-0.05842508844299474,-0.49144380141746624,0.004914011269763291,-2.2734035300282684,-0.5397493145391126,0.7894887723479405,-1.9774404976982773,1.5156341575455647,0.9995894782887038,-1.490321452050449,-0.5899401894154324,-0.03333281812464278,-1.490321452050449,-0.5899401894154324,-0.03333281812464278,-1.490321452050449,-0.5899401894154324,-0.03333281812464278,-1.490321452050449,-0.5899401894154324,-0.03333281812464278,-3.650277283742772,4.761769258332029,-2.1341571190546444,-3.650277283742772,4.761769258332029,-2.1341571190546444,-3.650277283742772,4.761769258332029,-2.1341571190546444,-3.650277283742772,4.761769258332029,-2.1341571190546444,0.0,0.0,26.864020738669733,618.7737330337507,-1.490321452050449,-0.5899401894154324,-0.03333281812464278,-3.650277283742772,4.761769258332029,-2.1341571190546444,2.5715668875487867,0.019239102090315985,-1.2052050649829331,4.847951513299062,17.13940287109172,22.238936231080196
4.378,1,1,1,1,-0.30000000000000004,1.0012827159713748e-21,0.49999999999999994,-2.7755575615628914e-14,0.0,0.0,0.4729035215532198,-0.0,0.0,-0.36157034604706717,0.0,0.0,0.3285,0.19164302,-0.012182209999999971,0.3285,-0.19164302,-0.012182209999999971,-0.3285,0.19164302,-0.012182209999999971,-0.3285,-0.19164302,-0.012182209999999971,0.0,0.0,0.0,0.0,0.0,0.0,0.0,0.0,0.0,0.0,0.0,0.0,-38.74901946966112,38.749019469660624,77.49803893932216,-38.74901946966135,38.74901946966014,77.49803893932112,-38.74901946966081,38.749019469662166,77.49803893932109,-38.74901946966142,38.74901946966166,77.49803893932105,0.2626999999999995,0.002,0.9304000000000003,0.0,0.0,5.551115123125783e-14,0.0,-0.0,0.0,0.0,0.0,0.0,0.0,0.0,0.0,-11.081432358583296,-24.989412204367362,-0.3226009680644011,-105.39027772771384,-200.0000000295858,94.618875540239,27.69826658844676,-65.27007517573624,-0.04724970429048136,-151.7978514187713,-168.5662326609274,-320.0000000588833,99.99999993140499,-100.00000052593634,99.99999999827772,-100.00000000000058,35.58102921328467,99.99999999696833,2.5561774918969604e-12,1.8749446439869644e-12,2.19912976717751e-12,-421.2383551154353,-421.2383555842579,526.5479444863322,-4.355578759884793e-07,-5.854384852455041e-07,7.317795223116264e-07,560.9551190420059,1393.223146737764,1741.5289335038613,-1.3863915251384147,-0.4721266188629831,0.3452056862651438,-0.21775544872708788,-0.49273396387335655,-0.10174037366348762,-2.288443233835469,-0.5659169430994422,0.8252137056476219,-0.057815733121980406,1.9051773992422356,0.2615155588132705,-1.5075624818651518,-0.613437285058619,-0.07080308937962342,-1.5075624818651518,-0.613437285058619,-0.07080308937962342,-1.5075624818651518,-0.613437285058619,-0.07080308937962342,-1.5075624818651518,-0.613437285058619,-0.07080308937962342,-4.691570532870192,0.7798091242339968,1.0400050251335529,-4.691570532870192,0.7798091242339968,1.0400050251335529,-4.691570532870192,0.7798091242339968,1.0400050251335529,-4.691570532870192,0.7798091242339968,1.0400050251335529,0.0,0.0,16.93735187365385,180.47934931261995,-1.5075624818651518,-0.613437285058619,-0.07080308937962342,-4.691570532870192,0.7798091242339968,1.0400050251335529,2.3514330457658987,-0.0899644826393704,-1.4379413917006558,8.539274479189137,11.904103313538446,-18.21690704924893
4.398,1,1,1,1,-0.30000000000000004,1.0012827159713748e-21,0.49999999999999994,2.7755575615628914e-14,0.0,0.0,0.46534241327509474,-0.0,0.0,-0.39157668472696405,0.0,0.0,0.3285,0.19164302,-0.012182209999999971,0.3285,-0.19164302,-0.012182209999999971,-0.3285,0.19164302,-0.012182209999999971,-0.3285,-0.19164302,-0.012182209999999971,0.0,0.0,0.0,0.0,0.0,0.0,0.0,0.0,0.0,0.0,0.0,0.0,-38.74901946966122,38.749019469660674,77.49803893932226,-38.749019469661384,38.74901946966018,77.49803893932113,-38.74901946966083,38.749019469662194,77.49803893932108,-38.749019469661455,38.749019469661704,77.49803893932108,0.2626999999999995,0.002,0.9304000000000003,0.0,0.0,0.0,0.0,-0.0,0.0,0.0,0.0,0.0,0.0,0.0,0.0,7.257871553099573,-0.685271302134252,3.5316317857917805,36.13780454808638,-199.99999944675113,-46.97738471545858,27.98971420680338,-106.28370060828463,0.357393922133862,-120.27126105902822,-153.26857182811128,-320.0000000877227,99.99999999595765,-100.00000001053303,100.00000000363751,-100.00000000001329,-26.521276835690667,-100.00000000000001,18.292854314373074,-18.29285487016935,22.866068588787925,153.26833403797949,-153.26833403781671,191.58541754783832,-7.748521682060527e-07,3.3935908305693374e-07,7.345118433477182e-07,495.7264368319049,1132.4863051057307,1415.6078837677323,-1.3949653558792485,-0.4755356309014285,0.34841227144595144,-0.275544631513842,-0.39496010581956337,-0.03742117576977927,-2.218885962341372,-0.5863424885229269,0.8305647952935162,2.3071306765438453,3.5101961920546043,-0.6333029662284495,-1.4757465114163586,-0.6067096068823633,-0.04588496761793463,-1.4757465114163586,-0.6067096068823633,-0.04588496761793463,-1.4757465114163586,-0.6067096068823633,-0.04588496761793463,-1.4757465114163586,-0.6067096068823633,-0.04588496761793463,8.248070264957084,11.072156537042638,-4.923387460505802,8.248070264957084,11.072156537042638,-4.923387460505802,8.248070264957084,11.072156537042638,-4.923387460505802,8.248070264957084,11.072156537042638,-4.923387460505802,0.0,0.0,0.0,115.31827931582181,-1.4757465114163586,-0.6067096068823633,-0.04588496761793463,8.248070264957084,11.072156537042638,-4.923387460505802,2.0468268859678096,-0.10299568061759112,-0.883143993637111,-32.656228997977585,20.14479482394875,-9.794681603019736
4.418,1,1,1,1,-0.30000000000000004,1.0012827159713748e-21,0.49999999999999994,0.0,0.0,0.0,0.45717916569712586,-0.0,0.0,-0.4217488178175885,0.0,0.0,0.3285,0.19164302,-0.012182209999999971,0.3285,-0.19164302,-0.012182209999999971,-0.3285,0.19164302,-0.012182209999999971,-0.3285,-0.19164302,-0.012182209999999971,0.0,0.0,0.0,0.0,0.0,0.0,0.0,0.0,0.0,0.0,0.0,0.0,-38.74901946966128,38.74901946966069,77.4980389393223,-38.74901946966144,38.74901946966024,77.49803893932125,-38.74901946966083,38.749019469662244,77.49803893932109,-38.749019469661526,38.74901946966173,77.49803893932115,0.2626999999999995,0.002,0.9304000000000003,0.0,0.0,0.0,0.0,-0.0,0.0,0.0,0.0,0.0,0.0,0.0,0.0,22.330671396392464,-13.522548398091583,-4.544318546113755,25.395563360532694,-200.0000002506397,-47.59031245306752,104.50004791420683,-199.99999998113776,91.59153303288258,-67.33785472684039,-135.37183515270976,-320.0000013256376,100.00000000000007,-99.99999989527898,100.00000000000075,-99.99999541147238,-99.99999999999996,-99.99999672760843,-25.394988000093306,-25.394995227024424,31.74374403378158,175.136179630642,-175.13618693665242,218.92023121571316,175.54280413799484,175.54280999372426,219.42850684006305,529.54499840098,928.8799267324273,1161.099908415534,-1.4042467962458935,-0.4794015776580507,0.35165919150135855,-0.30253155401752635,-0.45529449858061977,-0.08478780346579139,-2.1685425892961785,-0.6062492007530247,0.8229232115407776,0.6958703502024839,0.8757391782952044,0.7761676614707842,-1.470260591818337,-0.6049375435044586,-0.03382754357355029,-1.470260591818337,-0.6049375435044586,-0.03382754357355029,-1.470260591818337,-0.6049375435044586,-0.03382754357355029,-1.470260591818337,-0.6049375435044586,-0.03382754357355029,6.374045298365719,8.729646819379758,-4.448352641782718,6.374045298365719,8.729646819379758,-4.448352641782718,6.374045298365719,8.729646819379758,-4.448352641782718,6.374045298365719,8.729646819379758,-4.448352641782718,0.0,0.0,0.0,78.54169915606599,-1.470260591818337,-0.6049375435044586,-0.03382754357355029,6.374045298365719,8.729646819379758,-4.448352641782718,1.4543311644145898,-0.13256744525192565,-0.7481762362465019,-28.826963573328108,-4.316394612838064,6.218602539576013
4.438,1,1,1,1,-0.30000000000000004,1.0012827159745302e-21,0.49999999999999994,2.7755575615628914e-14,0.0,0.0,0.4484117070017904,-0.0,0.0,-0.45197421347009503,0.0,0.0,0.3285,0.19164302,-0.012182209999999971,0.3285,-0.19164302,-0.012182209999999971,-0.3285,0.19164302,-0.012182209999999971,-0.3285,-0.19164302,-0.012182209999999971,0.0,0.0,0.0,0.0,0.0,0.0,0.0,0.0,0.0,0.0,0.0,0.0,-38.749019469661285,38.74901946966068,77.49803893932229,-38.74901946966143,38.74901946966024,77.49803893932123,-38.74901946966082,38.74901946966229,77.49803893932113,-38.749019469661505,38.749019469661725,77.49803893932112,0.2626999999999995,0.002,0.9304000000000003,1.3877787807814457e-14,0.0,0.0,0.0,-0.0,0.0,0.0,0.0,0.0,0.0,0.0,0.0,-41.22834412479115,-166.2335236531802,0.7347717367622546,-200.00000000000375,-199.99999999997993,0.6823676083617467,167.45791351291368,-200.00000000004755,114.49828655547361,-126.16240641697478,-108.14319934402158,319.99999999977047,-100.00000000013233,100.00000013196771,-99.99999968310895,100.00000000030016,86.39887029902623,99.99999999999999,-1.243857532074276e-08,-1.2070853982207804e-08,1.524501789985572e-08,-9.36209807594901e-11,-1.1443115858090352e-09,1.3157814247877209e-10,-188.36278639387177,188.36278658029983,235.45348335074456,-660.3892774078641,-660.3892774076749,825.4865967610214,-1.411172128870706,-0.48847038211026633,0.3573857924315265,-0.31207855262311546,-0.35078863394771254,-0.600624693227475,-2.200683245609551,-0.6271762518640175,0.8140809944620175,0.4008739301490257,0.4156342088874218,1.2264384893449092,-1.4663499543870229,-0.5819046633981886,-0.03142576268776245,-1.4663499543870229,-0.5819046633981886,-0.03142576268776245,-1.4663499543870229,-0.5819046633981886,-0.03142576268776245,-1.4663499543870229,-0.5819046633981886,-0.03142576268776245,-0.9414107873097857,-13.487171564717567,5.758685332672119,-0.9414107873097857,-13.487171564717567,5.758685332672119,-0.9414107873097857,-13.487171564717567,5.758685332672119,-0.9414107873097857,-13.487171564717567,5.758685332672119,0.0,0.0,0.0,0.0,-1.4663499543870229,-0.5819046633981886,-0.03142576268776245,-0.9414107873097857,-13.487171564717567,5.758685332672119,1.3692261887638648,0.029016175519662735,-0.4996393589388453,37.7415589453036,26.05356952821281,-20.293784335956246
4.458,1,1,1,1,-0.30000000000000004,1.0012827159682194e-21,0.49999999999999994,0.0,0.0,0.0,0.4390401745395188,-0.0,0.0,-0.48214410974671573,0.0,0.0,0.3285,0.19164302,-0.012182209999999971,0.3285,-0.19164302,-0.012182209999999971,-0.3285,0.19164302,-0.012182209999999971,-0.3285,-0.19164302,-0.012182209999999971,0.0,0.0,0.0,0.0,0.0,0.0,0.0,0.0,0.0,0.0,0.0,0.0,-38.749019469661334,38.7490194696607,77.4980389393223,-38.749019469661455,38.74901946966029,77.49803893932129,-38.74901946966086,38.749019469662336,77.49803893932119,-38.74901946966154,38.74901946966173,77.4980389393211,0.2626999999999995,0.002,0.9304000000000003,0.0,0.0,0.0,0.0,-0.0,0.0,0.0,0.0,0.0,0.0,0.0,0.0,4.09442664569729,-23.17374987354109,-0.3974224631317363,5.816504321848171,-200.00000004305133,-114.01036893248768,21.061176987724874,-17.082567647841785,-0.026632549254511577,-132.07559495061315,-199.9999995459292,-104.5239021762852,-99.9999999900156,-100.00000000004982,99.99999999999943,-99.99999887797676,-34.365116135055295,99.99999968994281,-1.004809022653319e-07,-1.0711710674016217e-07,1.3389588593426538e-07,286.3217422959698,286.32174147637295,357.9021770279943,-1.9078403568073554e-07,-1.9069470869048644e-07,2.3838802576392482e-07,-401.6128040110406,401.61280552759763,502.01600501381154,-1.4165224589974308,-0.49586822013846615,0.36140880670121805,-0.19393370844544622,-0.26667383718035886,0.0013347618900191316,-2.1711727282221913,-0.6507186410890758,0.8211391770593364,0.4117555172400207,2.25230402619856,-0.30437881563070496,-1.4641117809855901,-0.5488307517885334,-0.008030903076182483,-1.4641117809855901,-0.5488307517885334,-0.008030903076182483,-1.4641117809855901,-0.5488307517885334,-0.008030903076182483,-1.4641117809855901,-0.5488307517885334,-0.008030903076182483,-13.867752795490617,1.1597430049133628,3.936456220898786,-13.867752795490617,1.1597430049133628,3.936456220898786,-13.867752795490617,1.1597430049133628,3.936456220898786,-13.867752795490617,1.1597430049133628,3.936456220898786,0.0,1002.9908748597834,0.0,0.0,-1.4641117809855901,-0.5488307517885334,-0.008030903076182483,-13.867752795490617,1.1597430049133628,3.936456220898786,1.6122718672145022,-0.27507426187511275,-0.5548378935806828,19.20479125469005,-4.450160335764494,31.59694187406414
4.478,1,1,1,1,-0.3,1.001282715965064e-21,0.49999999999999994,0.0,0.0,0.0,0.42906683943047247,-0.0,0.0,-0.5121535146211191,0.0,0.0,0.3285,0.19164302,-0.012182209999999971,0.3285,-0.19164302,-0.012182209999999971,-0.3285,0.19164302,-0.012182209999999971,-0.3285,-0.19164302,-0.012182209999999971,0.0,0.0,0.0,0.0,0.0,0.0,0.0,0.0,0.0,0.0,0.0,0.0,-38.74901946966131,38.74901946966068,77.49803893932229,-38.74901946966151,38.749019469660276,77.4980389393213,-38.749019469660844,38.7490194696624,77.4980389393212,-38.74901946966165,38.74901946966182,77.49803893932122,0.2626999999999995,0.002,0.9304000000000003,0.0,0.0,0.0,0.0,-0.0,0.0,0.0,0.0,0.0,0.0,0.0,0.0,145.73105911041904,199.99999996088187,320.00000000000983,-189.83744916713636,-199.99999999277784,319.99999992750156,200.00000000760846,199.99999984602226,133.92875550827654,-95.19408359444773,-199.9999999998192,0.7843693178191361,100.00000000000001,-100.00000001360998,-99.99999998702881,100.0000000016128,100.00000000000007,-63.69664967805524,-1499.41196113765,1169.8943095587358,1874.2649513797733,867.6369619050388,-1643.8502680854353,2054.8128346516687,-741.567139540565,-649.0829987560867,926.958925056364,-5.06816810741384e-13,1.3305412327468957e-11,5.437872374614017e-13,-1.4227805946115717,-0.49551134666350644,0.3608821487179828,-0.17823264208124648,-0.1663753747726228,0.2109710659707377,-2.12361895412518,-0.6691107435997478,0.8340397766209089,0.8854416929806508,2.8459560165680715,-0.6799234693651444,-1.467712850582851,-0.5198860790511852,0.02042814395037986,-1.467712850582851,-0.5198860790511852,0.02042814395037986,-1.467712850582851,-0.5198860790511852,0.02042814395037986,-1.467712850582851,-0.5198860790511852,0.02042814395037986,5.1833847428293005,8.172580268283893,-2.015030446507393,5.1833847428293005,8.172580268283893,-2.015030446507393,5.1833847428293005,8.172580268283893,-2.015030446507393,5.1833847428293005,8.172580268283893,-2.015030446507393,0.0,1084.5067488493225,0.0,0.0,-1.467712850582851,-0.5198860790511852,0.02042814395037986,5.1833847428293005,8.172580268283893,-2.015030446507393,1.9538134408308925,-0.7116208952525702,-0.47137980607209096,-23.34731454369298,11.137292699177411,-6.102654866397591
4.498,1,1,1,1,-0.30000000000000004,3.5135982240459205e-22,0.5,0.0,-3.249614467786583e-19,2.7755575613726563e-14,0.418496031166319,-0.0,0.0,-0.5419012059778218,0.0,0.0,0.3285,0.19164302,-0.012182209999999971,0.3285,-0.19164302,-0.012182209999999971,-0.3285,0.19164302,-0.012182209999999971,-0.3285,-0.19164302,-0.012182209999999971,0.0,0.0,0.0,0.0,0.0,0.0,0.0,0.0,0.0,0.0,0.0,0.0,-38.74901946966136,38.749019469660695,77.49803893932234,-38.749019469661505,38.749019469660276,77.49803893932129,-38.7490194696609,38.74901946966247,77.49803893932126,-38.74901946966167,38.74901946966182,77.49803893932122,0.2626999999999995,0.002,0.9304000000000003,0.0,0.0,-5.551115123125783e-14,0.0,-0.0,0.0,0.0,0.0,0.0,0.0,0.0,0.0,-30.242829195668605,25.91628787720903,130.92734185693323,-19.64440853988998,-199.99999999393376,-1.5480335750431027,18.813966142086002,199.99999992026494,72.90015528777248,-200.00000000701476,195.587921580186,-14.533981467712325,99.99999999984703,-100.00000003125348,99.99999998587418,-99.99999999998776,92.77154266583646,-73.69382616580869,-500.18352437365,500.1835242509458,625.2294053131368,8.883902893330742e-07,-8.893954515087898e-07,1.1092272984569718e-06,-50.75954032220589,290.8805331200705,363.60067641465844,-1174.7525888437508,1174.7525923947258,1468.440739001015,-1.4287658058568515,-0.49353605237817044,0.35696429597666546,-0.22741096719484488,0.0029972317593875697,0.37438559560913504,-2.069383679377549,-0.6885927343530907,0.8461136345123987,1.1735651485606582,3.3752017947106165,-1.1278943972573117,-1.4606592961539842,-0.5158037974461028,0.0301658259062911,-1.4606592961539842,-0.5158037974461028,0.0301658259062911,-1.4606592961539842,-0.5158037974461028,0.0301658259062911,-1.4606592961539842,-0.5158037974461028,0.0301658259062911,0.8087848034865774,1.2636089486235924,0.154775008040402,0.8087848034865774,1.2636089486235924,0.154775008040402,0.8087848034865774,1.2636089486235924,0.154775008040402,0.8087848034865774,1.2636089486235924,0.154775008040402,0.0,1002.9908748597828,0.0,987.9363056904241,-1.4606592961539842,-0.5158037974461028,0.0301658259062911,0.8087848034865774,1.2636089486235924,0.154775008040402,1.7570346010176618,-0.5009661407085562,-0.17063263786680005,-3.9497371563123034,4.6755010032248805,-3.584031512556276
4.518,1,1,1,1,-0.30000000000000004,1.0012827159619086e-21,0.49999999999999994,-2.7755575615628914e-14,0.0,0.0,0.40733406221200935,-0.0,0.0,-0.5712897316128847,0.0,0.0,0.3285,0.19164302,-0.012182209999999971,0.3285,-0.19164302,-0.012182209999999971,-0.3285,0.19164302,-0.012182209999999971,-0.3285,-0.19164302,-0.012182209999999971,0.0,0.0,0.0,0.0,0.0,0.0,0.0,0.0,0.0,0.0,0.0,0.0,-38.74901946966147,38.749019469660716,77.49803893932241,-38.749019469661576,38.749019469660354,77.49803893932142,-38.749019469660915,38.74901946966252,77.49803893932123,-38.74901946966169,38.74901946966184,77.49803893932128,0.2626999999999995,0.002,0.9304000000000003,-1.3877787807814457e-14,0.0,0.0,0.0,-0.0,0.0,0.0,0.0,0.0,0.0,0.0,0.0,-7.706959850919166,-44.57724523035655,18.788544622835186,-8.282837877308312,-200.0000000000001,-1.5163422122311925,17.993354125895863,200.00000003311393,-51.96222400531335,-145.84673667709467,199.99999999737247,-95.43690767997529,99.99999999998877,-99.99999996789269,100.00000000000239,-99.99999999999979,-10.746191519356856,11.252012997024446,-116.21991951379538,116.21991971302707,145.27489933508645,-7.647940947208554e-09,-7.684448632971908e-09,9.607482809315115e-09,524.5351640229316,719.8137904107139,899.7672380467726,-799.2793458028146,799.2793455769091,999.0991822534545,-1.434498507579762,-0.4891869827276723,0.34970381371517395,-0.2578553744905087,0.10490122772976851,0.45033550872832073,-1.99926916988721,-0.702931567281334,0.8570596317129564,1.4121787094793588,2.9691961548719874,-1.921417584048156,-1.4629793166515683,-0.5249397227134798,0.034724869623418274,-1.4629793166515683,-0.5249397227134798,0.034724869623418274,-1.4629793166515683,-0.5249397227134798,0.034724869623418274,-1.4629793166515683,-0.5249397227134798,0.034724869623418274,-9.69323363984564,-7.020658355231418,2.5296146118457816,-9.69323363984564,-7.020658355231418,2.5296146118457816,-9.69323363984564,-7.020658355231418,2.5296146118457816,-9.69323363984564,-7.020658355231418,2.5296146118457816,0.0,1002.9908748597852,0.0,987.9363056904223,-1.4629793166515683,-0.5249397227134798,0.034724869623418274,-9.69323363984564,-7.020658355231418,2.5296146118457816,2.304679791258093,-0.7406957850204644,-0.33168367473045945,28.61235615406334,2.19155198594943,23.866432027405963
4.538,1,1,1,1,-0.30000000000000004,1.0012827159619086e-21,0.49999999999999994,0.0,0.0,0.0,0.3955891526075532,-0.0,0.0,-0.6002254092332856,0.0,0.0,0.3285,0.19164302,-0.012182209999999971,0.3285,-0.19164302,-0.012182209999999971,-0.3285,0.19164302,-0.012182209999999971,-0.3285,-0.19164302,-0.012182209999999971,0.0,0.0,0.0,0.0,0.0,0.0,0.0,0.0,0.0,0.0,0.0,0.0,-38.749019469661455,38.749019469660674,77.49803893932238,-38.749019469661576,38.749019469660375,77.49803893932142,-38.74901946966095,38.74901946966254,77.49803893932125,-38.74901946966177,38.74901946966188,77.49803893932135,0.2626999999999995,0.002,0.9304000000000003,-1.3877787807814457e-14,0.0,0.0,0.0,-0.0,0.0,0.0,0.0,0.0,0.0,0.0,0.0,-6.74797119124849,-42.12674881613461,-0.17384829958139927,21.7097082892334,-200.00000000762523,-1.4799721132710382,77.47334784103032,-200.0000000001622,-135.85401399144098,-69.20994074367528,-41.89039878367139,-186.0438770352152,99.99999999986728,-99.99999999350608,100.00000000652355,-100.00000000000148,-80.44066443352513,-99.99999935229368,-4.3013121953094924e-07,4.75361474627789e-07,1.9648832676466554e-06,2.53092387936249e-07,-2.0581593318524938e-06,3.1729664584645434e-07,275.5303027084149,-209.88579563971751,344.4128780490198,-166.71650634129222,477.2372542018933,596.5465677523285,-1.440305876566533,-0.4856791152328395,0.34480726233469705,-0.1615937288736477,-0.02303287532469711,0.31947956182238774,-1.9447502262072618,-0.6984093435045153,0.8695152546242029,1.102206907345265,1.484765039505988,-1.9276378066470086,-1.4401979985508462,-0.4997926523370239,0.0067080077873416695,-1.4401979985508462,-0.4997926523370239,0.0067080077873416695,-1.4401979985508462,-0.4997926523370239,0.0067080077873416695,-1.4401979985508462,-0.4997926523370239,0.0067080077873416695,-0.8758709260340023,9.127174295629345,-1.2209509183510088,-0.8758709260340023,9.127174295629345,-1.2209509183510088,-0.8758709260340023,9.127174295629345,-1.2209509183510088,-0.8758709260340023,9.127174295629345,-1.2209509183510088,0.0,1002.9908748597873,0.0,987.9363056904203,-1.4401979985508462,-0.4997926523370239,0.0067080077873416695,-0.8758709260340023,9.127174295629345,-1.2209509183510088,1.743062035152588,-0.3416936097077823,0.10465625194992689,-28.117582706158952,2.1881691778721954,1.0915671886785927
4.558,1,1,1,1,-0.30000000000000004,1.0012827159619086e-21,0.49999999999999994,0.0,0.0,0.0,0.3832713545697962,-0.0,0.0,-0.6286183264572804,0.0,0.0,0.3285,0.19164302,-0.012182209999999971,0.3285,-0.19164302,-0.012182209999999971,-0.3285,0.19164302,-0.012182209999999971,-0.3285,-0.19164302,-0.012182209999999971,0.0,0.0,0.0,0.0,0.0,0.0,0.0,0.0,0.0,0.0,0.0,0.0,-38.74901946966144,38.74901946966067,77.49803893932237,-38.74901946966155,38.7490194696604,77.49803893932142,-38.74901946966099,38.749019469662585,77.49803893932125,-38.74901946966185,38.74901946966191,77.4980389393214,0.2626999999999995,0.002,0.9304000000000003,0.0,0.0,0.0,0.0,-0.0,0.0,0.0,0.0,0.0,0.0,0.0,0.0,-4.439594743713544,-23.3666031636619,-0.26843060324989243,-16.93655690738061,-200.00000000516403,61.89900916987695,18.099461799418307,-12.410435365697369,0.46952925236793863,87.91534866209938,-139.69012743669015,-320.0000000583091,99.99999999965279,-99.99999965758272,100.00000000316678,-99.99999641703702,-99.9999999999698,-80.02244754839627,6.175404987374122e-07,1.6891556242626393e-06,7.712513365731866e-07,257.2604232852707,-257.26042434721893,321.57553043423513,-8.113893223971047e-08,-8.060544587351615e-08,1.015292525607947e-07,230.37401042794403,573.5201569859055,716.9001962326136,-1.446973951892894,-0.4837167083600618,0.3418828124782463,-0.23974027456297986,-0.14967527672797126,0.33787017367482897,-1.9096451235829832,-0.6942938981083426,0.8781664027846663,0.7822991102378546,1.1900635635629355,-1.273474224244779,-1.44880402640042,-0.5155440516690359,0.02496249588172965,-1.44880402640042,-0.5155440516690359,0.02496249588172965,-1.44880402640042,-0.5155440516690359,0.02496249588172965,-1.44880402640042,-0.5155440516690359,0.02496249588172965,-4.67301687293343,2.5825763049216954,0.006605550864263732,-4.67301687293343,2.5825763049216954,0.006605550864263732,-4.67301687293343,2.5825763049216954,0.006605550864263732,-4.67301687293343,2.5825763049216954,0.006605550864263732,0.0,1002.9908748597854,0.0,987.9363056904264,-1.44880402640042,-0.5155440516690359,0.02496249588172965,-4.67301687293343,2.5825763049216954,0.006605550864263732,1.3664404559930632,-0.7420908968821058,-0.2150802116078867,-26.962548850646698,-23.135153914212644,16.34460322100756
4.578,1,1,1,1,-0.30000000000000004,1.0012827159619086e-21,0.49999999999999994,0.0,0.0,0.0,0.37039247709419587,-0.0,0.0,-0.6563823408143431,0.0,0.0,0.3285,0.19164302,-0.012182209999999971,0.3285,-0.19164302,-0.012182209999999971,-0.3285,0.19164302,-0.012182209999999971,-0.3285,-0.19164302,-0.012182209999999971,0.0,0.0,0.0,0.0,0.0,0.0,0.0,0.0,0.0,0.0,0.0,0.0,-38.749019469661484,38.74901946966071,77.49803893932233,-38.74901946966154,38.74901946966041,77.49803893932145,-38.74901946966101,38.74901946966263,77.49803893932132,-38.749019469661874,38.74901946966192,77.49803893932143,0.2626999999999995,0.002,0.9304000000000003,0.0,0.0,-5.551115123125783e-14,0.0,-0.0,0.0,0.0,0.0,0.0,0.0,0.0,0.0,-156.79439041562912,-136.93263161049475,47.81198942217002,-93.6950787251242,-199.9999999829003,142.53496447184415,145.2028702537403,-23.516185625964475,0.6547919698705964,85.90182678326188,-199.9999998043415,-319.9999957442384,100.00000000000195,-99.99999981677632,100.00000008102516,-99.99999999999996,-100.00000000000038,77.1588199477984,-731.9034296015263,731.9034330811212,914.8792870018642,581.4644541322059,-581.4644503988457,726.8305657451685,2.0474888145827208e-05,1.8728813511614817e-05,2.623319090844234e-05,-309.3092311048579,763.3091086861284,954.1363858576714,-1.4565677387085083,-0.48375844461858153,0.34029576245118237,-0.3751026851366847,-0.3787607168105451,0.18092837812134915,-1.8905214193311322,-0.6963718773656274,0.8775675988545386,-0.2624220470631372,-0.48294721938569224,0.46001357627622597,-1.4704642474460288,-0.526606980688262,0.03327946212398377,-1.4704642474460288,-0.526606980688262,0.03327946212398377,-1.4704642474460288,-0.526606980688262,0.03327946212398377,-1.4704642474460288,-0.526606980688262,0.03327946212398377,-3.4271022736795316,1.5227044208732812,0.5430152135479455,-3.4271022736795316,1.5227044208732812,0.5430152135479455,-3.4271022736795316,1.5227044208732812,0.5430152135479455,-3.4271022736795316,1.5227044208732812,0.5430152135479455,0.0,585.5473138127629,24.372424828592436,991.0641202387568,-1.4704642474460288,-0.526606980688262,0.03327946212398377,-3.4271022736795316,1.5227044208732812,0.5430152135479455,1.4538492950798911,-1.0350442654547365,-0.9787427142117254,-16.009510681221855,-20.41134119854393,8.22348296504763
4.598,1,1,1,1,-0.3,1.001282715958753e-21,0.49999999999999994,2.7755575615628914e-14,0.0,0.0,0.3569660105565979,-0.0,0.0,-0.6834350797450752,0.0,0.0,0.3285,0.19164302,-0.012182209999999971,0.3285,-0.19164302,-0.012182209999999971,-0.3285,0.19164302,-0.012182209999999971,-0.3285,-0.19164302,-0.012182209999999971,0.0,0.0,0.0,0.0,0.0,0.0,0.0,0.0,0.0,0.0,0.0,0.0,-38.74901946966149,38.74901946966068,77.49803893932234,-38.74901946966151,38.74901946966041,77.49803893932142,-38.749019469661,38.74901946966263,77.49803893932133,-38.74901946966189,38.74901946966196,77.49803893932148,0.2626999999999995,0.002,0.9304000000000003,0.0,0.0,0.0,0.0,-0.0,0.0,0.0,0.0,0.0,0.0,0.0,0.0,-179.48221769475424,-199.99999974240194,73.96492070022359,-29.63123619771716,-200.00000003597694,58.81171640185047,63.06071566386957,44.67728955399412,77.5100487756457,-67.06578218859278,-199.99999997858862,-320.0000001499872,100.0000000522803,-99.99999975300112,99.99999995780756,-100.00000000008882,99.99999991814369,99.99999978738278,-1053.0429542966915,1053.0429548324198,1316.303693540525,324.25454146176025,-324.25454011178795,405.3181751397342,-639.706510661732,-650.6436687986713,813.3045857026436,-1777.9457051455413,374.9658965504668,2222.4321305862536,-1.4687222519031338,-0.488869414260353,0.34159177565302884,-0.4061137868337432,-0.5878674219801721,0.19655795983514188,-1.9047391701567902,-0.6961956140285482,0.8692861412454382,0.27988582196407663,-0.12919464664467978,-0.19344387602143875,-1.4888616464293116,-0.5115427086662346,0.04374698431188472,-1.4888616464293116,-0.5115427086662346,0.04374698431188472,-1.4888616464293116,-0.5115427086662346,0.04374698431188472,-1.4888616464293116,-0.5115427086662346,0.04374698431188472,-5.067891027569504,2.296489586270961,0.32475431194063803,-5.067891027569504,2.296489586270961,0.32475431194063803,-5.067891027569504,2.296489586270961,0.32475431194063803,-5.067891027569504,2.296489586270961,0.32475431194063803,0.0,441.44098662691295,0.0,1026.3501213104305,-1.4888616464293116,-0.5115427086662346,0.04374698431188472,-5.067891027569504,2.296489586270961,0.32475431194063803,2.5891632341129664,-1.1491505879784532,-1.6071129099172357,34.125039708880905,4.105246499232713,-0.7480260035967312
4.618,1,1,1,1,-0.30000000000000004,1.001282715958753e-21,0.49999999999999994,0.0,0.0,0.0,0.3430070513150119,-0.0,0.0,-0.7096979406013032,0.0,0.0,0.3285,0.19164302,-0.012182209999999971,0.3285,-0.19164302,-0.012182209999999971,-0.3285,0.19164302,-0.012182209999999971,-0.3285,-0.19164302,-0.012182209999999971,0.0,0.0,0.0,0.0,0.0,0.0,0.0,0.0,0.0,0.0,0.0,0.0,-38.74901946966148,38.7490194696607,77.49803893932241,-38.749019469661555,38.74901946966048,77.49803893932145,-38.749019469661015,38.74901946966266,77.49803893932135,-38.74901946966194,38.74901946966199,77.49803893932149,0.2626999999999995,0.002,0.9304000000000003,0.0,0.0,0.0,0.0,-0.0,0.0,0.0,0.0,0.0,0.0,0.0,0.0,200.00000270625642,199.99999999806425,320.00000000015996,-199.9999999525811,-8.841640850454155,-320.000000000017,199.99999999992855,-199.999999982335,320.0000000011308,-199.99999956357465,199.9999999999973,-320.00000008561017,100.00000000076936,99.99999999998941,-99.99999958621748,99.99999999976346,99.99999656633972,99.99999999999999,-393.9676799801849,661.3387348795717,1282.2655778647236,-362.8160051995677,1292.852551187543,1616.0656905646501,1085.6564547764935,876.803291744804,1357.0705684616194,1903.4549745892666,797.97956567593,2379.318722134456,-1.4814903019179564,-0.495115887199694,0.3421194812193507,-0.4729116630374261,-0.3522899287098272,-0.10189603125768394,-1.882364485909152,-0.67876564573497,0.8727952921111932,-0.5259639691279343,-1.6255439054979592,0.3480436529520213,-1.4668333219120246,-0.5073580596111469,0.045155905720660555,-1.4668333219120246,-0.5073580596111469,0.045155905720660555,-1.4668333219120246,-0.5073580596111469,0.045155905720660555,-1.4668333219120246,-0.5073580596111469,0.045155905720660555,6.48924255066014,-2.4743636359919887,0.40242606004913684,6.48924255066014,-2.4743636359919887,0.40242606004913684,6.48924255066014,-2.4743636359919887,0.40242606004913684,6.48924255066014,-2.4743636359919887,0.40242606004913684,0.0,369.79919975080804,0.0,987.9363056904249,-1.4668333219120246,-0.5073580596111469,0.045155905720660555,6.48924255066014,-2.4743636359919887,0.40242606004913684,2.3403078963946804,-1.0932877986933385,-0.6387829451798146,28.07283261830494,0.21839674916010665,-31.676624798738978
4.638,1,1,1,1,-0.30000000000000004,3.5135982241721376e-22,0.5,0.0,-3.2496144677550284e-19,2.7755575613726566e-14,0.3285322263113896,-0.0,0.0,-0.7350960906459172,0.0,0.0,0.3285,0.19164302,-0.012182209999999971,0.3285,-0.19164302,-0.012182209999999971,-0.3285,0.19164302,-0.012182209999999971,-0.3285,-0.19164302,-0.012182209999999971,0.0,0.0,0.0,0.0,0.0,0.0,0.0,0.0,0.0,0.0,0.0,0.0,-38.74901946966148,38.74901946966076,77.49803893932248,-38.74901946966163,38.74901946966051,77.49803893932149,-38.749019469661,38.74901946966271,77.49803893932139,-38.749019469661945,38.74901946966206,77.49803893932155,0.2626999999999995,0.002,0.9304000000000003,0.0,0.0,0.0,0.0,-0.0,0.0,0.0,0.0,0.0,0.0,0.0,0.0,200.00000002483728,168.76870563797962,319.9999999941311,-199.99999965935808,-199.99999999971772,-320.0000001495031,-20.255403690014855,199.99999940710927,-2.814429501875399,-200.00000009800257,200.00000000000813,-319.9999993253566,99.99999978000496,99.99999887433184,99.99999998516175,-100.00000000069664,-88.60133942318366,99.9999999999998,-1958.2816610081275,573.9099380620237,2447.852076446936,147.53098720995817,977.2061729950423,1842.4885142228984,5.831609889428435e-07,-4.179556506445081e-07,3.925673119908879e-09,-2330.771959539934,-1610.586567458022,5545.548672763221,-1.4813995373959883,-0.5030471149775108,0.3401630840589676,-0.17490115875279086,0.2483548415807837,-0.2717794268324979,-1.9080262539504895,-0.6732464565220264,0.9043552195578861,1.1307163372772138,3.2479506987326516,-5.117834968614002,-1.459236302699796,-0.49261381826514056,0.03715371356853933,-1.459236302699796,-0.49261381826514056,0.03715371356853933,-1.459236302699796,-0.49261381826514056,0.03715371356853933,-1.459236302699796,-0.49261381826514056,0.03715371356853933,4.438653502870014,-3.438456960057166,-0.47197814562953777,4.438653502870014,-3.438456960057166,-0.47197814562953777,4.438653502870014,-3.438456960057166,-0.47197814562953777,4.438653502870014,-3.438456960057166,-0.47197814562953777,0.0,242.85224635002928,0.0,987.9363056904248,-1.459236302699796,-0.49261381826514056,0.03715371356853933,4.438653502870014,-3.438456960057166,-0.47197814562953777,2.481031640599924,-0.7011889567133344,-0.12682895671393823,29.970823256310165,-5.845554222045594,-25.397003461094044
4.658,1,1,1,1,-0.30000000000000004,1.0012827159745302e-21,0.49999999999999994,0.0,0.0,0.0,0.3135596176733986,-0.0,0.0,-0.7595584670532989,0.0,0.0,0.3285,0.19164302,-0.012182209999999971,0.3285,-0.19164302,-0.012182209999999971,-0.3285,0.19164302,-0.012182209999999971,-0.3285,-0.19164302,-0.012182209999999971,0.0,0.0,0.0,0.0,0.0,0.0,0.0,0.0,0.0,0.0,0.0,0.0,-38.7490194696615,38.749019469660766,77.49803893932246,-38.749019469661604,38.74901946966049,77.49803893932148,-38.74901946966103,38.74901946966274,77.49803893932145,-38.749019469662024,38.74901946966208,77.49803893932159,0.2626999999999995,0.002,0.9304000000000003,0.0,0.0,0.0,0.0,-0.0,0.0,0.0,0.0,0.0,0.0,0.0,0.0,200.00000157214498,-199.9999996216353,-32.112275890915484,-84.32878980318387,-199.99999999998985,204.00287721026555,199.99999716613726,-179.34815446602988,47.94068975016118,-199.9999999999655,-200.0000000000589,-268.4484819021442,100.00000000096003,100.00000000014171,-99.99999999946286,-99.99999999998697,99.99999999999561,100.00000000000021,-293.12476918927706,-371.6958533549689,464.6198167140271,924.7205547921309,-924.7205508245055,1155.9006934972615,-251.31720315240756,-251.31719639376055,314.1465021726263,-1210.9271717599213,1210.9271738875636,1513.6589683723232,-1.4758048869550762,-0.5082867338623853,0.33755065979678744,-0.24845652994416412,0.0043904113350998475,-0.1476662184126964,-1.7857715691268599,-0.6452029892711761,0.9707370470131678,2.063654507139492,1.1350096772485576,-5.982000001163972,-1.4755701722738674,-0.44009108483451653,0.025094206102270217,-1.4755701722738674,-0.44009108483451653,0.025094206102270217,-1.4755701722738674,-0.44009108483451653,0.025094206102270217,-1.4755701722738674,-0.44009108483451653,0.025094206102270217,7.727815869975032,2.9792601903984366,0.2773910116488293,7.727815869975032,2.9792601903984366,0.2773910116488293,7.727815869975032,2.9792601903984366,0.2773910116488293,7.727815869975032,2.9792601903984366,0.2773910116488293,0.0,299.8281496965606,0.0,987.9363056904224,-1.4755701722738674,-0.44009108483451653,0.025094206102270217,7.727815869975032,2.9792601903984366,0.2773910116488293,2.7527492909336293,-0.3379402595423444,0.3942779877103413,20.71574931748608,-13.360622888734994,-34.49626547915811
4.678,1,1,1,1,-0.30000000000000004,1.0012827159745302e-21,0.49999999999999994,0.0,0.0,0.0,0.29810868731620094,-0.0,0.0,-0.7830177769085684,0.0,0.0,0.3285,0.19164302,-0.012182209999999971,0.3285,-0.19164302,-0.012182209999999971,-0.3285,0.19164302,-0.012182209999999971,-0.3285,-0.19164302,-0.012182209999999971,0.0,0.0,0.0,0.0,0.0,0.0,0.0,0.0,0.0,0.0,0.0,0.0,-38.74901946966153,38.749019469660766,77.49803893932246,-38.74901946966161,38.74901946966054,77.4980389393215,-38.74901946966113,38.74901946966282,77.49803893932153,-38.749019469662116,38.749019469662144,77.49803893932169,0.2626999999999995,0.002,0.9304000000000003,0.0,0.0,0.0,0.0,-0.0,0.0,0.0,0.0,0.0,0.0,0.0,0.0,43.50616009638809,199.99999999999952,111.07094299682909,-22.906057242560237,-199.99999999151947,0.11062664332536526,21.69272708999283,-45.05533298270647,-0.36592937695509725,-62.85515137804007,132.30504811377324,-319.99999981091753,99.99999998110327,-99.99999995887522,100.00000000774088,-100.0000000014036,91.97353218443914,-99.99999952129986,173.85423676837365,173.8542356815409,217.31779596678035,171.11073981482605,-171.1107421080181,213.88842506333754,-3.616374897319474e-07,3.860813464484636e-07,5.403949927540452e-07,352.92139954340945,617.4456189313597,771.8070244494846,-1.4829538256336723,-0.5109858431141956,0.33294320201275673,-0.4027206976383369,0.008469698820133265,0.3870114957080896,-1.7566872482728906,-0.6201510977852571,0.9883892802353877,0.39472862405554493,-0.7990629308475022,-0.5979928039448212,-1.5123654591892777,-0.40698109858250164,0.029462037270323836,-1.5123654591892777,-0.40698109858250164,0.029462037270323836,-1.5123654591892777,-0.40698109858250164,0.029462037270323836,-1.5123654591892777,-0.40698109858250164,0.029462037270323836,-3.3047309510668716,12.534430757678253,1.4244871776278045,-3.3047309510668716,12.534430757678253,1.4244871776278045,-3.3047309510668716,12.534430757678253,1.4244871776278045,-3.3047309510668716,12.534430757678253,1.4244871776278045,0.0,0.0,0.0,987.9363056904202,-1.5123654591892777,-0.40698109858250164,0.029462037270323836,-3.3047309510668716,12.534430757678253,1.4244871776278045,2.5724582038223494,-0.16107742163919236,0.6000978096639878,-33.83288269139833,-8.249148305807937,-18.173866308186717
4.698,1,1,1,1,-0.30000000000000004,1.0012827159745302e-21,0.49999999999999994,0.0,0.0,0.0,0.2822002015442276,-0.0,0.0,-0.8054104972085196,0.0,0.0,0.3285,0.19164302,-0.012182209999999971,0.3285,-0.19164302,-0.012182209999999971,-0.3285,0.19164302,-0.012182209999999971,-0.3285,-0.19164302,-0.012182209999999971,0.0,0.0,0.0,0.0,0.0,0.0,0.0,0.0,0.0,0.0,0.0,0.0,-38.74901946966155,38.749019469660816,77.49803893932251,-38.74901946966162,38.749019469660524,77.49803893932149,-38.74901946966115,38.74901946966285,77.49803893932156,-38.749019469662166,38.74901946966219,77.49803893932175,0.2626999999999995,0.002,0.9304000000000003,0.0,0.0,0.0,0.0,-0.0,0.0,0.0,0.0,0.0,0.0,0.0,0.0,-0.33734535588496456,-20.30007707629789,-0.449459863026191,13.893940259099125,-200.00000111942225,-66.64109911181669,36.315407921442684,-30.965407256914425,16.03241697885006,39.73725909119187,-199.99999999878634,-320.00000091804554,99.9999994071253,-100.00000003229886,100.00000000864713,-100.00000000031523,-100.00000000035902,-99.99999694595584,2.3305801732931286e-11,-1.4516388091578847e-11,2.1742607714259066e-11,299.64610181806864,-299.6461039440732,374.5576307657781,22.272241447264477,37.47652793515939,46.84565991896747,261.8778981844674,595.3044626572561,744.1305810665934,-1.4938520251299359,-0.5112570295220171,0.32440194065192257,-0.6015414060872677,0.13625621087837503,0.537385232519256,-1.7537137410361083,-0.6067614113028124,0.9869140214056993,0.3505894936872196,-0.18975074009124113,0.20072957885734402,-1.5365170194567819,-0.42572607208684904,0.011845506214754602,-1.5365170194567819,-0.42572607208684904,0.011845506214754602,-1.5365170194567819,-0.42572607208684904,0.011845506214754602,-1.5365170194567819,-0.42572607208684904,0.011845506214754602,-10.422030207576764,1.0035261527502284,1.2513929165517357,-10.422030207576764,1.0035261527502284,1.2513929165517357,-10.422030207576764,1.0035261527502284,1.2513929165517357,-10.422030207576764,1.0035261527502284,1.2513929165517357,0.0,0.0,0.0,987.9363056904224,-1.5365170194567819,-0.42572607208684904,0.011845506214754602,-10.422030207576764,1.0035261527502284,1.2513929165517357,2.0615926540120784,-0.32981187871568407,0.45080719393596913,-27.365345014660576,-3.4445714927172357,25.0383035849393
4.718,1,1,1,1,-0.30000000000000004,1.0012827159713746e-21,0.49999999999999994,0.0,0.0,0.0,0.265856155652956,-0.0,0.0,-0.826676874860658,0.0,0.0,0.3285,0.19164302,-0.012182209999999971,0.3285,-0.19164302,-0.012182209999999971,-0.3285,0.19164302,-0.012182209999999971,-0.3285,-0.19164302,-0.012182209999999971,0.0,0.0,0.0,0.0,0.0,0.0,0.0,0.0,0.0,0.0,0.0,0.0,-38.749019469661576,38.749019469660816,77.49803893932256,-38.74901946966162,38.74901946966052,77.49803893932148,-38.749019469661164,38.749019469662855,77.49803893932157,-38.74901946966219,38.749019469662194,77.49803893932176,0.2626999999999995,0.002,0.9304000000000003,0.0,0.0,0.0,0.0,-0.0,0.0,0.0,0.0,0.0,0.0,0.0,0.0,-0.8021607954204132,-27.428319744009773,-0.4007487440595208,-15.938527443626738,-199.9999999545362,-10.660252779346964,76.12648673942022,191.53349057645212,83.97139684181673,-56.41438431344355,-200.0000000000003,-319.99999991539,100.00000000000647,-99.99999999770017,100.00000000043285,-100.00000000000767,-99.999999998853,-1.0730357987127113,6.355289805526354e-08,-6.345734959722904e-08,7.941986268633627e-08,200.1842553669105,-200.18425500138406,250.23031875161445,259.70704753534085,259.7070476781115,324.63380941917796,-446.26527354538416,886.0795748664918,1107.5994685831292,-1.5069397560567217,-0.5111647787822988,0.3128866316716433,-0.619138890254979,0.18309302327736737,0.5943893502538465,-1.7385096730642502,-0.6145045075048803,0.9723753572833138,0.8948984427840916,1.5687699321252708,-0.5288990001659095,-1.551909000632181,-0.4469336987854673,0.02566518581340272,-1.551909000632181,-0.4469336987854673,0.02566518581340272,-1.551909000632181,-0.4469336987854673,0.02566518581340272,-1.551909000632181,-0.4469336987854673,0.02566518581340272,-7.989787667026241,-2.2958516521158563,1.809462690382283,-7.989787667026241,-2.2958516521158563,1.809462690382283,-7.989787667026241,-2.2958516521158563,1.809462690382283,-7.989787667026241,-2.2958516521158563,1.809462690382283,0.0,0.0,0.0,987.9363056904225,-1.551909000632181,-0.4469336987854673,0.02566518581340272,-7.989787667026241,-2.2958516521158563,1.809462690382283,1.6916502509062041,-0.784182514128315,0.08052310940030982,-19.439597528402388,-15.09820644462966,24.319861662872196
4.738,1,1,1,1,-0.30000000000000004,1.0012827159713746e-21,0.49999999999999994,0.0,0.0,0.0,0.24909969853068603,-0.0,0.0,-0.8467609266840275,0.0,0.0,0.3285,0.19164302,-0.012182209999999971,0.3285,-0.19164302,-0.012182209999999971,-0.3285,0.19164302,-0.012182209999999971,-0.3285,-0.19164302,-0.012182209999999971,0.0,0.0,0.0,0.0,0.0,0.0,0.0,0.0,0.0,0.0,0.0,0.0,-38.74901946966162,38.749019469660844,77.49803893932261,-38.74901946966162,38.74901946966051,77.49803893932145,-38.749019469661164,38.749019469662905,77.49803893932162,-38.74901946966218,38.749019469662215,77.49803893932182,0.2626999999999995,0.002,0.9304000000000003,0.0,0.0,0.0,0.0,-0.0,0.0,0.0,0.0,0.0,0.0,0.0,0.0,-11.379083618513112,-34.72813452857903,-0.35755243044061574,-2.6994360003117848,-200.00000001987016,72.56975254709104,28.308214444652943,-40.93729171080826,-0.43639533893537524,-139.73899522964575,-133.43743932972328,-319.99999883555466,100.0000000567811,-100.00000001180076,99.99999999612356,-99.99999999981243,99.99999809179175,100.0,4.0673760963727545e-06,-4.547473508864641e-13,1.1735323823813815e-10,323.3793151443945,-323.3793126437895,404.22414080497134,1.0594967623234197e-06,9.210989304619943e-07,1.3243250975847332e-06,698.1790733346091,1050.4095601792678,1313.011954953028,-1.5191795464983209,-0.5098628133439695,0.30199254555299576,-0.49900360974093755,0.24381183331987064,0.5221538588572978,-1.6680010571763804,-0.6287183739992318,0.9598679948302449,2.395730620733297,2.4882814343688398,-3.9650390158926134,-1.5695766371937956,-0.4648119935209762,0.03849097056545087,-1.5695766371937956,-0.4648119935209762,0.03849097056545087,-1.5695766371937956,-0.4648119935209762,0.03849097056545087,-1.5695766371937956,-0.4648119935209762,0.03849097056545087,-3.0956022187924286,-2.4197429455403796,0.9852466517812105,-3.0956022187924286,-2.4197429455403796,0.9852466517812105,-3.0956022187924286,-2.4197429455403796,0.9852466517812105,-3.0956022187924286,-2.4197429455403796,0.9852466517812105,0.0,0.0,0.0,987.9363056904251,-1.5695766371937956,-0.4648119935209762,0.03849097056545087,-3.0956022187924286,-2.4197429455403796,0.9852466517812105,2.8541854785806127,-1.073684655903926,-0.6743318398008897,30.517357451901088,-0.24895425721838693,3.324327600756993
4.758,1,1,1,1,-0.30000000000000004,1.0012827159729523e-21,0.49999999999999994,0.0,0.0,0.0,0.23195505726031626,-0.0,0.0,-0.8656104394086805,0.0,0.0,0.3285,0.19164302,-0.012182209999999971,0.3285,-0.19164302,-0.012182209999999971,-0.3285,0.19164302,-0.012182209999999971,-0.3285,-0.19164302,-0.012182209999999971,0.0,0.0,0.0,0.0,0.0,0.0,0.0,0.0,0.0,0.0,0.0,0.0,-38.74901946966166,38.74901946966092,77.4980389393227,-38.74901946966165,38.74901946966054,77.49803893932145,-38.74901946966121,38.749019469662905,77.49803893932163,-38.7490194696622,38.749019469662215,77.49803893932186,0.2626999999999995,0.002,0.9304000000000003,0.0,0.0,0.0,0.0,-0.0,0.0,0.0,0.0,0.0,0.0,0.0,0.0,-10.240981173301133,-16.380306219095726,-0.5235747993586061,-31.925846444662497,-199.9999996973541,19.182102152898874,71.47478982018276,111.5122118740829,65.68245703206489,-162.05459074707989,-143.76469297974654,-319.99999999993764,99.99999976303602,-100.00000052756518,99.99999998142107,-99.99999999725732,56.819369811005906,100.0,-6.492649688993879e-07,-8.127021260406764e-07,1.5500274912483292e-06,153.48595998742377,-153.48596034274402,191.85744998281064,191.46147631598444,191.46147997342197,239.32684495443368,549.8694376721734,1720.7592005299366,2150.9490006623932,-1.5262425537881072,-0.507640146988571,0.2939413256650261,-0.0785580081217316,0.11299039764191626,0.33520306060529975,-1.5601924976028148,-0.624870989067149,0.9700048899480596,1.2692443620534235,0.570247444753321,-3.180549425841483,-1.5653837539701017,-0.46455127559045245,0.04621526893117705,-1.5653837539701017,-0.46455127559045245,0.04621526893117705,-1.5653837539701017,-0.46455127559045245,0.04621526893117705,-1.5653837539701017,-0.46455127559045245,0.04621526893117705,-4.822546295275469,-5.992106707968541,1.0368223845178053,-4.822546295275469,-5.992106707968541,1.0368223845178053,-4.822546295275469,-5.992106707968541,1.0368223845178053,-4.822546295275469,-5.992106707968541,1.0368223845178053,0.0,0.0,0.0,987.936305690422,-1.5653837539701017,-0.46455127559045245,0.04621526893117705,-4.822546295275469,-5.992106707968541,1.0368223845178053,-2.991693969412874,-1.048592205058598,-0.507576006937495,26.336562239204028,6.254883455746275,15.732229754079027
4.7780000000000005,1,1,1,1,-0.30000000000000004,1.0012827159713746e-21,0.49999999999999994,0.0,0.0,0.0,0.2144474617211201,-0.0,0.0,-0.8831769696758738,0.0,0.0,0.3285,0.19164302,-0.012182209999999971,0.3285,-0.19164302,-0.012182209999999971,-0.3285,0.19164302,-0.012182209999999971,-0.3285,-0.19164302,-0.012182209999999971,0.0,0.0,0.0,0.0,0.0,0.0,0.0,0.0,0.0,0.0,0.0,0.0,-38.74901946966168,38.749019469660965,77.4980389393227,-38.74901946966159,38.7490194696605,77.49803893932145,-38.749019469661235,38.74901946966294,77.49803893932163,-38.74901946966227,38.7490194696623,77.49803893932197,0.2626999999999995,0.002,0.9304000000000003,0.0,0.0,0.0,0.0,-0.0,0.0,0.0,0.0,0.0,0.0,0.0,0.0,72.92045007880517,3.299753687084994,7.228866558392111,-25.987660725193933,-200.00000006748613,-35.92547398947746,31.47210312297441,41.59437065503565,21.516610598668674,-107.44592811678433,-199.99999999999983,-169.07395318886643,100.00000008035269,-100.00000004432809,100.00000000022473,-99.99999999759059,100.00000000001788,-99.99999999999999,60.5993707947263,-60.5993645081362,75.7492091540617,253.76500447571337,-253.76500540191356,317.2062592399711,65.80618245290256,65.8061824528064,82.25772806665383,761.3726012643408,761.3726016557421,951.7157520697298,-1.531377196748905,-0.5029731701247951,0.29431082091671507,0.10970133520664538,-0.02695530257846132,0.31876461330061606,-1.556403050562448,-0.6211251794320012,0.9838286817906925,-0.46394807152188705,-0.521711615797018,0.19908623641453682,-1.5522431989719594,-0.46916268338052364,0.03507212888511026,-1.5522431989719594,-0.46916268338052364,0.03507212888511026,-1.5522431989719594,-0.46916268338052364,0.03507212888511026,-1.5522431989719594,-0.46916268338052364,0.03507212888511026,4.329498940439361,9.8897831927419,-1.6336884619751693,4.329498940439361,9.8897831927419,-1.6336884619751693,4.329498940439361,9.8897831927419,-1.6336884619751693,4.329498940439361,9.8897831927419,-1.6336884619751693,0.0,0.0,0.0,987.9363056904278,-1.5522431989719594,-0.46916268338052364,0.03507212888511026,4.329498940439361,9.8897831927419,-1.6336884619751693,2.9940470263845063,-0.7514507479749654,0.22842460190555758,-27.269053320993972,-18.98190354756485,-23.72992634584691
4.798,1,1,1,1,-0.30000000000000004,3.513598223998584e-22,0.5,0.0,-6.499228935762492e-19,5.551115122745311e-14,0.19660306919052276,-0.0,0.0,-0.8994158440380942,0.0,0.0,0.3285,0.19164302,-0.012182209999999971,0.3285,-0.19164302,-0.012182209999999971,-0.3285,0.19164302,-0.012182209999999971,-0.3285,-0.19164302,-0.012182209999999971,0.0,0.0,0.0,0.0,0.0,0.0,0.0,0.0,0.0,0.0,0.0,0.0,-38.749019469661654,38.74901946966094,77.49803893932263,-38.74901946966163,38.74901946966052,77.49803893932152,-38.74901946966129,38.749019469663004,77.49803893932169,-38.74901946966229,38.74901946966233,77.49803893932203,0.2626999999999995,0.002,0.9304000000000003,0.0,0.0,0.0,0.0,-0.0,0.0,0.0,0.0,0.0,0.0,0.0,0.0,190.59795343979823,1.883341919423792,18.72503636375722,-20.844340596543756,-200.000000414775,-43.17860583203048,22.135109449489246,-16.73649979169846,-0.567006737554941,-73.1354642795859,-199.9999976790936,-94.07446061339111,99.99999995667872,-100.0000000199486,99.9999999982491,-99.99999999948574,-99.99999315223856,-99.99999959814191,151.43960793620968,-151.4396072934441,189.29950909502443,275.9110500477057,-275.9110534143895,344.8888167837916,7.173460936371612e-08,-1.2568612817176472e-11,4.368949646504916e-11,209.5455569887988,410.80594608795866,513.5074326339227,-1.5350335505284725,-0.4989173540859905,0.2967771174156606,0.13182079864626253,-0.08055756113758618,0.2108618562961593,-1.577301008767443,-0.6185456414026494,0.9885154058640306,-0.518651159200089,-0.5073040587514563,1.2618848815136778,-1.5465005073607898,-0.4644951583709962,0.013332695803035206,-1.5465005073607898,-0.4644951583709962,0.013332695803035206,-1.5465005073607898,-0.4644951583709962,0.013332695803035206,-1.5465005073607898,-0.4644951583709962,0.013332695803035206,0.7345450041435004,12.311794488162032,-1.6051078631739046,0.7345450041435004,12.311794488162032,-1.6051078631739046,0.7345450041435004,12.311794488162032,-1.6051078631739046,0.7345450041435004,12.311794488162032,-1.6051078631739046,0.0,0.0,0.0,987.9363056904223,-1.5465005073607898,-0.4644951583709962,0.013332695803035206,0.7345450041435004,12.311794488162032,-1.6051078631739046,2.1964278980878027,-0.2670676273267114,0.6124000594542468,-29.4751372317222,-4.135253917101785,-28.8169850581754
4.8180000000000005,1,1,1,1,-0.30000000000000004,1.0012827159776855e-21,0.49999999999999994,2.7755575615628914e-14,0.0,0.0,0.17844888894587657,-0.0,0.0,-0.9142861589590849,0.0,0.0,0.3285,0.19164302,-0.012182209999999971,0.3285,-0.19164302,-0.012182209999999971,-0.3285,0.19164302,-0.012182209999999971,-0.3285,-0.19164302,-0.012182209999999971,0.0,0.0,0.0,0.0,0.0,0.0,0.0,0.0,0.0,0.0,0.0,0.0,-38.74901946966168,38.74901946966095,77.49803893932261,-38.74901946966159,38.749019469660496,77.4980389393215,-38.74901946966138,38.7490194696631,77.49803893932182,-38.749019469662265,38.74901946966234,77.49803893932203,0.2626999999999995,0.002,0.9304000000000003,0.0,0.0,0.0,0.0,-0.0,0.0,0.0,0.0,0.0,0.0,0.0,0.0,59.48077253181089,199.99999995751864,161.40038342262847,-45.32896084122005,-199.9999999036833,26.691230874710413,22.810108394140062,-15.415573862347813,-0.5836290378296249,-82.65210667857158,-199.99999998855108,-214.8692746622339,99.99999999048083,-99.99999998901728,100.00000000488386,-100.00000000019327,75.76563330073093,-100.0,254.19376853815652,254.1937731006026,317.7422163773453,240.97753391924934,-240.97753012276831,301.22191266478274,-1.1174850211848053e-09,5.799643265635979e-10,7.297688009444414e-10,474.7951995173577,867.4339970577677,1084.2924963225869,-1.5365682006255075,-0.4952054476633139,0.2999476597157059,0.21737658219438916,0.0006802695450549706,0.27091120539350905,-1.6265452781696101,-0.620257606238178,0.9852810131598686,-0.5055223413074279,-0.24349736394209553,0.4951445671044885,-1.5409066793691983,-0.49541768212388576,0.02754532161796442,-1.5409066793691983,-0.49541768212388576,0.02754532161796442,-1.5409066793691983,-0.49541768212388576,0.02754532161796442,-1.5409066793691983,-0.49541768212388576,0.02754532161796442,-5.459043831170073,-0.49365329284469706,0.33620714469575064,-5.459043831170073,-0.49365329284469706,0.33620714469575064,-5.459043831170073,-0.49365329284469706,0.33620714469575064,-5.459043831170073,-0.49365329284469706,0.33620714469575064,0.0,0.0,0.0,987.9363056904253,-1.5409066793691983,-0.49541768212388576,0.02754532161796442,-5.459043831170073,-0.49365329284469706,0.33620714469575064,1.710170168642393,-0.5984685048600574,0.31691781437200883,-29.43565750128188,-16.297629052849235,24.514200664619043
4.838,1,1,1,1,-0.30000000000000004,1.6512056095570901e-21,0.4999999999999999,0.0,3.2496144678970234e-19,-2.7755575613726557e-14,0.16001270686623836,-0.0,0.0,-0.9277507808133975,0.0,0.0,0.3285,0.19164302,-0.012182209999999971,0.3285,-0.19164302,-0.012182209999999971,-0.3285,0.19164302,-0.012182209999999971,-0.3285,-0.19164302,-0.012182209999999971,0.0,0.0,0.0,0.0,0.0,0.0,0.0,0.0,0.0,0.0,0.0,0.0,-38.74901946966168,38.749019469660965,77.49803893932265,-38.749019469661576,38.749019469660496,77.4980389393215,-38.74901946966145,38.74901946966312,77.49803893932189,-38.749019469662294,38.749019469662365,77.49803893932206,0.2626999999999995,0.002,0.9304000000000003,0.0,0.0,0.0,0.0,-0.0,0.0,0.0,0.0,0.0,0.0,0.0,0.0,70.03951210604288,180.46233242250162,105.50183039314956,-31.736648815714197,-199.99999973537624,25.212668194726028,20.323211725933497,-13.758130264914032,-0.5868380252185792,-111.42873746858953,-200.00000000000014,-320.0000000986177,99.9999999912266,-100.00000001787865,99.99999998858625,-99.99999594897845,99.99999999938599,-100.00000000000001,180.55940679184982,136.38844606913062,225.69925848923165,229.49767093211534,-229.4976686635585,286.8720858082368,-7.121059297787724e-11,-6.136151853297633e-08,7.6863202025379e-08,934.8823225758438,1215.2251990660338,1519.0314988325997,-1.5402483876550472,-0.48764421298936245,0.3012437390119753,0.1929337811820701,0.10071000946615927,0.3802559980685153,-1.6251754560755298,-0.6263945369074502,0.997289784351469,-0.5593832927691623,0.26783481842493606,-0.9248921996479744,-1.5257845288671268,-0.5013038174584753,0.01019918134873793,-1.5257845288671268,-0.5013038174584753,0.01019918134873793,-1.5257845288671268,-0.5013038174584753,0.01019918134873793,-1.5257845288671268,-0.5013038174584753,0.01019918134873793,2.206936584434411,10.902882315705495,-3.52251542034747,2.206936584434411,10.902882315705495,-3.52251542034747,2.206936584434411,10.902882315705495,-3.52251542034747,2.206936584434411,10.902882315705495,-3.52251542034747,234.39060135477476,0.0,0.0,987.9363056904184,-1.5257845288671268,-0.5013038174584753,0.01019918134873793,2.206936584434411,10.902882315705495,-3.52251542034747,1.0425028510629892,-0.2023152893207396,0.5629388939650475,-26.853167844109436,24.891717422899717,-16.391031047152083
4.8580000000000005,1,1,1,1,-0.30000000000000004,1.0012827159761078e-21,0.49999999999999994,0.0,0.0,0.0,0.1413230100341446,-0.0,0.0,-0.9397763458874681,0.0,0.0,0.3285,0.19164302,-0.012182209999999971,0.3285,-0.19164302,-0.012182209999999971,-0.3285,0.19164302,-0.012182209999999971,-0.3285,-0.19164302,-0.012182209999999971,0.0,0.0,0.0,0.0,0.0,0.0,0.0,0.0,0.0,0.0,0.0,0.0,-38.74901946966171,38.74901946966103,77.4980389393227,-38.74901946966157,38.74901946966055,77.49803893932157,-38.749019469661455,38.74901946966311,77.49803893932186,-38.7490194696623,38.74901946966238,77.49803893932209,0.2626999999999995,0.002,0.9304000000000003,0.0,0.0,0.0,0.0,-0.0,0.0,0.0,0.0,0.0,0.0,0.0,0.0,199.999999994624,199.9999999999948,117.03259918336013,-13.972017974818627,-200.00000000183033,-38.79269676816601,19.647160310171127,-12.46133678862305,-0.5955989451799981,-117.46545052349718,-199.99999986669073,-319.9999997535488,100.0000000008506,-100.00000001193482,95.54285212208174,99.99999999984415,-28.029481976042838,-99.99999992414932,277.13331199197467,22.314479027294475,346.41663998121186,234.92765062782382,-234.9276496104604,293.6595620117964,-7.760554030511457e-07,-7.925388949558965e-07,9.70073521955328e-07,764.351399008272,1234.4066411091844,1543.0083013897158,-1.5438021255204737,-0.48076899916380045,0.3016272625782666,0.15048525616560132,0.060231732175247854,0.2927959492789873,-1.6346027948248993,-0.6342311859901715,1.027710493139068,-1.1542279231477897,-0.3081379083457421,-1.148778015063679,-1.5082268239880323,-0.5222466422291637,-0.02245254379899191,-1.5082268239880323,-0.5222466422291637,-0.02245254379899191,-1.5082268239880323,-0.5222466422291637,-0.02245254379899191,-1.5082268239880323,-0.5222466422291637,-0.02245254379899191,-1.9030204592412225,2.4152028263956717,-1.5936644460522669,-1.9030204592412225,2.4152028263956717,-1.5936644460522669,-1.9030204592412225,2.4152028263956717,-1.5936644460522669,-1.9030204592412225,2.4152028263956717,-1.5936644460522669,181.67230315224788,0.0,0.0,987.9363056904219,-1.5082268239880323,-0.5222466422291637,-0.02245254379899191,-1.9030204592412225,2.4152028263956717,-1.5936644460522669,0.7666776821140063,0.13160910347701082,0.5778064975034606,-13.253246751255276,-16.330155825695424,-8.585955692998189
4.878,1,1,1,1,-0.30000000000000004,1.0012827159761078e-21,0.49999999999999994,0.0,0.0,0.0,0.12240891133738876,-0.0,0.0,-0.9503332603781877,0.0,0.0,0.3285,0.19164302,-0.012182209999999971,0.3285,-0.19164302,-0.012182209999999971,-0.3285,0.19164302,-0.012182209999999971,-0.3285,-0.19164302,-0.012182209999999971,0.0,0.0,0.0,0.0,0.0,0.0,0.0,0.0,0.0,0.0,0.0,0.0,-38.749019469661725,38.74901946966101,77.49803893932268,-38.74901946966156,38.74901946966055,77.49803893932157,-38.7490194696615,38.74901946966314,77.49803893932192,-38.7490194696623,38.749019469662414,77.49803893932216,0.2626999999999995,0.002,0.9304000000000003,0.0,0.0,0.0,0.0,-0.0,0.0,0.0,0.0,0.0,0.0,0.0,0.0,57.33922830702669,199.999999409547,114.3680079334819,-11.205538215906273,-200.00000049762787,-44.698272501557554,20.399864448375137,-14.4027841920938,-0.5695821953889003,-97.00593437855555,-200.00000000000006,-245.6315598420157,100.00000007423229,-99.99999955521697,100.00000027518374,-99.99999999999547,13.242552333594762,-99.99999254488272,179.93091656720767,179.93089717600216,224.9136460003972,270.39444088824916,-270.39443989990843,337.9930492092835,6.424314868525016e-06,1.4104272763049153e-06,1.2653843235455042e-06,398.0150701069354,973.7634596313965,1217.2043244540123,-1.548083153471504,-0.47557049355539893,0.302614222256761,0.1041208055388563,-0.036645765686564934,0.3404842796334274,-1.6516507142826677,-0.6384807539212736,1.0665005915222034,-1.1005542816495728,-0.3712480072887965,-1.0030446089100624,-1.4923210008815089,-0.5437885763762021,-0.013242801458849296,-1.4923210008815089,-0.5437885763762021,-0.013242801458849296,-1.4923210008815089,-0.5437885763762021,-0.013242801458849296,-1.4923210008815089,-0.5437885763762021,-0.013242801458849296,-0.925373409844012,8.69074042852142,-2.8749960806150296,-0.925373409844012,8.69074042852142,-2.8749960806150296,-0.925373409844012,8.69074042852142,-2.8749960806150296,-0.925373409844012,8.69074042852142,-2.8749960806150296,143.52147285336346,0.0,0.0,987.9363056904234,-1.4923210008815089,-0.5437885763762021,-0.013242801458849296,-0.925373409844012,8.69074042852142,-2.8749960806150296,0.31991159977526495,-0.11162982221351658,0.1226181041229875,-27.088715238434094,-9.30101676441424,-9.4181190299693
4.898,1,1,1,1,-0.30000000000000004,1.0012827159761078e-21,0.49999999999999994,0.0,0.0,0.0,0.10330007407079689,-0.0,0.0,-0.9593957003941967,0.0,0.0,0.3285,0.19164302,-0.012182209999999971,0.3285,-0.19164302,-0.012182209999999971,-0.3285,0.19164302,-0.012182209999999971,-0.3285,-0.19164302,-0.012182209999999971,0.0,0.0,0.0,0.0,0.0,0.0,0.0,0.0,0.0,0.0,0.0,0.0,-38.74901946966175,38.74901946966106,77.49803893932275,-38.74901946966154,38.74901946966057,77.49803893932162,-38.74901946966154,38.749019469663175,77.49803893932197,-38.74901946966233,38.74901946966243,77.49803893932214,0.2626999999999995,0.002,0.9304000000000003,0.0,0.0,0.0,0.0,-0.0,0.0,0.0,0.0,0.0,0.0,0.0,0.0,44.96454602063884,137.12897562801066,82.48195161260587,-35.91501916911716,-200.00000001364887,34.516799322333824,22.450916961540837,-14.632062999598553,-0.5522385193568319,-90.98493630303786,-200.00000000000253,-215.65484524375324,100.00000083290914,-99.99999969224758,100.00000024283335,-99.99999267051953,61.348596430751144,-99.99999606291944,130.64930218662133,130.6493026375267,163.31162829467712,268.4330262674474,-268.43302261938584,335.54127904948876,-2.6488068129992826e-06,-2.335887955950966e-06,3.310946425472139e-06,366.4659978885059,872.6799197834939,1090.849899614442,-1.5535443645280207,-0.4711793774981799,0.30373907387158183,0.0853499878467781,-0.04292058700023034,0.34983414767627374,-1.6730816811955798,-0.6418222604279368,1.1051590323962897,-1.3546803999243835,-0.6114686810500966,-0.6150557878465184,-1.5034741168679278,-0.5002700131042931,0.005085148754544106,-1.5034741168679278,-0.5002700131042931,0.005085148754544106,-1.5034741168679278,-0.5002700131042931,0.005085148754544106,-1.5034741168679278,-0.5002700131042931,0.005085148754544106,-9.298417875715655,16.391185156625436,-3.7167982593306608,-9.298417875715655,16.391185156625436,-3.7167982593306608,-9.298417875715655,16.391185156625436,-3.7167982593306608,-9.298417875715655,16.391185156625436,-3.7167982593306608,91.61868062158435,0.0,0.0,987.9363056904224,-1.5034741168679278,-0.5002700131042931,0.005085148754544106,-9.298417875715655,16.391185156625436,-3.7167982593306608,-0.5154723073153636,-0.10686006786975821,0.5352247234918394,-49.11959079035749,-8.373383805680731,30.92097796393939
4.918,1,1,1,1,-0.30000000000000004,1.0012827159761078e-21,0.49999999999999994,0.0,0.0,0.0,0.08402663653800543,-0.0,0.0,-0.966941611954595,0.0,0.0,0.3285,0.19164302,-0.012182209999999971,0.3285,-0.19164302,-0.012182209999999971,-0.3285,0.19164302,-0.012182209999999971,-0.3285,-0.19164302,-0.012182209999999971,0.0,0.0,0.0,0.0,0.0,0.0,0.0,0.0,0.0,0.0,0.0,0.0,-38.74901946966173,38.74901946966108,77.4980389393228,-38.749019469661576,38.749019469660574,77.49803893932167,-38.74901946966161,38.749019469663196,77.49803893932199,-38.74901946966235,38.749019469662464,77.49803893932214,0.2626999999999995,0.002,0.9304000000000003,0.0,0.0,0.0,0.0,-0.0,0.0,0.0,0.0,0.0,0.0,0.0,0.0,193.06235531952473,60.787521979893185,42.057712722423815,-30.38020904649873,-200.0000003047481,21.431971109640426,23.950126848741718,-15.63305346229537,-0.5390409305153069,-72.91003880707709,-199.99999960670718,-148.21884345323545,100.00000043837312,-99.99999922340086,100.00000046106145,99.99999994294488,-100.00000000000006,-99.99999940721987,180.92034984008535,-100.73184931629811,226.15043732895833,217.2384249266141,-217.23842484493716,271.5480306596737,-1.7435580303981624e-06,-1.7362702280365738e-06,2.179439874794298e-06,47.36265132318246,605.6196156730878,757.024519900451,-1.559204098849882,-0.46653671064727975,0.3033571582510503,0.05701083216698361,0.07499095165507492,0.36981828222841245,-1.7061295441952575,-0.6430250477421011,1.1487031863834891,-1.6402514566046904,-0.8903585217987682,-0.4096825920561109,-1.5257921919913078,-0.47279242937370797,-0.007816843624943825,-1.5257921919913078,-0.47279242937370797,-0.007816843624943825,-1.5257921919913078,-0.47279242937370797,-0.007816843624943825,-1.5257921919913078,-0.47279242937370797,-0.007816843624943825,-0.4079350597042355,6.151154714281926,-2.8179449375161867,-0.4079350597042355,6.151154714281926,-2.8179449375161867,-0.4079350597042355,6.151154714281926,-2.8179449375161867,-0.4079350597042355,6.151154714281926,-2.8179449375161867,0.0,0.0,0.0,987.9363056904177,-1.5257921919913078,-0.47279242937370797,-0.007816843624943825,-0.4079350597042355,6.151154714281926,-2.8179449375161867,-1.2826491069490058,0.2707179250935845,0.9365510110902505,-16.00377181116612,-3.4916083130986095,20.477375546837717
4.938,1,1,1,1,-0.30000000000000004,1.0012827159761078e-21,0.49999999999999994,0.0,0.0,0.0,0.0646191366532345,-0.0,0.0,-0.9729527109906595,0.0,0.0,0.3285,0.19164302,-0.012182209999999971,0.3285,-0.19164302,-0.012182209999999971,-0.3285,0.19164302,-0.012182209999999971,-0.3285,-0.19164302,-0.012182209999999971,0.0,0.0,0.0,0.0,0.0,0.0,0.0,0.0,0.0,0.0,0.0,0.0,-38.74901946966175,38.74901946966111,77.4980389393228,-38.7490194696616,38.749019469660624,77.49803893932167,-38.74901946966158,38.74901946966319,77.49803893932199,-38.74901946966236,38.74901946966247,77.49803893932216,0.2626999999999995,0.002,0.9304000000000003,0.0,0.0,0.0,0.0,-0.0,0.0,0.0,0.0,0.0,0.0,0.0,0.0,3.384715432548252,-33.69704904792689,-0.34108986245128675,-20.24277521574062,-199.9999996331946,-46.430605571032146,174.3230824082753,199.99999832572135,64.41911423605578,-50.700432199532905,-199.99999999938296,-126.36936459867617,100.00000000841644,-99.99999993929482,100.00000000014772,100.00000000034402,-100.00000000049009,-100.00000000000018,-2.083399988528356e-06,4.061847004521724e-06,2.202577942256312e-06,243.40869156226742,-243.40869044152703,304.2608630408586,381.62539605398985,244.08714490399854,477.03174505652,-497.54907208512657,497.5490720847982,621.9363401064661,-1.5641293807626215,-0.4615372420923692,0.30294597490708924,0.11091299797274026,-0.07113381711698605,0.32844146993139045,-1.7615163439825903,-0.6397179889092082,1.1989706864102407,-2.137279186117897,-1.830216118756195,0.9083366762918275,-1.5021496414396274,-0.5060820645917012,-0.02479092277808447,-1.5021496414396274,-0.5060820645917012,-0.02479092277808447,-1.5021496414396274,-0.5060820645917012,-0.02479092277808447,-1.5021496414396274,-0.5060820645917012,-0.02479092277808447,-3.2909480522610806,3.326010339651761,-2.27600673123635,-3.2909480522610806,3.326010339651761,-2.27600673123635,-3.2909480522610806,3.326010339651761,-2.27600673123635,-3.2909480522610806,3.326010339651761,-2.27600673123635,0.0,0.0,0.0,987.9363056904228,-1.5021496414396274,-0.5060820645917012,-0.02479092277808447,-3.2909480522610806,3.326010339651761,-2.27600673123635,-1.5262373357709063,0.025021797135210244,0.5257996515396502,-17.776535322646783,26.4926473726976,-13.34443527270528
4.958,1,1,1,1,-0.30000000000000004,1.0012827159761078e-21,0.49999999999999994,0.0,0.0,0.0,0.045108436543067496,-0.0,0.0,-0.9774144833441989,0.0,0.0,0.3285,0.19164302,-0.012182209999999971,0.3285,-0.19164302,-0.012182209999999971,-0.3285,0.19164302,-0.012182209999999971,-0.3285,-0.19164302,-0.012182209999999971,0.0,0.0,0.0,0.0,0.0,0.0,0.0,0.0,0.0,0.0,0.0,0.0,-38.74901946966178,38.7490194696611,77.49803893932278,-38.74901946966164,38.74901946966066,77.49803893932167,-38.74901946966161,38.7490194696632,77.49803893932202,-38.74901946966236,38.74901946966251,77.49803893932217,0.2626999999999995,0.002,0.9304000000000003,0.0,0.0,0.0,0.0,-0.0,0.0,0.0,0.0,0.0,0.0,0.0,0.0,3.115143167136079,-30.812619929623747,-0.3479677736162759,-10.78629074673108,-199.99999966261697,-39.23048465794741,119.64872980900307,190.95808375112762,86.62190640428845,-51.958866290570626,-200.0000000004942,-111.19222034983846,100.00000000015446,-99.99999997186978,100.00000005784034,-99.9999999997682,-65.67160651137947,-99.99999999999984,1.6322014850800315e-08,9.77896075227136e-09,1.2572904495300463e-08,238.13132505834523,-238.1313247032354,297.66415587555866,279.0366789689823,279.0366828580846,348.7958543619143,-470.97499070041687,470.9749906911367,588.7187383531134,-1.5711481487453305,-0.4571530747326857,0.30741746808099857,0.29111671048828036,-0.31520590350164446,0.40146184430805876,-1.8414778803028593,-0.6327200042959481,1.2452148121992281,-2.154289114543615,-1.7907629920363766,1.5827176660714315,-1.5017096866292026,-0.5215558241492046,0.005962722206014057,-1.5017096866292026,-0.5215558241492046,0.005962722206014057,-1.5017096866292026,-0.5215558241492046,0.005962722206014057,-1.5017096866292026,-0.5215558241492046,0.005962722206014057,-9.76308291477147,9.649291016174686,-2.883492423937595,-9.76308291477147,9.649291016174686,-2.883492423937595,-9.76308291477147,9.649291016174686,-2.883492423937595,-9.76308291477147,9.649291016174686,-2.883492423937595,0.0,0.0,0.0,987.9363056904247,-1.5017096866292026,-0.5215558241492046,0.005962722206014057,-9.76308291477147,9.649291016174686,-2.883492423937595,-2.097537689785164,-0.3984901719972347,0.15090483204015448,-37.91566813974633,26.725960667899308,-22.926761948415944
4.978,1,1,1,1,-0.30000000000000004,1.0012827159761078e-21,0.49999999999999994,0.0,0.0,0.0,0.02552564714822553,-0.0,0.0,-0.980316184768076,0.0,0.0,0.3285,0.19164302,-0.012182209999999971,0.3285,-0.19164302,-0.012182209999999971,-0.3285,0.19164302,-0.012182209999999971,-0.3285,-0.19164302,-0.012182209999999971,0.0,0.0,0.0,0.0,0.0,0.0,0.0,0.0,0.0,0.0,0.0,0.0,-38.74901946966179,38.749019469661135,77.49803893932285,-38.74901946966166,38.749019469660674,77.49803893932172,-38.74901946966166,38.749019469663175,77.49803893932202,-38.7490194696624,38.74901946966251,77.49803893932221,0.2626999999999995,0.002,0.9304000000000003,0.0,0.0,0.0,0.0,-0.0,0.0,0.0,0.0,0.0,0.0,0.0,0.0,-1.8593948739240094,-33.09359016839389,-0.327347835928507,-27.049103373391848,-200.00000011146352,38.091957651777136,19.99866188141457,-13.400172692702037,-0.6038409904353644,-32.636634629287904,-199.9999999906477,-27.055031318809014,99.99999999992141,-99.99999999875511,99.99999995597189,-99.99999999745147,55.567596454979565,-99.9999993297887,2.5692452225722917e-06,-8.82828312342987e-07,1.1030552480584266e-06,291.11339591113034,-291.11339493771646,363.89174367276917,-6.09686559016609e-08,3.116166436001322e-06,7.661158818450531e-08,-13.530386646847882,118.26143841294449,147.82680323010925,-1.5808172115318853,-0.45101730576194143,0.3128355080809904,0.2517058643116402,-0.24778080519009915,0.5436159513511681,-1.8960701102925963,-0.6264763183698174,1.2824880323469763,-1.4581908316020307,-1.1473949423632839,0.39898527884666024,-1.5254343098864158,-0.49078580016678536,0.03763288594314582,-1.5254343098864158,-0.49078580016678536,0.03763288594314582,-1.5254343098864158,-0.49078580016678536,0.03763288594314582,-1.5254343098864158,-0.49078580016678536,0.03763288594314582,-2.8051516612654557,14.821319583408517,-4.261378691197642,-2.8051516612654557,14.821319583408517,-4.261378691197642,-2.8051516612654557,14.821319583408517,-4.261378691197642,-2.8051516612654557,14.821319583408517,-4.261378691197642,0.0,0.0,0.0,987.936305690424,-1.5254343098864158,-0.49078580016678536,0.03763288594314582,-2.8051516612654557,14.821319583408517,-4.261378691197642,-3.069565622950871,-0.6617773689315559,0.5235545440384286,-36.58145524392855,-17.50330492164254,-24.2109838625256
4.998,1,1,1,1,-0.30000000000000004,1.0012827159761078e-21,0.49999999999999994,0.0,0.0,0.0,0.005902052825343926,-0.0,0.0,-0.9816508409269029,0.0,0.0,0.3285,0.19164302,-0.012182209999999971,0.3285,-0.19164302,-0.012182209999999971,-0.3285,0.19164302,-0.012182209999999971,-0.3285,-0.19164302,-0.012182209999999971,0.0,0.0,0.0,0.0,0.0,0.0,0.0,0.0,0.0,0.0,0.0,0.0,-38.74901946966184,38.74901946966114,77.49803893932291,-38.74901946966162,38.74901946966066,77.49803893932172,-38.74901946966167,38.74901946966318,77.49803893932199,-38.749019469662414,38.749019469662514,77.49803893932223,0.2626999999999995,0.002,0.9304000000000003,0.0,0.0,0.0,0.0,-0.0,0.0,0.0,0.0,0.0,0.0,0.0,0.0,48.00035068180785,-43.52272202680315,0.6320776966035844,-20.585812176426884,-199.9999997569933,23.278280655010917,19.51757908711676,-12.618943782048667,-0.5731488381972965,-40.55394421398091,-199.99999997524736,-47.5579445041686,100.00000000146343,-100.00000000302217,99.99999964244435,99.99999999851339,99.9999999999639,-99.99999999999993,39.60961453310892,-39.609615949814064,49.5120199561257,248.36371675700377,-248.36371743593799,310.45464678979863,1.2757332967794355e-09,-1.6910917111090384e-12,-9.291696301261254e-10,180.2270757019435,227.87183619049506,284.83979523648986,-1.591796951220356,-0.44432879728967123,0.3147515022275346,0.16501314893691832,-0.14195433573115915,0.6293984235203887,-1.9387452661077003,-0.6149409104009277,1.316221910724185,-1.2523088221622398,-1.334351237126985,0.3861592072805438,-1.5217809506285784,-0.47732383304467424,0.013039602519863611,-1.5217809506285784,-0.47732383304467424,0.013039602519863611,-1.5217809506285784,-0.47732383304467424,0.013039602519863611,-1.5217809506285784,-0.47732383304467424,0.013039602519863611,3.159789428343548,10.175066898055212,-3.9413632888367562,3.159789428343548,10.175066898055212,-3.9413632888367562,3.159789428343548,10.175066898055212,-3.9413632888367562,3.159789428343548,10.175066898055212,-3.9413632888367562,0.0,0.0,0.0,987.9363056904247,-1.5217809506285784,-0.47732383304467424,0.013039602519863611,3.159789428343548,10.175066898055212,-3.9413632888367562,2.4677635626222747,-0.1591930022578043,0.7989598085412103,-19.491044521850494,-22.263888153550468,-20.795006788714954
5.018,1,1,1,1,-0.30000000000000004,1.0012827159761078e-21,0.49999999999999994,0.0,0.0,0.0,-0.013730964051250861,-0.0,0.0,-0.9814152473958864,0.0,0.0,0.3285,0.19164302,-0.012182209999999971,0.3285,-0.19164302,-0.012182209999999971,-0.3285,0.19164302,-0.012182209999999971,-0.3285,-0.19164302,-0.012182209999999971,0.0,0.0,0.0,0.0,0.0,0.0,0.0,0.0,0.0,0.0,0.0,0.0,-38.74901946966186,38.74901946966115,77.49803893932292,-38.74901946966162,38.7490194696607,77.49803893932175,-38.74901946966171,38.74901946966321,77.49803893932209,-38.749019469662436,38.74901946966252,77.49803893932223,0.2626999999999995,0.002,0.9304000000000003,0.0,0.0,0.0,0.0,-0.0,0.0,0.0,0.0,0.0,0.0,0.0,0.0,168.11665911640708,33.749111241440346,50.34953224167555,1.5185565379637858,-199.99999907387536,-48.85302980219008,17.560239071949383,-10.43486990644604,-0.544199152466349,-24.99977278935591,-200.00000000057713,-16.10949578785612,100.00000000057716,-99.99999999991286,99.99999993219208,100.00000000051624,-100.0000000000038,-100.00000000000001,188.4999298478997,17.675413639695634,235.62491258393132,247.7839618011463,-247.78395918625577,309.72995127529373,1.539173388742654e-07,-1.542360053563563e-07,1.933599085846005e-07,-72.46844698947547,72.46844698925723,90.58555873718277,-1.6031923857353545,-0.43762504347395076,0.31371727227524987,0.10723512370107484,-0.04877566805423576,0.6622559343613058,-1.9914347917932593,-0.6030248773873227,1.3365678833681605,-1.0828161270507817,-1.5630506343191044,1.2386171996374833,-1.4931975746304946,-0.5071069335022615,0.010004766211571104,-1.4931975746304946,-0.5071069335022615,0.010004766211571104,-1.4931975746304946,-0.5071069335022615,0.010004766211571104,-1.4931975746304946,-0.5071069335022615,0.010004766211571104,-4.492940555674608,1.9176804493311677,-2.2988612956006236,-4.492940555674608,1.9176804493311677,-2.2988612956006236,-4.492940555674608,1.9176804493311677,-2.2988612956006236,-4.492940555674608,1.9176804493311677,-2.2988612956006236,0.0,0.0,0.0,987.9363056904222,-1.4931975746304946,-0.5071069335022615,0.010004766211571104,-4.492940555674608,1.9176804493311677,-2.2988612956006236,2.1821438023235746,-0.14324452492097395,0.5809468721855039,-20.18705573803313,-5.61966084270645,30.749356789966647
5.038,1,1,1,1,-0.30000000000000004,1.0012827159761078e-21,0.49999999999999994,0.0,0.0,0.0,-0.03334199848776528,-0.0,0.0,-0.9796099696619631,0.0,0.0,0.3285,0.19164302,-0.012182209999999971,0.3285,-0.19164302,-0.012182209999999971,-0.3285,0.19164302,-0.012182209999999971,-0.3285,-0.19164302,-0.012182209999999971,0.0,0.0,0.0,0.0,0.0,0.0,0.0,0.0,0.0,0.0,0.0,0.0,-38.749019469661896,38.749019469661164,77.49803893932295,-38.749019469661604,38.749019469660695,77.4980389393217,-38.749019469661725,38.74901946966327,77.49803893932209,-38.74901946966242,38.74901946966252,77.49803893932227,0.2626999999999995,0.002,0.9304000000000003,0.0,0.0,0.0,0.0,-0.0,0.0,0.0,0.0,0.0,0.0,0.0,0.0,158.08770531049953,174.6817187024896,89.07572570932987,-0.6387312945849786,-199.99999954760503,-41.35861194481545,18.45567798176777,-11.641205432186112,-0.49198814920684025,-42.61549881213976,-199.9999999999922,-76.40013684908965,99.99999994445007,-100.00000030621447,99.99999999099133,100.00000001773809,-100.00000000002673,-99.99999999999999,230.50644973607177,150.2603138907356,288.13306217411383,241.58908878122887,-241.58906216049994,301.9863636450088,1.503617691633874e-06,-1.5050038098540774e-06,1.8775630484246797e-06,-265.14882133398334,390.8911748884481,488.6139688024245,-1.6140837240069732,-0.4292159913233759,0.30941277550132573,0.12012581270117656,0.10484354542558783,0.7450723516945585,-2.0371922289996283,-0.5967038459276446,1.3654381051055224,-1.5648005784182393,-0.8586190540451113,0.6645303434650796,-1.4870556584503587,-0.5324022786557371,0.02728672052684383,-1.4870556584503587,-0.5324022786557371,0.02728672052684383,-1.4870556584503587,-0.5324022786557371,0.02728672052684383,-1.4870556584503587,-0.5324022786557371,0.02728672052684383,-1.246894620258459,4.23775139353579,-2.688745858697855,-1.246894620258459,4.23775139353579,-2.688745858697855,-1.246894620258459,4.23775139353579,-2.688745858697855,-1.246894620258459,4.23775139353579,-2.688745858697855,0.0,0.0,0.0,987.9363056904212,-1.4870556584503587,-0.5324022786557371,0.02728672052684383,-1.246894620258459,4.23775139353579,-2.688745858697855,1.9213085099765856,-0.5758621477159964,0.09433665740455022,-21.79707795086496,-15.425222338936504,26.201349818591602
5.058,1,1,1,1,-0.30000000000000004,1.0012827159761078e-21,0.49999999999999994,0.0,0.0,0.0,-0.05289969826916273,-0.0,0.0,-0.9762393431230351,0.0,0.0,0.3285,0.19164302,-0.012182209999999971,0.3285,-0.19164302,-0.012182209999999971,-0.3285,0.19164302,-0.012182209999999971,-0.3285,-0.19164302,-0.012182209999999971,0.0,0.0,0.0,0.0,0.0,0.0,0.0,0.0,0.0,0.0,0.0,0.0,-38.74901946966195,38.74901946966119,77.498038939323,-38.749019469661604,38.749019469660674,77.49803893932172,-38.74901946966179,38.74901946966331,77.4980389393221,-38.74901946966246,38.74901946966254,77.49803893932227,0.2626999999999995,0.002,0.9304000000000003,0.0,0.0,0.0,0.0,-0.0,0.0,0.0,0.0,0.0,0.0,0.0,0.0,99.41911465030292,-21.00482639757103,-3.601836966592831,-18.65088987947865,-199.99999997301933,36.07926773525451,18.870447748641475,-14.057452524348157,-0.41272161378325195,-23.08603851818488,-199.99999999847944,-36.91377753966781,99.99999999997105,-100.00000004619903,99.9999999999996,99.99999999999964,-99.99999999999999,99.99999995650282,74.51898026636363,-74.51897975415447,93.14872537613836,287.9271472848733,-287.92714639986474,359.90893299980746,-3.5355326066799364e-07,-3.389721179303251e-07,4.419347234829729e-07,-40.184186489710626,185.30628727039863,231.63285914032005,-1.6248362066969444,-0.4198210080916001,0.3016425112565241,0.03736517361903818,0.229213440775121,0.8198863272294851,-2.0747026260619483,-0.5941607592904455,1.3984182596063028,-1.3590909102661768,-0.5680097903856687,0.31461264606960637,-1.49285425788199,-0.5557569506539615,0.025396608976923953,-1.49285425788199,-0.5557569506539615,0.025396608976923953,-1.49285425788199,-0.5557569506539615,0.025396608976923953,-1.49285425788199,-0.5557569506539615,0.025396608976923953,-5.932508316929561,-10.141658988903991,2.075067563064168,-5.932508316929561,-10.141658988903991,2.075067563064168,-5.932508316929561,-10.141658988903991,2.075067563064168,-5.932508316929561,-10.141658988903991,2.075067563064168,0.0,0.0,0.0,987.936305690421,-1.49285425788199,-0.5557569506539615,0.025396608976923953,-5.932508316929561,-10.141658988903991,2.075067563064168,2.4833670868220956,-0.7672203998243295,-0.6524393357172162,26.994027477681882,-21.045474186168576,22.839092767296954
5.078,1,1,1,1,-0.30000000000000004,1.0012827159761078e-21,0.49999999999999994,0.0,0.0,0.0,-0.07237283935738648,-0.0,0.0,-0.9713114730880802,0.0,0.0,0.3285,0.19164302,-0.012182209999999971,0.3285,-0.19164302,-0.012182209999999971,-0.3285,0.19164302,-0.012182209999999971,-0.3285,-0.19164302,-0.012182209999999971,0.0,0.0,0.0,0.0,0.0,0.0,0.0,0.0,0.0,0.0,0.0,0.0,-38.749019469661974,38.749019469661214,77.49803893932301,-38.749019469661576,38.749019469660624,77.4980389393217,-38.749019469661754,38.74901946966335,77.49803893932209,-38.74901946966248,38.7490194696626,77.49803893932234,0.2626999999999995,0.002,0.9304000000000003,0.0,0.0,0.0,0.0,-0.0,0.0,0.0,0.0,0.0,0.0,0.0,0.0,0.5103340265541918,-17.882681524639796,-0.4578933105133743,-7.908094734587275,-199.9999999802689,29.19988025953096,16.787468060419908,-8.861161286362147,-0.4089604157527321,-37.15130202591479,-199.99999999453115,-70.10971818739395,100.00000000001138,-100.000000188276,99.99999999999609,99.99999999999923,-16.576549804334938,99.99999999999999,4.1148456328410354e-07,-6.29557061121444e-07,7.870563140666142e-07,273.57535306215993,-273.57535382669795,341.9691922833898,-3.0985204624300877e-07,-2.0791589072644e-07,3.872979856822667e-07,189.37315414613005,365.19743184316025,456.49678980397465,-1.6366870131958655,-0.4116465723911736,0.2907615097388464,-0.08244761652839733,0.23963071299631855,0.9440533116673521,-2.1034416907564015,-0.5829172237573208,1.4252821426071662,-1.1041841035798954,-1.0639707720321905,-0.0076912284391881525,-1.4991325056832672,-0.5605312895642961,0.01354787433727861,-1.4991325056832672,-0.5605312895642961,0.01354787433727861,-1.4991325056832672,-0.5605312895642961,0.01354787433727861,-1.4991325056832672,-0.5605312895642961,0.01354787433727861,-6.721988595591677,-7.677000256948544,0.24735074672036123,-6.721988595591677,-7.677000256948544,0.24735074672036123,-6.721988595591677,-7.677000256948544,0.24735074672036123,-6.721988595591677,-7.677000256948544,0.24735074672036123,0.0,0.0,0.0,987.9363056904199,-1.4991325056832672,-0.5605312895642961,0.01354787433727861,-6.721988595591677,-7.677000256948544,0.24735074672036123,-3.0176276271554743,-0.7382437176891896,-0.9696561396112218,24.945330757493057,-5.233810314325592,14.12967677102904
5.098,1,1,1,1,-0.30000000000000004,1.0012827159761078e-21,0.49999999999999994,0.0,0.0,0.0,-0.09173040128958347,-0.0,0.0,-0.9648382347770575,0.0,0.0,0.3285,0.19164302,-0.012182209999999971,0.3285,-0.19164302,-0.012182209999999971,-0.3285,0.19164302,-0.012182209999999971,-0.3285,-0.19164302,-0.012182209999999971,0.0,0.0,0.0,0.0,0.0,0.0,0.0,0.0,0.0,0.0,0.0,0.0,-38.749019469662,37.96673722410692,77.49803893932304,-38.74901946966157,37.966737223930885,77.49803893932176,-38.74901946966178,38.749019469663395,77.49803893932214,-38.74901946966243,38.749019469662606,77.49803893932229,0.2626999999999995,0.002,0.9304000000000003,0.0,0.0,0.0,0.0,-0.0,0.0,0.0,0.0,0.0,0.0,0.0,0.0,14.328090817351935,8.144045630463568,10.018161789134053,-0.46650550088515175,-200.00000041835165,-41.31355764136122,16.431873863363517,-7.517241094105799,-0.37972295578669685,-11.892660846853015,-199.99999999120794,-15.676611403950963,99.99999993966425,-99.99999944860025,100.00000000952866,99.99999942700876,-72.11291254039034,99.99999862563789,23.264918135259556,23.264918622554653,29.081148278191595,236.43324150357273,-236.43323725707003,295.541551928577,-1.9273471707492718e-12,2.2199326128458097e-06,-1.8314239014216582e-12,77.4078773066311,77.40787675528621,96.75984594410144,-1.6495349578279992,-0.4017737687684549,0.28160581843156124,0.21425181488899747,0.08051219033426352,0.895274264477844,-2.1486279332411007,-0.5613732130838966,1.4524431760860053,-1.3998290562572406,-2.1363469432519597,0.8150735543570887,-1.5190742334698766,-0.5532547030046953,0.0281699135815092,-1.5190742334698766,-0.5532547030046953,0.0281699135815092,-1.5190742334698766,-0.5532547030046953,0.0281699135815092,-1.5190742334698766,-0.5532547030046953,0.0281699135815092,-17.525495778515722,-1.2254411056980752,-5.283517596153215,-17.525495778515722,-1.2254411056980752,-5.283517596153215,-17.525495778515722,-1.2254411056980752,-5.283517596153215,-17.525495778515722,-1.2254411056980752,-5.283517596153215,0.0,0.0,0.0,987.9363056904249,-1.5190742334698766,-0.5532547030046953,0.0281699135815092,-17.525495778515722,-1.2254411056980752,-5.283517596153215,-2.061657466992105,-0.857361839779871,-1.3666284160873217,43.11086093708489,29.10958098800245,5.109095364174212
5.118,1,1,1,1,-0.30000000000000004,1.0012827159761078e-21,0.49999999999999994,0.0,0.0,0.0,-0.11094164257632924,-0.0,0.0,-0.9568352733218292,0.0,0.0,0.3285,0.19164302,-0.012182209999999971,0.3285,-0.19164302,-0.012182209999999971,-0.3285,0.19164302,-0.012182209999999971,-0.3285,-0.19164302,-0.012182209999999971,0.0,0.0,0.0,0.0,0.0,0.0,0.0,0.0,0.0,0.0,0.0,0.0,-38.749019469662024,8.41918870389995,77.49803893932307,-38.74901946966155,8.419188704089002,77.49803893932173,-38.74901946966178,38.749019469663416,77.49803893932214,-38.74901946966246,38.749019469662656,77.4980389393224,0.2626999999999995,0.002,0.9304000000000003,0.0,0.0,0.0,0.0,-0.0,0.0,0.0,0.0,0.0,0.0,0.0,0.0,0.7921686651636972,-11.591316271563192,-0.4349502078231863,15.962971011463829,-199.9999992624512,-47.860473756729846,16.953914458064585,7.370400923759199,8.963997491232995,-25.20615030138945,-200.00000000000077,-45.816652556733395,100.00000002570943,-99.99999994691179,99.99999999745357,99.99999577854739,-52.8069452165403,100.00000000000001,3.467513874255701e-06,-4.327702640694042e-10,2.156070877390448e-10,249.62938573210283,-249.62938267974107,312.03672834961094,-15.108960480960302,15.108963319134217,18.88620309925404,252.27529979035603,252.27529881316894,315.34412473941796,-1.6631309603414166,-0.39013477633899435,0.27458251419763585,0.2722715348556167,0.002257973651656031,0.9730953823202388,-2.2142981282840113,-0.5352277453662868,1.4811681848023623,-1.5374881704596115,-2.5225288981245515,1.0925928583506963,-1.5298936250564614,-0.5522579526004934,0.027561850597213448,-1.5298936250564614,-0.5522579526004934,0.027561850597213448,-1.5298936250564614,-0.5522579526004934,0.027561850597213448,-1.5298936250564614,-0.5522579526004934,0.027561850597213448,-5.32399275644343,-2.1851932701792793,-2.743615965248566,-5.32399275644343,-2.1851932701792793,-2.743615965248566,-5.32399275644343,-2.1851932701792793,-2.743615965248566,-5.32399275644343,-2.1851932701792793,-2.743615965248566,0.0,0.0,0.0,987.9363056904222,-1.5298936250564614,-0.5522579526004934,0.027561850597213448,-5.32399275644343,-2.1851932701792793,-2.743615965248566,-1.1391134832460155,-0.5998760629840327,-1.9510632866834907,15.532708881891127,21.372402003092827,12.419163375385388
5.138,1,1,1,1,-0.30000000000000004,1.0012827159761078e-21,0.49999999999999994,0.0,0.0,0.0,-0.12997617609984954,-0.0,0.0,-0.9473220037644473,0.0,0.0,0.3285,0.19164302,-0.012182209999999971,0.3285,-0.19164302,-0.012182209999999971,-0.3285,0.19164302,-0.012182209999999971,-0.3285,-0.19164302,-0.012182209999999971,0.0,0.0,0.0,0.0,0.0,0.0,0.0,0.0,0.0,0.0,0.0,0.0,-38.74901946966206,-17.39001840148826,77.49803893932311,-38.74901946966152,-17.390018400985056,77.49803893932165,-38.749019469661796,38.7490194696634,77.49803893932216,-38.7490194696625,38.74901946966268,77.49803893932244,0.2626999999999995,0.002,0.9304000000000003,0.0,0.0,0.0,0.0,-0.0,0.0,0.0,0.0,0.0,0.0,0.0,0.0,-1.7957502665366885,-13.906295873293352,-0.37394808869272556,5.114673493288265,-199.99999961584126,18.796449506190513,18.14924489783281,-13.19731977044696,-0.2804628395017452,-65.81355013327153,-199.99999999658314,-124.00965421459016,100.00000004216024,-99.99999999679437,99.9999999985743,-99.99999396396036,71.32624717704132,99.99999999999996,-4.5075955057427564e-07,4.516923866049183e-07,5.657791213309338e-07,225.11523027402157,-225.11523027469664,281.39403784192285,-3.111232516062046e-08,1.0476785980984005e-06,1.4133547665551305e-09,559.063088861463,752.5340505144322,940.6675685955327,-1.6785150411689185,-0.37755721513549273,0.26659473947241175,0.313150266876993,-0.020695686272313885,1.078226988392856,-2.272583656455847,-0.5042953891885875,1.5053244271008206,-1.3945584861555393,-2.495650645084867,0.619995268555669,-1.5079848348950562,-0.5570631228942057,-0.002519962445922199,-1.5079848348950562,-0.5570631228942057,-0.002519962445922199,-1.5079848348950562,-0.5570631228942057,-0.002519962445922199,-1.5079848348950562,-0.5570631228942057,-0.002519962445922199,-2.9709422050145182,-6.351606012691518,-0.8267886311126444,-2.9709422050145182,-6.351606012691518,-0.8267886311126444,-2.9709422050145182,-6.351606012691518,-0.8267886311126444,-2.9709422050145182,-6.351606012691518,-0.8267886311126444,0.0,0.0,0.0,987.9363056904219,-1.5079848348950562,-0.5570631228942057,-0.002519962445922199,-2.9709422050145182,-6.351606012691518,-0.8267886311126444,-0.875980232354381,-0.5576404086975801,-1.7579617760645512,10.61764722865086,-22.539336985409186,17.584090111172475
5.158,1,1,1,1,-0.30000000000000004,1.0012827159761078e-21,0.49999999999999994,0.0,0.0,0.0,-0.14880404451224594,-0.0,0.0,-0.9363216110590925,0.0,0.0,0.3285,0.19164302,-0.012182209999999971,0.3285,-0.19164302,-0.012182209999999971,-0.3285,0.19164302,-0.012182209999999971,-0.3285,-0.19164302,-0.012182209999999971,0.0,0.0,0.0,0.0,0.0,0.0,0.0,0.0,0.0,0.0,0.0,0.0,-38.74901946966205,-38.74901946966121,77.49803893932315,-38.74901946966153,-38.74901946966058,77.49803893932167,-38.74901946966181,38.749019469663416,77.49803893932216,-38.74901946966256,38.74901946966273,77.49803893932246,0.2626999999999995,0.002,0.9304000000000003,0.0,0.0,0.0,0.0,-0.0,0.0,0.0,0.0,0.0,0.0,0.0,0.0,-4.718129624163928,-12.826608569449416,-0.31811693914125583,-21.095584030835283,-199.9999998047985,66.1230120909325,19.21997429168888,-15.214859187154662,-0.2407370692036438,-40.48520207968392,-199.9999999942427,-84.98570632404846,99.9999998742172,-99.99999999930873,100.00000000056585,-99.99999999996419,30.08038186557602,100.00000000000004,-8.219000444120717e-08,1.3597303406614302e-07,1.6833661847185066e-07,391.0684030642733,-391.068403422071,488.8355042796372,-4.750388882257539e-08,-5.2575861886339226e-08,6.612390635041265e-08,525.4900010959221,525.4900010959042,656.8625013694726,-1.6946550851781026,-0.3641508539575776,0.2565767497037121,0.31819534950687955,0.0031647423091437643,1.1485303511490261,-2.3278759697364597,-0.46758031353328167,1.5273173063359284,-1.587759067199313,-2.628532001235099,0.36558740975112225,-1.4880949797022567,-0.5384639693568449,0.015480348443366862,-1.4880949797022567,-0.5384639693568449,0.015480348443366862,-1.4880949797022567,-0.5384639693568449,0.015480348443366862,-1.4880949797022567,-0.5384639693568449,0.015480348443366862,-13.13301024142086,-4.1573519101709095,-4.335341771434827,-13.13301024142086,-4.1573519101709095,-4.335341771434827,-13.13301024142086,-4.1573519101709095,-4.335341771434827,-13.13301024142086,-4.1573519101709095,-4.335341771434827,0.0,0.0,0.0,987.9363056904199,-1.4880949797022567,-0.5384639693568449,0.015480348443366862,-13.13301024142086,-4.1573519101709095,-4.335341771434827,-0.6396884545577101,-0.8035092791842084,-1.083886668802538,37.95948076399916,-32.69576655633955,10.224231299703707
5.178,1,1,1,1,-0.30000000000000004,1.0012827159761078e-21,0.49999999999999994,0.0,0.0,0.0,-0.1673957956337188,-0.0,0.0,-0.9238610500709322,0.0,0.0,0.3285,0.19164302,-0.012182209999999971,0.3285,-0.19164302,-0.012182209999999971,-0.3285,0.19164302,-0.012182209999999971,-0.3285,-0.19164302,-0.012182209999999971,0.0,0.0,0.0,0.0,0.0,0.0,0.0,0.0,0.0,0.0,0.0,0.0,-38.74901946966206,0.505639144758016,77.49803893932311,-38.749019469661526,0.5056391447606753,77.49803893932167,-38.74901946966181,-38.74901946966345,77.49803893932223,-38.74901946966256,-38.74901946966276,77.49803893932253,0.2626999999999995,0.002,0.9304000000000003,0.0,0.0,0.0,0.0,-0.0,0.0,0.0,0.0,0.0,0.0,0.0,0.0,76.74043713932511,88.60418803654237,40.61123168770294,-38.713648264975646,-200.0000000764442,-26.212344987349383,13.491886037149913,-5.543238670751892,-0.3149694532224969,-9.730112488446217,-199.9999999984655,-33.51385203372062,100.00000044749407,-99.99999999989971,99.99999999992616,99.99999776039847,-99.99999999999405,99.99999999999982,121.90830573841785,121.90830653051532,152.38538316278402,191.72290732835705,-191.72290649506695,239.6536342459093,-1.1398805099815945e-06,-1.1417087577569873e-06,1.4244579844557848e-06,210.9591006336875,210.95910063402678,263.6988757926825,-1.7100494449692694,-0.3494343132268476,0.24741853223815496,0.5721364230856687,-0.09207667178568554,1.0009289242575568,-2.3790098430148325,-0.4357333795818832,1.5438426605861975,-1.1795922051534238,-1.9452022492809995,0.5327986284920136,-1.5345230881030505,-0.5065021722670756,0.05016407346382446,-1.5345230881030505,-0.5065021722670756,0.05016407346382446,-1.5345230881030505,-0.5065021722670756,0.05016407346382446,-1.5345230881030505,-0.5065021722670756,0.05016407346382446,-18.659339811354123,-2.654326679816869,-9.518924942539702,-18.659339811354123,-2.654326679816869,-9.518924942539702,-18.659339811354123,-2.654326679816869,-9.518924942539702,-18.659339811354123,-2.654326679816869,-9.518924942539702,0.0,0.0,0.0,987.9363056904198,-1.5345230881030505,-0.5065021722670756,0.05016407346382446,-18.659339811354123,-2.654326679816869,-9.518924942539702,0.7860907319474254,-1.1358450675584337,-1.7662091669549564,46.28437888198245,-21.17332780195249,-29.91028950498036
5.198,1,1,1,1,-0.30000000000000004,1.0012827159761078e-21,0.49999999999999994,0.0,0.0,0.0,-0.18572255785079045,-0.0,0.0,-0.9099710455756643,0.0,0.0,0.3285,0.19164302,-0.012182209999999971,0.3285,-0.19164302,-0.012182209999999971,-0.3285,0.19164302,-0.012182209999999971,-0.3285,-0.19164302,-0.012182209999999971,0.0,0.0,0.0,0.0,0.0,0.0,0.0,0.0,0.0,0.0,0.0,0.0,-38.749019469662045,-15.833950648445114,77.49803893932311,-38.74901946966147,-15.833950648478293,77.49803893932162,-38.74901946966181,-38.74901946966347,77.49803893932226,-38.74901946966257,-38.74901946966275,77.49803893932253,0.2626999999999995,0.002,0.9304000000000003,0.0,0.0,0.0,0.0,-0.0,0.0,0.0,0.0,0.0,0.0,0.0,0.0,28.568155677962174,50.11238688053328,41.19162520206252,32.634960561312006,-199.9999999905076,-62.21421419993751,10.857072887075445,-4.769517106701834,-0.28798820047479295,-21.331085185757708,-199.99999999994915,-56.221269391023256,100.00000000006406,-100.0000001105487,100.00000000176246,99.99999999989106,-100.000000000119,100.00000000000001,-71.26810618962072,71.26810750291314,89.08513326299027,261.01814769098695,-261.01814706962034,326.27268461311,3.466375135374733e-06,2.929450657163102e-06,4.336237866553461e-06,371.99045584381844,371.99045584227156,464.98806980202426,-1.7241750056811396,-0.3329803702312894,0.241936345876199,0.6323034544403046,-0.20223835579748542,0.8478413550935451,-2.419336509783716,-0.4106464545517001,1.5613147570370849,-1.3895335588001745,-1.8157446824487504,0.42531993555692416,-1.5593448502012346,-0.5133939344315338,0.05134248393303213,-1.5593448502012346,-0.5133939344315338,0.05134248393303213,-1.5593448502012346,-0.5133939344315338,0.05134248393303213,-1.5593448502012346,-0.5133939344315338,0.05134248393303213,-6.27226737232264,-2.87230705022679,-3.362148641647419,-6.27226737232264,-2.87230705022679,-3.362148641647419,-6.27226737232264,-2.87230705022679,-3.362148641647419,-6.27226737232264,-2.87230705022679,-3.362148641647419,0.0,0.0,0.0,987.9363056904217,-1.5593448502012346,-0.5133939344315338,0.05134248393303213,-6.27226737232264,-2.87230705022679,-3.362148641647419,1.729347181866759,-0.7227461693888725,-2.22025372877765,17.827666566445977,-5.000141545183471,-14.767412169173605
5.218,1,1,1,1,-0.30000000000000004,1.0012827159761078e-21,0.49999999999999994,0.0,0.0,0.0,-0.20375611551452777,-0.0,0.0,-0.8946860922601898,0.0,0.0,0.3285,0.19164302,-0.012182209999999971,0.3285,-0.19164302,-0.012182209999999971,-0.3285,0.19164302,-0.012182209999999971,-0.3285,-0.19164302,-0.012182209999999971,0.0,0.0,0.0,0.0,0.0,0.0,0.0,0.0,0.0,0.0,0.0,0.0,-38.74901946966203,-35.405473895342205,77.49803893932314,-38.74901946966142,-35.40547389531101,77.49803893932159,-38.74901946966182,-38.74901946966349,77.49803893932231,-38.74901946966255,-38.749019469662784,77.49803893932257,0.2626999999999995,0.002,0.9304000000000003,0.0,0.0,0.0,0.0,-0.0,0.0,0.0,0.0,0.0,0.0,0.0,0.0,-0.8921236178481307,-19.590642550757174,-0.185577690123698,28.639465718050324,-199.9999996669472,-0.8396753454322741,11.994913740445876,-6.304500187204318,-0.22323473513749656,-33.14105791899544,-199.9999999962877,-86.66462360616765,100.00000002145693,-100.00000000778125,99.99999996434926,100.00000000001347,33.071661199578564,100.00000000000013,5.020058544413786e-07,4.999795822905619e-07,6.2354969453644e-07,221.7276294926344,-221.72762947084996,277.1595368381496,6.036263044961743e-09,6.319275769328669e-09,7.991829420461727e-09,608.6261335306608,608.6261326983587,760.7826669130309,-1.7395073531052718,-0.31790434692029534,0.2389413399055689,0.6802680602330076,-0.36219230336034103,0.8107517444025757,-2.465770165214386,-0.37617498147134176,1.581503864122988,-1.7413463742994104,-2.588995389356335,0.6366532629109329,-1.558012204105503,-0.531457319446634,0.03904174011744105,-1.558012204105503,-0.531457319446634,0.03904174011744105,-1.558012204105503,-0.531457319446634,0.03904174011744105,-1.558012204105503,-0.531457319446634,0.03904174011744105,-1.7938324262955305,-2.0398405000634154,-2.4483772578587173,-1.7938324262955305,-2.0398405000634154,-2.4483772578587173,-1.7938324262955305,-2.0398405000634154,-2.4483772578587173,-1.7938324262955305,-2.0398405000634154,-2.4483772578587173,0.0,0.0,0.0,987.9363056904232,-1.558012204105503,-0.531457319446634,0.03904174011744105,-1.7938324262955305,-2.0398405000634154,-2.4483772578587173,2.011289475514812,-0.4646221662835974,-2.269064674656776,7.490843818900162,-1.2514143988223059,-4.185677208330948
5.238,1,1,1,1,-0.30000000000000004,1.0012827159761078e-21,0.49999999999999994,0.0,0.0,0.0,-0.22146898433877116,-0.0,0.0,-0.8780444547246474,0.0,0.0,0.3285,0.19164302,-0.012182209999999971,0.3285,-0.19164302,-0.012182209999999971,-0.3285,0.19164302,-0.012182209999999971,-0.3285,-0.19164302,-0.012182209999999971,0.0,0.0,0.0,0.0,0.0,0.0,0.0,0.0,0.0,0.0,0.0,0.0,-38.749019469661974,-38.749019469661164,77.49803893932307,-38.7490194696614,-38.74901946966049,77.4980389393215,-38.749019469661796,-38.7490194696635,77.49803893932229,-38.749019469662485,-38.74901946966276,77.49803893932254,0.2626999999999995,0.002,0.9304000000000003,0.0,0.0,0.0,0.0,-0.0,0.0,0.0,0.0,0.0,0.0,0.0,0.0,-8.186453733115725,-8.756860737247575,-0.19420864118339415,46.66797041918236,-200.0000001805699,108.42111612523847,12.507818302689321,-11.953228582713631,-0.09936997658362179,-29.40609963420211,-199.999999997848,-88.17824337623544,100.00000001614688,-99.99999998445259,100.00000000606528,100.00000000089037,32.149030582818135,99.9999997863731,-7.360705563097035e-08,-1.2870371228837496e-08,1.608755837729935e-08,556.2382697912294,-556.2382687867449,695.2978375572571,4.6173305026565316e-08,1.571964821020447e-07,5.7715467911390105e-08,643.9459068021266,643.945906938717,804.9323836733931,-1.7558908062504817,-0.3021914294389465,0.23500830105063455,0.7152735662787266,-0.37548199668127125,0.891664031010406,-2.525536532968863,-0.33477364368914064,1.6031267075155289,-2.1395086279426145,-3.0920705594361166,0.6754559613498237,-1.5302867767981636,-0.5515139569311206,0.04934074482039657,-1.5302867767981636,-0.5515139569311206,0.04934074482039657,-1.5302867767981636,-0.5515139569311206,0.04934074482039657,-1.5302867767981636,-0.5515139569311206,0.04934074482039657,-6.283048951611946,-7.211502756041196,1.2124861673602076,-6.283048951611946,-7.211502756041196,1.2124861673602076,-6.283048951611946,-7.211502756041196,1.2124861673602076,-6.283048951611946,-7.211502756041196,1.2124861673602076,0.0,0.0,0.0,987.9363056904255,-1.5302867767981636,-0.5515139569311206,0.04934074482039657,-6.283048951611946,-7.211502756041196,1.2124861673602076,1.9740240831997784,-0.7183562125363536,-1.780792425373363,16.457028244386002,28.205769076631675,-5.878120375223568
5.258,1,1,1,1,-0.30000000000000004,1.0012827159761078e-21,0.49999999999999994,0.0,0.0,0.0,-0.2388344867983514,-0.0,0.0,-0.8600881674768577,0.0,0.0,0.3285,0.19164302,-0.012182209999999971,0.3285,-0.19164302,-0.012182209999999971,-0.3285,0.19164302,-0.012182209999999971,-0.3285,-0.19164302,-0.012182209999999971,0.0,0.0,0.0,0.0,0.0,0.0,0.0,0.0,0.0,0.0,0.0,0.0,-38.74901946966197,-38.74901946966115,77.49803893932308,-38.74901946966138,-38.749019469660496,77.49803893932153,-38.749019469661796,-38.74901946966353,77.49803893932233,-38.749019469662514,-38.74901946966282,77.49803893932257,0.2626999999999995,0.002,0.9304000000000003,0.0,0.0,0.0,0.0,-0.0,0.0,0.0,0.0,0.0,0.0,0.0,0.0,0.5818080341175654,-22.587387394222347,0.0004463376047492572,17.914128532460566,-200.0000001264305,-7.134984537725186,9.48174650379435,-10.56564027581133,-0.020565238191504267,-5.07553702979974,-199.99999999039196,-60.946096432828874,100.00000000429469,-100.0000000632119,100.00000000117792,100.00000000004461,-26.81331175897293,99.99999999999979,-1.608505009187411e-07,-1.885951661506624e-08,5.647891043736308e-07,185.48752105081692,-185.4875193831687,231.85940319514208,3.986975158909445e-07,-3.967498400925251e-07,4.967613591588815e-07,466.93573318539563,466.9357331860713,583.6696664821905,-1.7731387277618533,-0.28487706893715004,0.23041942145168212,0.8494483560739795,-0.44669581242087325,0.8500387109395027,-2.591011790113015,-0.2844697456743994,1.6285017040185072,-2.4552619945191494,-3.1296594603731847,0.72849847499656,-1.5426978005535488,-0.5526278683609227,0.0608715968599186,-1.5426978005535488,-0.5526278683609227,0.0608715968599186,-1.5426978005535488,-0.5526278683609227,0.0608715968599186,-1.5426978005535488,-0.5526278683609227,0.0608715968599186,-6.34378738682358,-1.7012855216719744,-5.204313858362456,-6.34378738682358,-1.7012855216719744,-5.204313858362456,-6.34378738682358,-1.7012855216719744,-5.204313858362456,-6.34378738682358,-1.7012855216719744,-5.204313858362456,0.0,0.0,0.0,987.9363056904197,-1.5426978005535488,-0.5526278683609227,0.0608715968599186,-6.34378738682358,-1.7012855216719744,-5.204313858362456,2.5701470474942854,-0.7318009509465978,-1.8116412055657367,22.46467833131219,-26.173233665195408,9.571353168124116
5.2780000000000005,1,1,1,1,-0.30000000000000004,1.0012827159761078e-21,0.49999999999999994,0.0,0.0,0.0,-0.25582682752731767,-0.0,0.0,-0.8408630349395085,0.0,0.0,0.3285,0.19164302,-0.012182209999999971,0.3285,-0.19164302,-0.012182209999999971,-0.3285,0.19164302,-0.012182209999999971,-0.3285,-0.19164302,-0.012182209999999971,0.0,0.0,0.0,0.0,0.0,0.0,0.0,0.0,0.0,0.0,0.0,0.0,-38.74901946966197,-38.74901946966115,77.49803893932308,-38.749019469661384,-38.74901946966046,77.49803893932156,-38.749019469661775,-38.74901946966354,77.49803893932237,-38.74901946966246,-38.749019469662784,77.49803893932257,0.2626999999999995,0.002,0.9304000000000003,0.0,0.0,0.0,0.0,-0.0,0.0,0.0,0.0,0.0,0.0,0.0,0.0,128.30417989431075,142.42646518763533,57.247748460665406,-199.99999999996584,-199.99999956600357,-56.98693743340038,16.06759008408336,-12.428815857762526,0.08413684985663604,-3.5939592671058236,-200.0000000406051,-66.79457843178221,99.99999984075056,-99.99999939659926,99.99999999449726,99.99999999997357,100.00000000011877,100.00000000000058,168.38058922973084,219.57131032322565,274.46413790558904,-253.94745046564873,-253.9474504653969,317.43431308177014,8.028122462366838e-07,-2.1831352583490116e-06,1.002568749131072e-06,530.0076936661284,530.0076888974735,662.5096172267896,-1.7903231912335535,-0.26713933398328643,0.2255168400531161,0.8486774456925382,-0.4396827565827026,0.6914439941143469,-2.6549055770249357,-0.23698489262261258,1.6503282802923138,-1.806462123541174,-2.7806656868091153,0.6259281507714552,-1.5611247987386117,-0.5556260131170561,0.06993715528879882,-1.5611247987386117,-0.5556260131170561,0.06993715528879882,-1.5611247987386117,-0.5556260131170561,0.06993715528879882,-1.5611247987386117,-0.5556260131170561,0.06993715528879882,-9.910106099331607,-4.701840854742216,-6.020198194726127,-9.910106099331607,-4.701840854742216,-6.020198194726127,-9.910106099331607,-4.701840854742216,-6.020198194726127,-9.910106099331607,-4.701840854742216,-6.020198194726127,0.0,0.0,0.0,987.9363056904222,-1.5611247987386117,-0.5556260131170561,0.06993715528879882,-9.910106099331607,-4.701840854742216,-6.020198194726127,-3.0048832651345574,-0.5889719020069859,-2.0715721051746767,28.56113518323199,9.897885112410798,-18.662080142387563
5.298,1,1,1,1,-0.30000000000000004,1.0012827159761078e-21,0.49999999999999994,0.0,0.0,0.0,-0.2724211687171593,-0.0,0.0,-0.8204186314431269,0.0,0.0,0.3285,0.19164302,-0.012182209999999971,0.3285,-0.19164302,-0.012182209999999971,-0.3285,0.19164302,-0.012182209999999971,-0.3285,-0.19164302,-0.012182209999999971,0.0,0.0,0.0,0.0,0.0,0.0,0.0,0.0,0.0,0.0,0.0,0.0,-38.74901946966198,-38.74901946966112,77.49803893932307,-38.749019469661405,-38.74901946966043,77.49803893932152,-38.74901946966178,-38.749019469663565,77.49803893932234,-38.74901946966243,-38.749019469662834,77.49803893932258,0.2626999999999995,0.002,0.9304000000000003,0.0,0.0,0.0,0.0,-0.0,0.0,0.0,0.0,0.0,0.0,0.0,0.0,15.795024310373257,-35.77024949148549,0.16610009643725152,99.94240412146475,-200.0000000000536,-29.623583873512345,-6.590966679138828,-2.1600051979496078,0.05226695788847072,-6.656509759940704,-199.99999999999852,296.7033621831952,99.99999972545649,-99.99999990301912,100.00000019492013,99.99999999982627,-100.00000000002855,100.00000000000001,4.6264858610811643e-10,-3.6138203540758695e-10,8.150777830451261e-10,31.96797171847703,-196.36411998386345,245.45514998064434,1.9755418634304078e-07,4.495206837873411e-07,2.465752686475753e-07,406.1644483443523,-642.3690298174804,802.9612872728544,-1.8045568297361063,-0.25096910887821755,0.2220195584915861,0.7873183209817033,-0.4042427519372821,0.6745891687394086,-2.697165973473558,-0.20431386369177096,1.660977845250847,-1.7139132493854017,-2.337894961815645,0.668106168646756,-1.5588872008604877,-0.5481116301715225,0.0706909667483379,-1.5588872008604877,-0.5481116301715225,0.0706909667483379,-1.5588872008604877,-0.5481116301715225,0.0706909667483379,-1.5588872008604877,-0.5481116301715225,0.0706909667483379,-5.160992350213666,0.44736122833075465,-8.795742328881895,-5.160992350213666,0.44736122833075465,-8.795742328881895,-5.160992350213666,0.44736122833075465,-8.795742328881895,-5.160992350213666,0.44736122833075465,-8.795742328881895,0.0,0.0,0.0,987.9363056904215,-1.5588872008604877,-0.5481116301715225,0.0706909667483379,-5.160992350213666,0.44736122833075465,-8.795742328881895,-2.48329597194032,-0.6520709642833014,-1.9559397049954963,24.46268856491496,0.37230955080284955,27.854800289906876
5.3180000000000005,1,1,1,1,-0.30000000000000004,1.0012827159761078e-21,0.49999999999999994,0.0,0.0,0.0,-0.2885937055150293,-0.0,0.0,-0.7988083012313313,0.0,0.0,0.3285,0.19164302,-0.012182209999999971,0.3285,-0.19164302,-0.012182209999999971,-0.3285,0.19164302,-0.012182209999999971,-0.3285,-0.19164302,-0.012182209999999971,0.0,0.0,0.0,0.0,0.0,0.0,0.0,0.0,0.0,0.0,0.0,0.0,-38.749019469661974,-38.74901946966106,77.49803893932302,-38.749019469661405,-38.7490194696604,77.49803893932148,-38.74901946966179,-38.74901946966355,77.49803893932234,-38.74901946966241,-38.74901946966281,77.49803893932257,0.2626999999999995,0.002,0.9304000000000003,0.0,0.0,0.0,0.0,-0.0,0.0,0.0,0.0,0.0,0.0,0.0,0.0,-5.755845146529678,-1.2307031018545274,-0.03568054623007684,70.20635148681265,-199.99999998103482,91.23429878116696,16.683649538709073,-7.8109233233734905,0.2676409432726787,3.699948058052076,36.22283064805837,-0.28924191632569574,99.99999997544614,-100.00000043149448,100.00000000005055,99.99999965559657,-76.04675237872296,99.99999955544526,1.59422125278752e-07,5.541123115904156e-13,1.0700884622849571e-12,517.0247031821175,-517.0247031821177,646.2808789776459,1.0625323305646361e-06,-4.9781849753571805e-08,6.222408543976599e-08,5.244756451361354e-08,-8.43526315463805e-09,1.128618407619797e-06,-1.819970063652551,-0.23431991346734277,0.21365387107087908,0.8325621056427007,-0.4044318301658131,0.8772846011912385,-2.759654932667392,-0.16166276672732227,1.6818142127134563,-2.359115276753705,-3.5724668121012546,1.0751393702713024,-1.5623787001075717,-0.5417200628263039,0.08677103861727493,-1.5623787001075717,-0.5417200628263039,0.08677103861727493,-1.5623787001075717,-0.5417200628263039,0.08677103861727493,-1.5623787001075717,-0.5417200628263039,0.08677103861727493,-9.522261090587556,-1.2228893345876144,-12.269717246318613,-9.522261090587556,-1.2228893345876144,-12.269717246318613,-9.522261090587556,-1.2228893345876144,-12.269717246318613,-9.522261090587556,-1.2228893345876144,-12.269717246318613,0.0,0.0,0.0,987.9363056904228,-1.5623787001075717,-0.5417200628263039,0.08677103861727493,-9.522261090587556,-1.2228893345876144,-12.269717246318613,-2.0181381638641227,-0.6191717257809609,-1.9722371331065922,37.98107940956068,6.211777019274052,-5.508125448094463
5.338,1,1,1,1,-0.30000000000000004,1.0012827159761078e-21,0.49999999999999994,0.0,0.0,0.0,-0.3043217414219712,-0.0,0.0,-0.7760891584589938,0.0,0.0,0.3285,0.19164302,-0.012182209999999971,0.3285,-0.19164302,-0.012182209999999971,-0.3285,0.19164302,-0.012182209999999971,-0.3285,-0.19164302,-0.012182209999999971,0.0,0.0,0.0,0.0,0.0,0.0,0.0,0.0,0.0,0.0,0.0,0.0,-38.74901946966194,-38.74901946966104,77.49803893932292,-38.749019469661405,-38.749019469660375,77.49803893932146,-38.749019469661754,-38.74901946966358,77.49803893932238,-38.74901946966238,-38.749019469662805,77.49803893932256,0.2626999999999995,0.002,0.9304000000000003,0.0,0.0,0.0,0.0,-0.0,0.0,0.0,0.0,0.0,0.0,0.0,0.0,9.401968497740723,-39.291945117546405,0.3700836435173965,61.77331393467372,-199.99999998677754,-18.375427140630336,9.657242672521006,-3.9117442098196307,0.3634671318198407,-93.10831539808332,-106.17784763546331,39.447071955770625,100.00000000062681,-99.9999993917937,100.00000013253701,100.00000000010058,-30.468244304166628,100.0000000000002,8.236092696733976e-09,3.7331204794099904e-10,2.9180355909375066e-09,-190.31584955534936,-190.31584955042467,237.89481193859856,4.1534363504069916e-07,-4.079293915992821e-07,5.066725918823067e-07,-586.7330131414728,586.7330148749002,733.4162664180151,-1.8379872679408025,-0.21624573596489838,0.2016840562196334,0.965338651613441,-0.5713918527140441,0.97949070126379,-2.8374884813057126,-0.09898344822582872,1.7048003363849449,-3.103653423958931,-4.313289194849031,1.1270068234838169,-1.5659069371603553,-0.5327691355808493,0.10323146248145848,-1.5659069371603553,-0.5327691355808493,0.10323146248145848,-1.5659069371603553,-0.5327691355808493,0.10323146248145848,-1.5659069371603553,-0.5327691355808493,0.10323146248145848,-5.079920304096425,-1.8038842352525832,-6.787067394900443,-5.079920304096425,-1.8038842352525832,-6.787067394900443,-5.079920304096425,-1.8038842352525832,-6.787067394900443,-5.079920304096425,-1.8038842352525832,-6.787067394900443,0.0,0.0,0.0,987.9363056904238,-1.5659069371603553,-0.5327691355808493,0.10323146248145848,-5.079920304096425,-1.8038842352525832,-6.787067394900443,-1.5479100246791868,-0.6377990159190401,-1.9904329380975279,21.558791054641876,4.064917342120785,1.2778021133360593
5.3580000000000005,1,1,1,1,-0.30000000000000004,1.0012827159761078e-21,0.49999999999999994,0.0,0.0,0.0,-0.31958376369113967,-0.0,0.0,-0.7523220871921564,0.0,0.0,0.3285,0.19164302,-0.012182209999999971,0.3285,-0.19164302,-0.012182209999999971,-0.3285,0.19164302,-0.012182209999999971,-0.3285,-0.19164302,-0.012182209999999971,0.0,0.0,0.0,0.0,0.0,0.0,0.0,0.0,0.0,0.0,0.0,0.0,-38.74901946966194,-38.74901946966107,77.49803893932294,-38.74901946966135,-38.74901946966033,77.49803893932142,-38.749019469661725,-38.74901946966359,77.49803893932243,-38.74901946966237,-38.74901946966286,77.4980389393226,0.2626999999999995,0.002,0.9304000000000003,0.0,0.0,0.0,0.0,-0.0,0.0,0.0,0.0,0.0,0.0,0.0,0.0,200.00000059767817,92.93335783843283,85.77199507223067,199.9999999988419,-200.00000000007256,-16.287411203630224,200.0000002346191,137.17012290664704,-226.05812700626547,123.10580512386045,-199.99999994097598,320.00000000000756,100.00000000004007,99.999999582322,99.9999993116004,-100.00000000198729,99.99999954106721,-99.99999835542714,-207.2335508657892,207.23355032254415,259.04193769830283,-311.82594864578044,-311.82594921110666,389.7824365138335,782.8113513675802,782.8113513675958,978.5141892094862,1881.63137530922,-34.51690755530528,2352.039219222418,-1.8607801521134177,-0.1983804067813785,0.18265199171110894,1.0560466799870194,-0.9422103881205348,1.4256904554902503,-2.9937898228933517,-0.02846422433152518,1.7464802302642837,-1.6546289408855674,-12.401759929506424,4.800077021502419,-1.5732244685869157,-0.5216786364521259,0.11609047746601381,-1.5732244685869157,-0.5216786364521259,0.11609047746601381,-1.5732244685869157,-0.5216786364521259,0.11609047746601381,-1.5732244685869157,-0.5216786364521259,0.11609047746601381,-0.7834405102953035,-0.3462174709084338,8.584872991721674,-0.7834405102953035,-0.3462174709084338,8.584872991721674,-0.7834405102953035,-0.3462174709084338,8.584872991721674,-0.7834405102953035,-0.3462174709084338,8.584872991721674,0.0,0.0,0.0,510.62337928720075,-1.5732244685869157,-0.5216786364521259,0.11609047746601381,-0.7834405102953035,-0.3462174709084338,8.584872991721674,-1.1844021517124836,-0.38723904841955803,-2.2447784729216833,-9.154101948280864,-18.720830349534104,-6.570619350444144
5.378,1,1,1,1,-0.30000000000000004,1.0012827159761078e-21,0.49999999999999994,0.0,0.0,0.0,-0.33435951872602304,-0.0,0.0,-0.727571741406613,0.0,0.0,0.3285,0.19164302,-0.012182209999999971,0.3285,-0.19164302,-0.012182209999999971,-0.3285,0.19164302,-0.012182209999999971,-0.3285,-0.19164302,-0.012182209999999971,0.0,0.0,0.0,0.0,0.0,0.0,0.0,0.0,0.0,0.0,0.0,0.0,-38.74901946966194,-38.74901946966105,77.4980389393229,-38.74901946966131,-38.749019469660276,77.4980389393214,-38.74901946966169,-38.749019469663594,77.49803893932238,-38.74901946966232,-38.74901946966284,77.49803893932253,0.2626999999999995,0.002,0.9304000000000003,0.0,0.0,0.0,0.0,-0.0,0.0,0.0,0.0,0.0,0.0,0.0,0.0,199.99999999883556,168.1051329954801,80.0156697829412,199.99999999537766,-146.2328651618099,3.294229811262241,-199.99999998465518,199.99999975537008,-319.9999999999342,-107.49640530188506,-199.9999999997344,208.4520817230308,-100.00000014089814,100.0000000370056,-100.00000000553659,-99.99999999430851,-100.00000000007753,-99.99999999999949,-211.17886740868875,211.1788653158585,263.9735842592694,-2.0237371778364377e-09,-3.307624618642535e-09,1.1586640535909964e-09,-2085.333064412526,-864.3425663412058,3870.916258163733,-380.7634415678731,-380.7634423691263,475.9543064163345,-1.8882783501358638,-0.18212522662371375,0.15937036906087887,1.071252283023042,-0.9296616302825899,0.6369237117930006,3.053206932300034,0.029707104136027285,1.8082765037969866,-0.9949152007245324,-6.598146626182942,0.7900081538327213,-1.5464512742882397,-0.4832543803238957,0.16993228426807616,-1.5464512742882397,-0.4832543803238957,0.16993228426807616,-1.5464512742882397,-0.4832543803238957,0.16993228426807616,-1.5464512742882397,-0.4832543803238957,0.16993228426807616,5.976778871576331,8.459808547068931,6.1949981694171665,5.976778871576331,8.459808547068931,6.1949981694171665,5.976778871576331,8.459808547068931,6.1949981694171665,5.976778871576331,8.459808547068931,6.1949981694171665,0.0,0.0,625.2155256347244,395.1986716938491,-1.5464512742882397,-0.4832543803238957,0.16993228426807616,5.976778871576331,8.459808547068931,6.1949981694171665,-1.5288176078682565,-0.6435660244798055,-1.9827507703325464,-18.499737566876863,9.408927492425857,9.051456385753479
5.398,1,1,1,1,-0.30000000000000004,1.0012827159761078e-21,0.49999999999999994,0.0,0.0,0.0,-0.3486300874786713,-0.0,0.0,-0.7019065449906594,0.0,0.0,0.3285,0.19164302,-0.012182209999999971,0.3285,-0.19164302,-0.012182209999999971,-0.3285,0.19164302,-0.012182209999999971,-0.3285,-0.19164302,-0.012182209999999971,0.0,0.0,0.0,0.0,0.0,0.0,0.0,0.0,0.0,0.0,0.0,0.0,-38.7490194696619,-38.74901946966102,77.49803893932285,-38.749019469661306,-38.74901946966025,77.49803893932135,-38.74901946966163,-38.74901946966361,77.49803893932233,-38.74901946966232,-38.74901946966284,77.49803893932253,0.2626999999999995,0.002,0.9304000000000003,0.0,0.0,0.0,0.0,-0.0,0.0,0.0,0.0,0.0,0.0,0.0,0.0,56.673678970880545,-200.00000000475507,-128.9319315758654,-200.0000000202037,-199.99999680916244,320.00000001427713,-199.99999975582142,-199.99999987697174,-320.00000000558873,12.411773467515225,-107.99034958615651,320.00000000653563,40.811081992604784,-100.00000018714006,99.9999977434957,-100.0000000057457,-99.99999999697918,-100.00000000000013,252.05132410041747,-252.0513130929796,315.0641552708705,621.8783301497216,-901.6178234217316,1127.0222835218199,868.0071363332665,868.007137175973,1085.008921419679,590.5364115446899,-590.5364011584212,738.1705147171241,-1.8999669906652283,-0.17286851983412724,0.1591946770836078,0.15190969414604272,-0.19050758704810183,-0.23995827223591187,3.0270357091917517,0.060511007829936236,1.7898350983306988,-0.6490058197379833,1.310641740357832,-2.0794794785630906,-1.5496370675752824,-0.43301284233121873,0.17665736676529234,-1.5496370675752824,-0.43301284233121873,0.17665736676529234,-1.5496370675752824,-0.43301284233121873,0.17665736676529234,-1.5496370675752824,-0.43301284233121873,0.17665736676529234,4.576271636101299,7.983514074717246,0.7585072005142219,4.576271636101299,7.983514074717246,0.7585072005142219,4.576271636101299,7.983514074717246,0.7585072005142219,4.576271636101299,7.983514074717246,0.7585072005142219,0.0,0.0,0.0,0.0,-1.5496370675752824,-0.43301284233121873,0.17665736676529234,4.576271636101299,7.983514074717246,0.7585072005142219,-1.5958040129652786,-0.6690263058093913,-2.29057499722631,-12.487894618782674,12.31635342783328,-4.027667644755011
5.418,1,1,1,1,-0.30000000000000004,1.0012827159761078e-21,0.49999999999999994,0.0,0.0,0.0,-0.36237796084791574,-0.0,0.0,-0.6753986917441978,0.0,0.0,0.3285,0.19164302,-0.012182209999999971,0.3285,-0.19164302,-0.012182209999999971,-0.3285,0.19164302,-0.012182209999999971,-0.3285,-0.19164302,-0.012182209999999971,0.0,0.0,0.0,0.0,0.0,0.0,0.0,0.0,0.0,0.0,0.0,0.0,-38.74901946966186,-38.74901946966099,77.49803893932281,-38.749019469661285,-38.74901946966023,77.4980389393213,-38.749019469661576,-38.74901946966363,77.4980389393223,-38.74901946966233,-38.74901946966286,77.49803893932256,0.2626999999999995,0.002,0.9304000000000003,0.0,0.0,0.0,0.0,-0.0,0.0,0.0,0.0,0.0,0.0,0.0,0.0,6.938764285152679,-199.99999867725427,-32.415204831953005,199.99999999999622,-199.99999999536573,86.1643626338231,57.851228478274265,199.99999967324032,319.9999951959245,-199.99999995719475,-200.00000011451314,50.79425035835046,-100.00000000141802,-100.00000061297996,99.99999509795646,99.99999999613375,-100.00000000000108,100.00000000000006,54.13197847508764,-54.13197898258487,67.66497372677583,-3.552877382295705e-07,-3.5929596164940847e-07,4.441275395228317e-07,3761.172503998695,148.2664628073808,4701.465632285517,2.7142962721882213e-07,2.75685835049444e-07,3.3804099075496197e-07,-1.8988030816205825,-0.17578621889801146,0.16794866810691075,-0.15301860384170574,0.06685275291252143,-0.8167867637289214,3.039063232355354,0.03768197209435309,1.749225792171323,-0.022833958829651113,-0.5087505185904784,-2.2276127488004955,-1.5617123482129287,-0.39131835215444316,0.16645749089039408,-1.5617123482129287,-0.39131835215444316,0.16645749089039408,-1.5617123482129287,-0.39131835215444316,0.16645749089039408,-1.5617123482129287,-0.39131835215444316,0.16645749089039408,3.5111702317894506,8.9426304112359,-1.7483729933896708,3.5111702317894506,8.9426304112359,-1.7483729933896708,3.5111702317894506,8.9426304112359,-1.7483729933896708,3.5111702317894506,8.9426304112359,-1.7483729933896708,0.0,0.0,1875.6322633117893,0.0,-1.5617123482129287,-0.39131835215444316,0.16645749089039408,3.5111702317894506,8.9426304112359,-1.7483729933896708,-1.707670809085199,-0.7362439104472709,-2.6096363923886337,-14.435688480986512,13.21684852236196,8.388325353769636
5.438,1,1,1,1,-0.30000000000000004,1.0012827159761078e-21,0.49999999999999994,0.0,0.0,0.0,-0.3755871150775943,-0.0,0.0,-0.6481241453762733,0.0,0.0,0.3285,0.19164302,-0.012182209999999971,0.3285,-0.19164302,-0.012182209999999971,-0.3285,0.19164302,-0.012182209999999971,-0.3285,-0.19164302,-0.012182209999999971,0.0,0.0,0.0,0.0,0.0,0.0,0.0,0.0,0.0,0.0,0.0,0.0,-38.74901946966185,-38.74901946966098,77.49803893932278,-38.74901946966125,-38.749019469660226,77.49803893932126,-38.74901946966152,-38.74901946966359,77.49803893932229,-38.74901946966232,-38.74901946966282,77.49803893932257,0.2626999999999995,0.002,0.9304000000000003,0.0,0.0,0.0,0.0,-0.0,0.0,0.0,0.0,0.0,0.0,0.0,0.0,199.99999979349644,-199.99999999826863,-320.00000000034754,68.29768470126557,200.00000000158002,-0.13907096358804427,199.99999976615464,-199.99999984796924,320.0000003224615,-199.9999997614647,-200.00000049462687,114.94976070026071,-99.99999775670167,-99.99999999868268,99.99999993470395,99.99999999984365,-99.99999884277511,100.00000000000057,-1277.497213493015,1277.4972144242497,1596.871517210353,-18.428548112779037,18.428547862951774,23.035685847032696,-852.2440269601661,2493.0575655378743,3116.321959018867,541.8869760204723,541.8869750927353,677.3587200168213,-1.9052691603077696,-0.17318717260139557,0.18247789537256445,0.28396725058683314,-0.3451577339341379,-0.8375781618097912,2.9827806189762116,0.05599669099120397,1.7068303278393973,-1.3404782623728406,-3.276345688661696,-2.650374738782217,-1.5453970695905852,-0.3934030225800494,0.1547038450449058,-1.5453970695905852,-0.3934030225800494,0.1547038450449058,-1.5453970695905852,-0.3934030225800494,0.1547038450449058,-1.5453970695905852,-0.3934030225800494,0.1547038450449058,-1.979836208739349,-6.845493125263486,-5.709334089642747,-1.979836208739349,-6.845493125263486,-5.709334089642747,-1.979836208739349,-6.845493125263486,-5.709334089642747,-1.979836208739349,-6.845493125263486,-5.709334089642747,0.0,0.0,924.63433914249,0.0,-1.5453970695905852,-0.3934030225800494,0.1547038450449058,-1.979836208739349,-6.845493125263486,-5.709334089642747,-1.29046618034244,-0.21629956530126115,-2.3584461412184634,11.923529148184468,-5.649471042975751,31.707253167603703
5.458,1,1,1,1,-0.30000000000000004,1.0012827159761078e-21,0.49999999999999994,0.0,0.0,0.0,-0.3882430871547779,-0.0,0.0,-0.6201626395093216,0.0,0.0,0.3285,0.19164302,-0.012182209999999971,0.3285,-0.19164302,-0.012182209999999971,-0.3285,0.19164302,-0.012182209999999971,-0.3285,-0.19164302,-0.012182209999999971,0.0,0.0,0.0,0.0,0.0,0.0,0.0,0.0,0.0,0.0,0.0,0.0,-38.749019469661846,-38.74901946966094,77.49803893932277,-38.74901946966126,-38.749019469660254,77.49803893932128,-38.74901946966144,-38.74901946966359,77.4980389393222,-38.749019469662244,-38.74901946966279,77.49803893932248,0.2626999999999995,0.002,0.9304000000000003,0.0,0.0,0.0,0.0,-0.0,0.0,0.0,0.0,0.0,0.0,0.0,0.0,-140.0744175053924,200.000000004128,1.9511991321749635,200.0000000000565,-200.00000000416995,9.367168896683754,28.166340539419878,-174.6280307866267,173.88540945479528,-200.0000000010259,86.79969292314098,141.2710070327983,-99.99999985218314,-100.0000000114098,99.99999998975987,-100.00000000056752,-99.99999999624663,-100.0000000000007,-1.690886042352924e-06,-1.6558482142892085e-06,2.1404737849401844e-06,-4.443050278177263e-07,1.4653917893075671e-06,5.302369790946559e-07,1268.242699798135,1778.48475392042,2223.1059482957967,335.2442148122307,335.24421658213015,419.0552696495552,-1.918628423649602,-0.16719025237197638,0.18772778275409627,0.35495904947563445,-0.42911186121545936,-0.23853717567726718,2.7979251482706005,0.09253446200747661,1.7031212153534216,0.04957301977856381,-8.641103657231918,-2.0878248663414127,-1.4818144155986672,-0.4330878130909241,0.1647953545044035,-1.4818144155986672,-0.4330878130909241,0.1647953545044035,-1.4818144155986672,-0.4330878130909241,0.1647953545044035,-1.4818144155986672,-0.4330878130909241,0.1647953545044035,1.88824599869831,-3.2552688566318455,21.04463974394485,1.88824599869831,-3.2552688566318455,21.04463974394485,1.88824599869831,-3.2552688566318455,21.04463974394485,1.88824599869831,-3.2552688566318455,21.04463974394485,1041.399258627816,0.0,731.6963072550705,0.0,-1.4818144155986672,-0.4330878130909241,0.1647953545044035,1.88824599869831,-3.2552688566318455,21.04463974394485,-1.3997842137161987,0.17128150008330234,-2.2485594851275295,-44.28657912643206,8.769911572173582,29.149115429810998
5.478,1,1,1,1,-0.30000000000000004,1.0012827159761078e-21,0.49999999999999994,0.0,0.0,0.0,-0.400333050207987,-0.0,0.0,-0.5915976776759588,0.0,0.0,0.3285,0.19164302,-0.012182209999999971,0.3285,-0.19164302,-0.012182209999999971,-0.3285,0.19164302,-0.012182209999999971,-0.3285,-0.19164302,-0.012182209999999971,0.0,0.0,0.0,0.0,0.0,0.0,0.0,0.0,0.0,0.0,0.0,0.0,-38.74901946966186,-38.749019469660915,77.49803893932274,-38.74901946966125,-38.74901946966025,77.49803893932125,-38.74901946966139,-38.74901946966353,77.49803893932219,-38.74901946966222,-38.749019469662734,77.49803893932244,0.2626999999999995,0.002,0.9304000000000003,0.0,0.0,0.0,0.0,-0.0,0.0,0.0,0.0,0.0,0.0,0.0,0.0,198.87066247214918,39.41379878531925,0.6390074455466415,-199.99999999995407,-119.71942280749134,91.93697316223232,-200.0000000115676,-199.99999988908104,-320.00000000000875,-199.99999999936543,-4.685232754325957,49.6942324226467,-99.9999996809614,-99.99999988187518,99.99999978428457,100.00000000068293,-99.9999998104332,100.00000000000004,3.5517114693739416e-08,-2.6776560935193316e-07,3.358118534357857e-07,-565.3451194213953,-565.3451194191198,706.6813992768715,751.185926844688,-29.179588410507247,938.9824077040802,562.3524282336672,-562.3524284135888,702.9405352937592,-1.9208736132673414,-0.16067810936869475,0.18793686155159195,0.20977827716016484,0.2813005822865248,0.015355803067432713,2.6985213430174277,0.12877958036859294,1.7030863613631397,-1.2833926414310588,-0.32400932112916847,-0.22209764170972174,-1.4550290512103583,-0.4179879888347807,0.15035141853871734,-1.4550290512103583,-0.4179879888347807,0.15035141853871734,-1.4550290512103583,-0.4179879888347807,0.15035141853871734,-1.4550290512103583,-0.4179879888347807,0.15035141853871734,-3.01437198411124,-3.5221083532274298,8.365334607942946,-3.01437198411124,-3.5221083532274298,8.365334607942946,-3.01437198411124,-3.5221083532274298,8.365334607942946,-3.01437198411124,-3.5221083532274298,8.365334607942946,537.0890309706051,0.0,441.0798902878455,0.0,-1.4550290512103583,-0.4179879888347807,0.15035141853871734,-3.01437198411124,-3.5221083532274298,8.365334607942946,-2.215477694721143,0.5878127710908405,-2.3897687999986936,-23.587986096293612,-4.518575511558941,9.833854350463584
5.498,1,1,1,1,-0.30000000000000004,1.0012827159761078e-21,0.49999999999999994,0.0,0.0,0.0,-0.4118458889054238,-0.0,0.0,-0.562516533320313,0.0,0.0,0.3285,0.19164302,-0.012182209999999971,0.3285,-0.19164302,-0.012182209999999971,-0.3285,0.19164302,-0.012182209999999971,-0.3285,-0.19164302,-0.012182209999999971,0.0,0.0,0.0,0.0,0.0,0.0,0.0,0.0,0.0,0.0,0.0,0.0,-38.74901946966185,-38.74901946966088,77.49803893932271,-38.749019469661235,-38.749019469660205,77.49803893932123,-38.74901946966141,-38.749019469663565,77.49803893932221,-38.74901946966221,-38.74901946966275,77.49803893932238,0.2626999999999995,0.002,0.9304000000000003,0.0,0.0,0.0,0.0,-0.0,0.0,0.0,0.0,0.0,0.0,0.0,0.0,199.99999982755503,199.99999999989507,-307.6166226553923,199.999999859112,-200.00000000049258,-108.87121893687983,72.69429045035506,-115.96958815862858,-320.0000000002141,-200.00000002103673,-162.99379922491983,15.054106444028491,99.99999999962056,-100.00000010700661,-99.99999970104658,100.00000000003119,-99.9999987957485,99.99999944170926,936.0645181825997,936.0645132183282,1170.0806477262292,29.048239295339837,209.08667379648278,261.35834152119463,523.8937478634969,523.893748945568,654.8671848285973,343.23027296485327,-343.2302664242597,429.0378412053528,-1.9185568242378797,-0.1568597822816864,0.19207389428259466,0.13813437103341525,-0.01604829996268585,-0.26955009507072064,2.712937554552244,0.12252906702114763,1.6740868924060979,0.44324348143891,-0.0009869680881737786,-1.9384123399322515,-1.423497135769522,-0.4125042881550095,0.15112639830373575,-1.423497135769522,-0.4125042881550095,0.15112639830373575,-1.423497135769522,-0.4125042881550095,0.15112639830373575,-1.423497135769522,-0.4125042881550095,0.15112639830373575,1.0766976937740305,-2.493631646046179,-0.7738873747008377,1.0766976937740305,-2.493631646046179,-0.7738873747008377,1.0766976937740305,-2.493631646046179,-0.7738873747008377,1.0766976937740305,-2.493631646046179,-0.7738873747008377,466.21070393852426,0.0,463.3131860008896,0.0,-1.423497135769522,-0.4125042881550095,0.15112639830373575,1.0766976937740305,-2.493631646046179,-0.7738873747008377,-2.70142191045772,0.38108132328531696,-2.358814962454279,4.043109524589298,10.118273689191406,-12.765929393637258
5.518,1,1,1,1,-0.30000000000000004,1.0012827159761078e-21,0.49999999999999994,0.0,0.0,0.0,-0.4227722748531879,-0.0,0.0,-0.5330102497964218,0.0,0.0,0.3285,0.19164302,-0.012182209999999971,0.3285,-0.19164302,-0.012182209999999971,-0.3285,0.19164302,-0.012182209999999971,-0.3285,-0.19164302,-0.012182209999999971,0.0,0.0,0.0,0.0,0.0,0.0,0.0,0.0,0.0,0.0,0.0,0.0,-38.74901946966186,-38.749019469660894,77.49803893932271,-38.749019469661185,-38.749019469660205,77.49803893932122,-38.74901946966141,-38.74901946966359,77.49803893932219,-38.74901946966221,-38.74901946966276,77.49803893932236,0.2626999999999995,0.002,0.9304000000000003,0.0,0.0,0.0,0.0,-0.0,0.0,0.0,0.0,0.0,0.0,0.0,0.0,63.71844586032143,112.3120425289102,1.9796676644439861,3.723613228738698,-15.244233006313369,0.787541993000294,-44.09768077474574,171.76511699651996,-320.00000018299255,-199.99999999544508,-103.0262111035492,-2.3071391105767054,99.99999997089401,-99.99999999996342,100.00000000000523,-48.90564801348791,-100.00000000000163,-99.99999810673266,8.668621376273222e-13,1.8061996343021747e-11,6.160405519040069e-11,4.4623114092701144e-08,2.6419405330102563e-07,3.302724707054949e-07,-1014.1107245110493,-1634.0416739080767,2042.5520923851977,453.81937250546497,-453.81937250549345,567.2742156318808,-1.9265937878194743,-0.15573618163764263,0.1926788548805977,0.033270359454236544,-0.4810727232170628,-0.174990662235038,2.6270489851408745,0.10531470723950154,1.6607433235612103,0.8675699445508807,-4.457808091171061,-3.123844229678169,-1.399049340005024,-0.4010252731638039,0.14315269288756743,-1.399049340005024,-0.4010252731638039,0.14315269288756743,-1.399049340005024,-0.4010252731638039,0.14315269288756743,-1.399049340005024,-0.4010252731638039,0.14315269288756743,-1.190641611616434,-2.4182407927959293,10.249304074906515,-1.190641611616434,-2.4182407927959293,10.249304074906515,-1.190641611616434,-2.4182407927959293,10.249304074906515,-1.190641611616434,-2.4182407927959293,10.249304074906515,1004.46791840707,146.39391091675603,731.0836051084605,0.0,-1.399049340005024,-0.4010252731638039,0.14315269288756743,-1.190641611616434,-2.4182407927959293,10.249304074906515,2.9825260827022984,0.36692196322658654,-2.3327208781886286,-23.352980259272435,-7.846878848537157,1.037688614996342
5.538,1,1,1,1,-0.30000000000000004,1.0012827159761078e-21,0.49999999999999994,0.0,0.0,0.0,-0.43310474199351057,-0.0,0.0,-0.5031736403735241,0.0,0.0,0.3285,0.19164302,-0.012182209999999971,0.3285,-0.19164302,-0.012182209999999971,-0.3285,0.19164302,-0.012182209999999971,-0.3285,-0.19164302,-0.012182209999999971,0.0,0.0,0.0,0.0,0.0,0.0,0.0,0.0,0.0,0.0,0.0,0.0,-38.74901946966187,-38.74901946966092,77.49803893932271,-38.749019469661185,-38.74901946966018,77.49803893932122,-38.74901946966137,-38.74901946966357,77.49803893932216,-38.74901946966217,-38.74901946966273,77.4980389393223,0.2626999999999995,0.002,0.9304000000000003,0.0,0.0,0.0,0.0,-0.0,0.0,0.0,0.0,0.0,0.0,0.0,0.0,52.00912079582913,199.99999998405158,2.6668827355743825,-46.793130771781904,9.326879896512926,0.5164064568965313,136.5229180872412,-59.759226918294274,-319.9999998927701,-91.46059935034853,-67.77067288274188,12.722665556440937,-15.604950299485921,-99.9999969593366,99.99999999437686,-99.9999999910923,-100.00000000008366,-99.99999999999925,-5.162353886589699e-07,5.268879874620325e-07,6.47224510430533e-07,-1.809670521879525e-06,-4.971831515376834e-07,2.2621825195301426e-06,753.7412761536298,321.7902555725477,942.176594025904,197.66936468655726,-197.66935754146652,247.0867011257007,-1.938474213441884,-0.1578820862853553,0.1896469707969508,-0.07892892707552046,-0.6089420000186059,-0.30440876216087426,2.48829531333501,0.09497585955259491,1.662360219102299,1.253683470809011,-6.927384279036092,-5.3915445390983185,-1.412144323983293,-0.3658136461123797,0.1155056038339155,-1.412144323983293,-0.3658136461123797,0.1155056038339155,-1.412144323983293,-0.3658136461123797,0.1155056038339155,-1.412144323983293,-0.3658136461123797,0.1155056038339155,-3.479247105685447,-4.7170537078928945,6.440050729628985,-3.479247105685447,-4.7170537078928945,6.440050729628985,-3.479247105685447,-4.7170537078928945,6.440050729628985,-3.479247105685447,-4.7170537078928945,6.440050729628985,1016.3223258398555,7.678685059979616,614.1868141594325,0.0,-1.412144323983293,-0.3658136461123797,0.1155056038339155,-3.479247105685447,-4.7170537078928945,6.440050729628985,2.5885921009655717,0.5696876807428968,-2.3660235131012475,-23.08707413896711,-9.946789918675819,-4.643188564043015
5.558,1,1,1,1,-0.30000000000000004,1.0012827159761078e-21,0.49999999999999994,0.0,0.0,0.0,-0.4428377620029623,-0.0,0.0,-0.47310528822480324,0.0,0.0,0.3285,0.19164302,-0.012182209999999971,0.3285,-0.19164302,-0.012182209999999971,-0.3285,0.19164302,-0.012182209999999971,-0.3285,-0.19164302,-0.012182209999999971,0.0,0.0,0.0,0.0,0.0,0.0,0.0,0.0,0.0,0.0,0.0,0.0,-38.749019469661825,-38.749019469660865,77.49803893932264,-38.74901946966117,-38.74901946966014,77.49803893932123,-38.749019469661334,-38.74901946966353,77.49803893932209,-38.749019469662166,-38.7490194696627,77.4980389393223,0.2626999999999995,0.002,0.9304000000000003,0.0,0.0,0.0,0.0,-0.0,0.0,0.0,0.0,0.0,0.0,0.0,0.0,74.62645666005277,-100.14293480167552,-111.7481966647817,119.11327993086371,4.9482498710145375,0.2713132608447001,80.3063340924769,-8.725100004522204,-320.0000009465109,-199.99999999999898,97.57900261416944,173.77690942390205,99.99999990441793,99.99999979901875,100.00000001442464,-99.99999999868962,-4.765400245123661,-99.99999586260667,1271.2012625758073,1271.2012625758325,1589.0015782197681,-7.410964713017165e-07,-2.9368845844146563e-07,2.3028434270599973e-07,658.5104655271698,-552.6987398090362,823.1380835587165,814.3825007178406,-814.3825011939136,1017.9781270750218,-1.9516971533249843,-0.16139453321142555,0.1879339256496645,-0.1037375542643544,-0.5985607362334457,-0.3640673202097712,2.2750390455842995,0.09177505598700608,1.6725695560186131,1.7440648734260749,-7.332513224103312,-9.06937686229328,-1.4448543844659945,-0.3157083172844033,0.07941327683406232,-1.4448543844659945,-0.3157083172844033,0.07941327683406232,-1.4448543844659945,-0.3157083172844033,0.07941327683406232,-1.4448543844659945,-0.3157083172844033,0.07941327683406232,-4.41268284493578,-9.544513171619553,6.999988796356815,-4.41268284493578,-9.544513171619553,6.999988796356815,-4.41268284493578,-9.544513171619553,6.999988796356815,-4.41268284493578,-9.544513171619553,6.999988796356815,1004.4679184070707,0.0,575.312362347511,0.0,-1.4448543844659945,-0.3157083172844033,0.07941327683406232,-4.41268284493578,-9.544513171619553,6.999988796356815,1.9882582713992036,0.8029472318127433,-2.4326806356728685,-33.847065678700886,-8.842413366670918,-8.53214833008865
5.578,1,1,1,1,-0.30000000000000004,1.0012827159761078e-21,0.49999999999999994,0.0,0.0,0.0,-0.4519678196906937,-0.0,0.0,-0.44290754644140184,0.0,0.0,0.3285,0.19164302,-0.012182209999999971,0.3285,-0.19164302,-0.012182209999999971,-0.3285,0.19164302,-0.012182209999999971,-0.3285,-0.19164302,-0.012182209999999971,0.0,0.0,0.0,0.0,0.0,0.0,0.0,0.0,0.0,0.0,0.0,0.0,-38.74901946966181,-38.74901946966084,77.49803893932264,-38.749019469661135,-38.749019469660155,77.4980389393212,-38.74901946966131,-38.74901946966357,77.49803893932211,-38.74901946966221,-38.749019469662734,77.49803893932237,0.2626999999999995,0.002,0.9304000000000003,0.0,0.0,0.0,0.0,-0.0,0.0,0.0,0.0,0.0,0.0,0.0,0.0,38.494354822896355,88.22694392398726,-14.89288028577943,199.99999999943347,-26.166511691942063,-0.05009043331853264,96.08479698072524,23.75423317929199,-320.0000000612749,-199.99999951404277,199.99999979914904,229.51663721970374,-4.915703661098444,99.99999993885574,99.99999999337894,-100.00000000000013,-100.00000000000003,99.99999830965854,178.28103113905416,178.28103038918775,222.8512889237616,2.3725466036239595e-13,-8.531997908178823e-08,6.159517340620368e-13,625.7577985747973,-662.5033552471306,828.1291930529981,877.914878298398,-1054.262845762851,1317.8285541157275,-1.9596177544606284,-0.1650756301768161,0.1791844568977058,-0.17337041158047495,-0.6037865342534532,0.04966454761281369,2.131103561155605,0.0826190118191199,1.674844511075915,0.6545998025079469,-2.217606263017271,-4.111436669785557,-1.4724635713805176,-0.26608053491250716,0.0280352479469572,-1.4724635713805176,-0.26608053491250716,0.0280352479469572,-1.4724635713805176,-0.26608053491250716,0.0280352479469572,-1.4724635713805176,-0.26608053491250716,0.0280352479469572,-0.8146749965667364,11.14951528358491,-8.790896226820802,-0.8146749965667364,11.14951528358491,-8.790896226820802,-0.8146749965667364,11.14951528358491,-8.790896226820802,-0.8146749965667364,11.14951528358491,-8.790896226820802,1004.4679184070698,0.0,591.11164039797,525.5553549004641,-1.4724635713805176,-0.26608053491250716,0.0280352479469572,-0.8146749965667364,11.14951528358491,-8.790896226820802,1.5598114795548081,0.9109947754818704,-2.49588179122071,21.894527169785338,3.9016872787321653,-1.1724286620549025
5.598,1,1,1,1,-0.30000000000000004,1.0012827159761078e-21,0.49999999999999994,0.0,0.0,0.0,-0.46049348839664844,-0.0,0.0,-0.41268653802265304,0.0,0.0,0.3285,0.19164302,-0.012182209999999971,0.3285,-0.19164302,-0.012182209999999971,-0.3285,0.19164302,-0.012182209999999971,-0.3285,-0.19164302,-0.012182209999999971,0.0,0.0,0.0,0.0,0.0,0.0,0.0,0.0,0.0,0.0,0.0,0.0,-38.74901946966176,-38.7490194696608,77.49803893932258,-38.74901946966111,-38.74901946966014,77.49803893932115,-38.749019469661306,-38.7490194696636,77.49803893932214,-38.74901946966221,-38.74901946966274,77.49803893932236,0.2626999999999995,0.002,0.9304000000000003,0.0,0.0,0.0,0.0,-0.0,0.0,0.0,0.0,0.0,0.0,0.0,0.0,-137.2083132828913,-200.00000000001347,-0.49819265432708265,84.27317169450194,-58.940939296366956,0.8904498939757253,199.99999972768472,22.74070260684978,-193.86287354767998,-200.0000004387154,-199.9999999998279,-53.36082735594905,-100.00000000655434,-99.99999999937938,40.43451363944353,99.99999999996452,-99.99999999994694,-99.99999999999928,-1.4416697311503412e-06,-6.075666261207147e-07,1.8035281259543012e-06,-1.5279354486086305e-06,6.15079935872842e-08,7.659182132968567e-08,540.4165247676408,540.4165248067889,675.5206559628531,-78.9280384374873,-550.6933537720569,688.3666953400287,-1.9631245824846506,-0.17133930813998793,0.16615178395057434,-0.28799512414987094,-0.8043667413928431,0.18198647096748913,2.063769076448395,0.08209364869684466,1.677826084244741,0.41920063027913895,-0.9027918307203326,-0.8573267111430147,-1.4929299590263243,-0.19340480589165665,-0.015809240044122146,-1.4929299590263243,-0.19340480589165665,-0.015809240044122146,-1.4929299590263243,-0.19340480589165665,-0.015809240044122146,-1.4929299590263243,-0.19340480589165665,-0.015809240044122146,2.584276541251117,-29.02859594118261,16.067010050261544,2.584276541251117,-29.02859594118261,16.067010050261544,2.584276541251117,-29.02859594118261,16.067010050261544,2.584276541251117,-29.02859594118261,16.067010050261544,1004.4679184070657,0.0,676.9644525270631,346.23831084584015,-1.4929299590263243,-0.19340480589165665,-0.015809240044122146,2.584276541251117,-29.02859594118261,16.067010050261544,1.5711257174209396,0.8797562596134174,-2.4669131632225936,-81.3997792050622,3.9771305873167435,10.233680034041935
5.618,1,1,1,1,-0.30000000000000004,1.0012827159761078e-21,0.49999999999999994,0.0,0.0,0.0,-0.4684155053897918,-0.0,0.0,-0.38255215588006464,0.0,0.0,0.3285,0.19164302,-0.012182209999999971,0.3285,-0.19164302,-0.012182209999999971,-0.3285,0.19164302,-0.012182209999999971,-0.3285,-0.19164302,-0.012182209999999971,0.0,0.0,0.0,0.0,0.0,0.0,0.0,0.0,0.0,0.0,0.0,0.0,-38.749019469661796,-38.74901946966081,77.49803893932256,-38.7490194696611,-38.74901946966012,77.49803893932112,-38.74901946966128,-38.74901946966359,77.49803893932213,-38.7490194696622,-38.749019469662755,77.49803893932236,0.2626999999999995,0.002,0.9304000000000003,0.0,0.0,0.0,0.0,-0.0,0.0,0.0,0.0,0.0,0.0,0.0,0.0,-48.82367653347268,-199.99999991833403,-320.00000035313565,-199.9999999994178,-199.99999999865847,-31.063362171877746,199.99999999995904,26.332408260346217,-319.99999933336136,-199.99999999996663,199.9999999991116,221.84956000092646,100.00000000046117,100.00000000060828,99.99999999996416,29.66104761875168,99.9999996459496,99.99999999999983,-563.0253508335638,-283.5614563673431,703.7816885413747,-287.2631640203787,-287.26316314225744,359.0789549733844,753.5196653059404,59.5426473603566,941.8995816306044,825.0433291173437,-914.1449642632258,1142.6812070241108,-1.9638076657995105,-0.1771699713000231,0.15629318635452497,-0.24219818133063598,-0.06367690971485855,0.24509030914532776,2.1946653797815165,0.0684503180005891,1.6892899000189479,0.18765622588242525,7.243535566001906,8.05123920121832,-1.5439667489450402,-0.1205425026124308,-0.053260346314330576,-1.5439667489450402,-0.1205425026124308,-0.053260346314330576,-1.5439667489450402,-0.1205425026124308,-0.053260346314330576,-1.5439667489450402,-0.1205425026124308,-0.053260346314330576,-0.889833060876519,0.39274722732467726,9.69883611148998,-0.889833060876519,0.39274722732467726,9.69883611148998,-0.889833060876519,0.39274722732467726,9.69883611148998,-0.889833060876519,0.39274722732467726,9.69883611148998,1004.4679184070736,0.0,605.8342864231608,485.50140705385877,-1.5439667489450402,-0.1205425026124308,-0.053260346314330576,-0.889833060876519,0.39274722732467726,9.69883611148998,0.5683721152285719,0.47755531209651014,-2.2399511260807223,-14.073472697977511,-17.919858191882966,27.089569995203455
5.638,1,1,1,1,-0.30000000000000004,1.0012827159761078e-21,0.49999999999999994,0.0,0.0,0.0,-0.47573684726632937,-0.0,0.0,-0.3526180628356675,0.0,0.0,0.3285,0.19164302,-0.012182209999999971,0.3285,-0.19164302,-0.012182209999999971,-0.3285,0.19164302,-0.012182209999999971,-0.3285,-0.19164302,-0.012182209999999971,0.0,0.0,0.0,0.0,0.0,0.0,0.0,0.0,0.0,0.0,0.0,0.0,-38.7490194696618,-38.74901946966081,77.49803893932257,-38.7490194696611,-38.74901946966013,77.49803893932112,-38.74901946966127,-38.749019469663615,77.49803893932216,-38.7490194696622,-38.749019469662784,77.49803893932241,0.2626999999999995,0.002,0.9304000000000003,0.0,0.0,0.0,0.0,-0.0,0.0,0.0,0.0,0.0,0.0,0.0,0.0,-200.00000000029888,-199.99999982544912,-181.8689939006847,144.5600467545632,8.690660281621655,0.6384803596462908,88.36227779636147,1.0187296448853047,-320.00000028145155,-174.67391325339787,200.00000000000006,215.76783859785454,-99.99999999951136,5.606114787352453,100.00000000023302,100.00000000001394,99.999999321794,99.99999966195155,-608.8868988905344,-306.9670885650157,761.1086235964833,2.6117584681628614e-06,-9.518922183815448e-08,8.526512829121202e-13,569.2099218817796,-569.2099159246725,711.512402352226,787.9144933471982,-787.914493611079,984.8931170138487,-1.954099343105037,-0.1819709900329402,0.15562664714764268,-0.2923383075990611,0.3198276634289785,0.38310074860322657,2.4310199207979455,0.009821208590726771,1.7071458893074156,1.9535062715961864,7.269363455471944,4.469475651594836,-1.6566479318703622,-0.053786180394024836,-0.04942077271269349,-1.6566479318703622,-0.053786180394024836,-0.04942077271269349,-1.6566479318703622,-0.053786180394024836,-0.04942077271269349,-1.6566479318703622,-0.053786180394024836,-0.04942077271269349,0.6304182674466636,-2.1406582923549964,6.265791108311702,0.6304182674466636,-2.1406582923549964,6.265791108311702,0.6304182674466636,-2.1406582923549964,6.265791108311702,0.6304182674466636,-2.1406582923549964,6.265791108311702,632.7725619083376,0.0,597.7258639062575,0.0,-1.6566479318703622,-0.053786180394024836,-0.04942077271269349,0.6304182674466636,-2.1406582923549964,6.265791108311702,0.11495404085663607,-0.05193072492484152,-1.826235566107661,-11.458077802647669,-16.007791452254743,30.688253822259448
5.658,1,1,1,1,-0.30000000000000004,1.0012827159761078e-21,0.49999999999999994,0.0,0.0,0.0,-0.4824628053479354,-0.0,0.0,-0.32300169162255576,0.0,0.0,0.3285,0.19164302,-0.012182209999999971,0.3285,-0.19164302,-0.012182209999999971,-0.3285,0.19164302,-0.012182209999999971,-0.3285,-0.19164302,-0.012182209999999971,0.0,0.0,0.0,0.0,0.0,0.0,0.0,0.0,0.0,0.0,0.0,0.0,-38.74901946966182,-38.74901946966081,77.4980389393226,-38.74901946966108,-38.74901946966014,77.49803893932112,-38.74901946966126,-38.749019469663594,77.49803893932219,-38.74901946966224,-38.74901946966277,77.49803893932244,0.2626999999999995,0.002,0.9304000000000003,0.0,0.0,0.0,0.0,-0.0,0.0,0.0,0.0,0.0,0.0,0.0,0.0,9.876038696687434,46.46267259614889,0.4012490504176592,8.800439959759334,-20.212790948300707,0.6628755850595496,79.2190671040887,5.829326214538749,-320.0000000000296,-4.519242912764347,-26.975652279949102,0.22195917806221246,-100.00000002857038,-100.00000010322523,100.00000001081852,99.99999626796954,100.00000000000142,-51.898762812450904,-1.8247425259687589e-07,1.8163428450179708e-07,2.276179884574958e-07,-3.8090963982995163e-07,3.7881534353800816e-07,8.820060344305602e-07,565.993638865701,-557.5382766511566,707.4920496303514,1.8808585906526787e-06,-1.8058798900710826e-10,-5.841727102051664e-11,-1.9502977848603202,-0.18564322508032066,0.14972425518567503,-0.2047497945827775,-0.2761850866774517,0.3853493575113305,2.5146320224773593,-0.04945195500635369,1.7326912645149266,2.6263018270182195,2.548070929179379,1.4142924789006353,-1.737651559504544,-0.008615195521335432,-0.06125274319967881,-1.737651559504544,-0.008615195521335432,-0.06125274319967881,-1.737651559504544,-0.008615195521335432,-0.06125274319967881,-1.737651559504544,-0.008615195521335432,-0.06125274319967881,7.435125906134889,0.9908912801719846,13.47558529273773,7.435125906134889,0.9908912801719846,13.47558529273773,7.435125906134889,0.9908912801719846,13.47558529273773,7.435125906134889,0.9908912801719846,13.47558529273773,687.6107896073788,0.0,572.6554612981568,0.0,-1.737651559504544,-0.008615195521335432,-0.06125274319967881,7.435125906134889,0.9908912801719846,13.47558529273773,-0.7079741370005822,0.1328602243036996,-1.349511243037357,-51.77338822889679,-8.851272491968913,3.9428429816417516
5.678,1,1,1,1,-0.30000000000000004,1.0012827159761078e-21,0.49999999999999994,0.0,0.0,0.0,-0.48860106107997897,-0.0,0.0,-0.2938242448857654,0.0,0.0,0.3285,0.19164302,-0.012182209999999971,0.3285,-0.19164302,-0.012182209999999971,-0.3285,0.19164302,-0.012182209999999971,-0.3285,-0.19164302,-0.012182209999999971,0.0,0.0,0.0,0.0,0.0,0.0,0.0,0.0,0.0,0.0,0.0,0.0,-38.74901946966186,-38.74901946966081,77.49803893932261,-38.74901946966108,-38.74901946966019,77.49803893932115,-38.74901946966127,-38.74901946966358,77.49803893932219,-38.74901946966224,-38.74901946966276,77.49803893932246,0.2626999999999995,0.002,0.9304000000000003,0.0,0.0,0.0,0.0,-0.0,0.0,0.0,0.0,0.0,0.0,0.0,0.0,199.99999999998084,-199.99999999999972,320.000000286915,-41.02905216835934,-200.00000060983945,139.90608680619115,46.999959651120726,43.677921618261074,1.1922743503050346,-199.99999923175167,200.00000020959092,68.44441611541649,-99.99999930799684,-96.29809693414629,99.9999987985657,100.00000000000627,-99.99999999751161,100.0,329.483584997454,926.5987101666353,5781.071395830881,206.7523513503022,-498.5275404826508,623.1594282013143,-2.813415989066925e-07,2.8127107754016833e-07,3.5168002909813367e-07,42.21793588098226,525.5542484150536,656.9428105187556,-1.9515665222414669,-0.18918223236788476,0.1373011367199214,-0.18976654760731201,-0.5340427380710229,0.45028734104017965,2.5373359579044577,-0.10141723911386435,1.7640268203894471,2.954526499681144,0.6736102637811389,0.8208535093760871,-1.7653130961405903,0.032533072678787654,-0.06725784608609728,-1.7653130961405903,0.032533072678787654,-0.06725784608609728,-1.7653130961405903,0.032533072678787654,-0.06725784608609728,-1.7653130961405903,0.032533072678787654,-0.06725784608609728,8.554132985158834,-0.49903878492980047,4.502886646717961,8.554132985158834,-0.49903878492980047,4.502886646717961,8.554132985158834,-0.49903878492980047,4.502886646717961,8.554132985158834,-0.49903878492980047,4.502886646717961,849.6956126235199,0.0,771.5890088426369,0.0,-1.7653130961405903,0.032533072678787654,-0.06725784608609728,8.554132985158834,-0.49903878492980047,4.502886646717961,-1.5231796188640225,0.2380274884878928,-1.181313463908201,-29.11768361441935,-14.591589379076767,6.16142098970086
5.698,1,1,1,1,-0.30000000000000004,1.0012827159761078e-21,0.49999999999999994,0.0,0.0,0.0,-0.4941617614297363,-0.0,0.0,-0.26521069518037965,0.0,0.0,0.3285,0.19164302,-0.012182209999999971,0.3285,-0.19164302,-0.012182209999999971,-0.3285,0.19164302,-0.012182209999999971,-0.3285,-0.19164302,-0.012182209999999971,0.0,0.0,0.0,0.0,0.0,0.0,0.0,0.0,0.0,0.0,0.0,0.0,-38.74901946966187,-38.74901946966079,77.49803893932265,-38.7490194696611,-38.74901946966016,77.49803893932115,-38.74901946966127,-38.749019469663565,77.4980389393222,-38.74901946966225,-38.74901946966275,77.49803893932247,0.2626999999999995,0.002,0.9304000000000003,0.0,0.0,0.0,0.0,-0.0,0.0,0.0,0.0,0.0,0.0,0.0,0.0,199.99999999930597,-199.99999999970035,320.00000000699913,-139.29564034423643,-199.99999961719976,2.296583122228685,70.83980233492578,100.09644949960017,1.666551661717369,-199.99999960502868,-199.99999999047222,-22.48143717377763,100.00000000009474,100.00000002631111,99.9999997452563,-99.99999999996608,-78.43387603548778,99.99999350556679,2107.923398890621,-26.858900790716604,4258.098253858892,-44.51686483716156,-44.51686626960831,55.64608236839055,5.593415153271053e-08,9.085538543729399e-09,-2.5444251150474884e-09,-132.27946689925193,67.5689648790746,320.28389536258106,-1.9534533615632974,-0.19130555307581662,0.12911318560640725,-0.04792686692704016,-0.0429650094464972,0.07282269717875522,2.5762234918282716,-0.1403209576316038,1.7921227059064182,0.6567553991473353,2.539331422509445,2.52607146495289,-1.7848826967428537,0.07470308382452369,-0.05092705561065294,-1.7848826967428537,0.07470308382452369,-0.05092705561065294,-1.7848826967428537,0.07470308382452369,-0.05092705561065294,-1.7848826967428537,0.07470308382452369,-0.05092705561065294,5.316959155120854,-9.589905962961911,-11.98248361337157,5.316959155120854,-9.589905962961911,-11.98248361337157,5.316959155120854,-9.589905962961911,-11.98248361337157,5.316959155120854,-9.589905962961911,-11.98248361337157,856.7037529601452,0.0,782.2418939579331,0.0,-1.7848826967428537,0.07470308382452369,-0.05092705561065294,5.316959155120854,-9.589905962961911,-11.98248361337157,-1.2922853275134942,-0.3079953452866706,-0.5715620869717836,53.25499235213775,-45.41159080733979,-11.168704370534417
5.718,1,1,1,1,-0.30000000000000004,1.0012827159761078e-21,0.49999999999999994,0.0,0.0,0.0,-0.4991575942846255,-0.0,0.0,-0.23728978497416206,0.0,0.0,0.3285,0.19164302,-0.012182209999999971,0.3285,-0.19164302,-0.012182209999999971,-0.3285,0.19164302,-0.012182209999999971,-0.3285,-0.19164302,-0.012182209999999971,0.0,0.0,0.0,0.0,0.0,0.0,0.0,0.0,0.0,0.0,0.0,0.0,-38.74901946966189,-38.74901946966079,77.4980389393227,-38.74901946966113,-38.74901946966016,77.49803893932118,-38.74901946966127,-38.749019469663544,77.4980389393222,-38.7490194696623,-38.74901946966277,77.49803893932251,0.2626999999999995,0.002,0.9304000000000003,0.0,0.0,0.0,0.0,-0.0,0.0,0.0,0.0,0.0,0.0,0.0,0.0,199.99999999983223,175.36204414959553,-320.00000000018986,-5.919017737071957,-199.99999972369034,-49.453530406641406,13.385837476202541,21.696884148183372,1.0176253309191317,-200.00000030733082,-58.642145386709956,43.641126232125075,99.99999979292349,44.55039034687502,-100.00000000251974,-99.99999999996028,-99.9999999779941,-100.00000000000006,1758.4783936207411,1195.6226241883319,2198.097993950188,112.3839469492159,112.38394710192607,140.47993368494292,-3.830004061455838e-06,1.070361577149015e-09,3.362856659805402e-10,-255.1928722636319,255.19287941628977,318.99109942286594,-1.9578768485282725,-0.19163221969804087,0.13169474370365164,0.11443600007726898,-0.3483282460763263,-0.46071264622218205,2.588204445284583,-0.1435694290455678,1.8111851172118063,0.5873987640594124,-1.995830448064114,-0.11104915186465747,-1.7987556830033884,0.10564910529350097,-0.04642779449026275,-1.7987556830033884,0.10564910529350097,-0.04642779449026275,-1.7987556830033884,0.10564910529350097,-0.04642779449026275,-1.7987556830033884,0.10564910529350097,-0.04642779449026275,-3.1090518551009074,5.7996429962397045,7.279156317852708,-3.1090518551009074,5.7996429962397045,7.279156317852708,-3.1090518551009074,5.7996429962397045,7.279156317852708,-3.1090518551009074,5.7996429962397045,7.279156317852708,458.4910891265224,0.0,781.8101651393599,0.0,-1.7987556830033884,0.10564910529350097,-0.04642779449026275,-3.1090518551009074,5.7996429962397045,7.279156317852708,-1.6889585033967913,-0.627623654933961,-0.014433529720609739,-25.573827105328466,-11.975970231771106,-9.230298686443934
5.738,1,1,1,1,-0.30000000000000004,1.0012827159761078e-21,0.49999999999999994,0.0,0.0,0.0,-0.50360386385043,-0.0,0.0,-0.2101940266454182,0.0,0.0,0.3285,0.19164302,-0.012182209999999971,0.3285,-0.19164302,-0.012182209999999971,-0.3285,0.19164302,-0.012182209999999971,-0.3285,-0.19164302,-0.012182209999999971,0.0,0.0,0.0,0.0,0.0,0.0,0.0,0.0,0.0,0.0,0.0,0.0,-38.7490194696619,-38.74901946966077,77.4980389393227,-38.749019469661135,-38.74901946966015,77.49803893932116,-38.74901946966127,-38.74901946966356,77.4980389393222,-38.74901946966228,-38.7490194696628,77.49803893932246,0.2626999999999995,0.002,0.9304000000000003,0.0,0.0,0.0,0.0,-0.0,0.0,0.0,0.0,0.0,0.0,0.0,0.0,-122.73840893422374,199.99999999997303,2.0400553816043967,-199.99999999967625,-124.24462702168468,3.1798848733235032,78.97135217382436,110.85597579740072,1.66001268504316,-199.99999968471943,-0.8270722697238284,123.81455204641603,99.9999999998777,-99.99999999576335,99.99999780859277,100.00000000000985,-99.99999999973,49.666117242307465,6.140444597235728e-09,-2.1538255207120827e-10,2.1231372215879674e-10,5.199581222640376e-09,4.076298409679281e-09,5.549381384384932e-09,-7.341282510786584e-07,1.073621699099192e-06,3.30550651561623e-06,-314.6815237333752,314.68152373240406,393.35190466299906,-1.9701126416777883,-0.1934874671190045,0.14148967167015195,0.14347236745368597,0.05684298338435284,-0.8780340774129989,2.542739097164427,-0.14854705915693134,1.8223137630093813,0.7967962085015026,-0.019533871570771452,-0.1127210709590887,-1.8022484989428105,0.09731694414055558,-0.025898579880528398,-1.8022484989428105,0.09731694414055558,-0.025898579880528398,-1.8022484989428105,0.09731694414055558,-0.025898579880528398,-1.8022484989428105,0.09731694414055558,-0.025898579880528398,-5.555321072527729,9.148874859927822,12.016540718194216,-5.555321072527729,9.148874859927822,12.016540718194216,-5.555321072527729,9.148874859927822,12.016540718194216,-5.555321072527729,9.148874859927822,12.016540718194216,2028.9497923754552,0.0,776.1935044573511,0.0,-1.8022484989428105,0.09731694414055558,-0.025898579880528398,-5.555321072527729,9.148874859927822,12.016540718194216,-2.2122068159763337,-0.5895038884041485,-0.12755210476992818,-44.90263390799867,-1.9507776194420252,8.366126810522465
5.758,1,1,1,1,-0.30000000000000004,1.0012827159761078e-21,0.49999999999999994,0.0,0.0,0.0,-0.5075185660495101,-0.0,0.0,-0.1840597024801538,0.0,0.0,0.3285,0.19164302,-0.012182209999999971,0.3285,-0.19164302,-0.012182209999999971,-0.3285,0.19164302,-0.012182209999999971,-0.3285,-0.19164302,-0.012182209999999971,0.0,0.0,0.0,0.0,0.0,0.0,0.0,0.0,0.0,0.0,0.0,0.0,-38.74901946966191,-38.74901946966076,77.49803893932267,-38.749019469661114,-38.749019469660126,77.49803893932118,-38.7490194696613,-38.74901946966357,77.49803893932216,-38.74901946966231,-38.74901946966282,77.49803893932243,0.2626999999999995,0.002,0.9304000000000003,0.0,0.0,0.0,0.0,-0.0,0.0,0.0,0.0,0.0,0.0,0.0,0.0,-199.99999990531256,200.00000000009595,2.2599840745506325,-200.0000000000106,-200.00000000001495,20.632039218382122,199.9999999595606,81.26800644124671,-319.99999985159906,-199.99999994335855,-199.99999921336476,-48.30726038883246,100.0000000016617,-100.0000000002668,-100.00000000102737,100.0000000000109,-99.99999999999285,99.99999999999991,-1.446565015998831e-06,1.4484052209169651e-06,1.8098634253227441e-06,94.68581755472084,94.68581755524875,118.35727194378075,-2059.4880444249925,2059.488043060297,2574.3600555308626,297.24498671478926,-124.04086404049286,371.5562357700209,-1.9736169357065716,-0.19508532410975268,0.15893125614234097,0.06559990050249376,0.22970816772869374,-0.748560750319698,2.653504418174452,-0.16331267809824168,1.8544165403603539,-1.2988185305548208,8.716553760438426,7.041990687211044,-1.8219640190355302,0.08846493321830638,-0.016060946773091257,-1.8219640190355302,0.08846493321830638,-0.016060946773091257,-1.8219640190355302,0.08846493321830638,-0.016060946773091257,-1.8219640190355302,0.08846493321830638,-0.016060946773091257,0.3532928317165874,-0.5801186752119261,0.05861120433828937,0.3532928317165874,-0.5801186752119261,0.05861120433828937,0.3532928317165874,-0.5801186752119261,0.05861120433828937,0.3532928317165874,-0.5801186752119261,0.05861120433828937,708.6455901689936,0.0,599.3914349156063,0.0,-1.8219640190355302,0.08846493321830638,-0.016060946773091257,0.3532928317165874,-0.5801186752119261,0.05861120433828937,-2.1351206310079824,-0.27043666866762606,-0.35398433162594056,0.47008531665616027,-7.493467377929873,19.194771915267374
5.7780000000000005,1,1,1,1,-0.30000000000000004,1.0012827159761078e-21,0.49999999999999994,0.0,0.0,0.0,-0.5109224639190479,-0.0,0.0,-0.15902686468292548,0.0,0.0,0.3285,0.19164302,-0.012182209999999971,0.3285,-0.19164302,-0.012182209999999971,-0.3285,0.19164302,-0.012182209999999971,-0.3285,-0.19164302,-0.012182209999999971,0.0,0.0,0.0,0.0,0.0,0.0,0.0,0.0,0.0,0.0,0.0,0.0,-38.749019469661896,-38.74901946966073,77.49803893932261,-38.749019469661135,-38.74901946966017,77.49803893932119,-38.749019469661256,-38.74901946966355,77.49803893932214,-38.74901946966232,-38.74901946966287,77.49803893932248,0.2626999999999995,0.002,0.9304000000000003,0.0,0.0,0.0,0.0,-0.0,0.0,0.0,0.0,0.0,0.0,0.0,0.0,199.9999999999753,-107.44430194395966,-254.17647141396841,199.99999996719248,-199.99999999988074,-215.50220171349207,27.13032001713708,38.54736615827965,1.1463277556771814,-199.99999996640784,199.99999982069272,90.206526229011,99.99999999995137,-100.00000000228881,99.99999931763062,99.9999999999888,99.99999999999247,34.15720233974636,572.1634879338187,572.1634874933471,715.2043599167993,-399.0823880633277,534.8931344908399,668.6164181124304,-1.3159076495128375e-08,-1.907096702780109e-11,2.1890400603297167e-10,-146.4754553307103,187.5977391824988,358.1483972299531,-1.9761154186003176,-0.19528876654275434,0.1631673388846101,0.07978533032764036,-0.13504915277675672,-0.08040296624674217,2.723816963274257,-0.12264743802862044,1.903027869356806,-2.71941740018093,-0.4378593604248938,2.194381762244817,-1.839872061852842,0.07655320474277745,-0.015604822266614183,-1.839872061852842,0.07655320474277745,-0.015604822266614183,-1.839872061852842,0.07655320474277745,-0.015604822266614183,-1.839872061852842,0.07655320474277745,-0.015604822266614183,-4.4949123232127075,0.7265553824401532,0.5900192460031599,-4.4949123232127075,0.7265553824401532,0.5900192460031599,-4.4949123232127075,0.7265553824401532,0.5900192460031599,-4.4949123232127075,0.7265553824401532,0.5900192460031599,649.2603323028609,0.0,798.6185822810562,0.0,-1.839872061852842,0.07655320474277745,-0.015604822266614183,-4.4949123232127075,0.7265553824401532,0.5900192460031599,-2.0435099723771555,-0.015622332996831023,-0.4670155461308588,1.6276343967776936,14.757141558711812,10.940604195244177
5.798,1,1,1,1,-0.30000000000000004,1.0012827159761078e-21,0.49999999999999994,0.0,0.0,0.0,-0.5138391630092457,-0.0,0.0,-0.13523933536498883,0.0,0.0,0.3285,0.19164302,-0.012182209999999971,0.3285,-0.19164302,-0.012182209999999971,-0.3285,0.19164302,-0.012182209999999971,-0.3285,-0.19164302,-0.012182209999999971,0.0,0.0,0.0,0.0,0.0,0.0,0.0,0.0,0.0,0.0,0.0,0.0,-38.74901946966188,-38.74901946966072,77.49803893932261,-38.74901946966114,-38.7490194696602,77.49803893932119,-38.74901946966125,-38.74901946966357,77.4980389393222,-38.74901946966233,-38.749019469662926,77.49803893932258,0.2626999999999995,0.002,0.9304000000000003,0.0,0.0,0.0,0.0,-0.0,0.0,0.0,0.0,0.0,0.0,0.0,0.0,199.99999999999244,199.99999999994088,-237.31630062799155,199.9999999971536,-199.99999999979553,26.33694865045374,18.159580951567904,38.506447305291324,1.1892546466756277,-200.0000002658445,113.04925032531179,221.08965550538448,-100.00000000003486,-99.99999999998674,-100.00000000002903,16.217029072806373,-99.99999999999956,100.00000000000001,1158.318502665213,251.684208026848,1447.8981283310795,-611.6726454387942,-182.54906956845832,1679.6819932531898,-7.3441697168163955e-09,7.706375981797464e-09,9.373252396471798e-09,-402.3494145478945,402.34941287564106,502.9367681783346,-1.9819550517032778,-0.19387178235539765,0.16534894821941934,0.2310981320668702,-0.26159027363836085,-0.22731880966760204,2.756509073827907,-0.056208865542134445,1.9155282608733175,-2.808619401330011,-1.0397871892975146,0.6753710636388999,-1.851078392453742,0.05168559013088243,-0.01409228412827147,-1.851078392453742,0.05168559013088243,-0.01409228412827147,-1.851078392453742,0.05168559013088243,-0.01409228412827147,-1.851078392453742,0.05168559013088243,-0.01409228412827147,-8.644640588601147,-0.7263372673469624,-6.9849553178596375,-8.644640588601147,-0.7263372673469624,-6.9849553178596375,-8.644640588601147,-0.7263372673469624,-6.9849553178596375,-8.644640588601147,-0.7263372673469624,-6.9849553178596375,621.7502867507216,0.0,799.9956219580508,0.0,-1.851078392453742,0.05168559013088243,-0.01409228412827147,-8.644640588601147,-0.7263372673469624,-6.9849553178596375,-2.210392828244454,-0.25329597512335345,-0.9766761767744221,32.43755089007134,24.72022932578767,0.07582144375247157
5.8180000000000005,1,1,1,1,-0.30000000000000004,1.0012827159761078e-21,0.49999999999999994,0.0,0.0,0.0,-0.5162951867815718,-0.0,0.0,-0.11284470654750786,0.0,0.0,0.3285,0.19164302,-0.012182209999999971,0.3285,-0.19164302,-0.012182209999999971,-0.3285,0.19164302,-0.012182209999999971,-0.3285,-0.19164302,-0.012182209999999971,0.0,0.0,0.0,0.0,0.0,0.0,0.0,0.0,0.0,0.0,0.0,0.0,-38.74901946966186,-38.74901946966072,77.49803893932267,-38.74901946966114,-38.74901946966023,77.49803893932123,-38.74901946966122,-38.749019469663594,77.49803893932211,-38.74901946966236,-38.749019469662954,77.4980389393226,0.2626999999999995,0.002,0.9304000000000003,0.0,0.0,0.0,0.0,-0.0,0.0,0.0,0.0,0.0,0.0,0.0,0.0,199.99999999995157,200.0000000000045,6.479898529363798,200.0000001896573,-199.99999985206767,-80.56817379107466,59.88863974604923,71.81052737735855,1.3160034893500423,-199.99999999741814,27.45580435601812,320.0000001605641,-100.00000006171376,-99.9999999247966,100.0000000001009,65.09123699357605,100.00000000002517,100.00000000000001,1182.1132304634111,-715.7927854682608,1477.6415417846224,-1071.8804973191595,595.5242596913785,2370.7408544617992,1.0230678526568227e-08,1.0320718502043746e-08,1.2776581570506096e-08,-827.1809972046342,-116.16318195608449,1033.9762470795959,-1.9902965818525413,-0.19194981318783788,0.16670174335562998,0.17787382723713782,-0.351504830217955,-0.2111641148644201,2.723188948416235,-0.001236496086723493,1.9090689003757169,-1.4896533197716408,-3.4257645656629068,-0.7822374804272472,-1.8543809504397617,0.056251686341741575,0.00269685066513517,-1.8543809504397617,0.056251686341741575,0.00269685066513517,-1.8543809504397617,0.056251686341741575,0.00269685066513517,-1.8543809504397617,0.056251686341741575,0.00269685066513517,-6.127363717644743,2.3481045697848204,-0.18020943182718252,-6.127363717644743,2.3481045697848204,-0.18020943182718252,-6.127363717644743,2.3481045697848204,-0.18020943182718252,-6.127363717644743,2.3481045697848204,-0.18020943182718252,820.7451772679003,222.8806697557874,800.3688079634932,0.0,-1.8543809504397617,0.056251686341741575,0.00269685066513517,-6.127363717644743,2.3481045697848204,-0.18020943182718252,-1.7434226113918943,-0.49253220314619206,-1.0609545549133568,22.295240180862493,19.47329558698042,-24.87111359554552
5.838,1,1,1,1,-0.30000000000000004,1.0012827159761078e-21,0.49999999999999994,0.0,0.0,0.0,-0.5183200520069667,-0.0,0.0,-0.09199434016548214,0.0,0.0,0.3285,0.19164302,-0.012182209999999971,0.3285,-0.19164302,-0.012182209999999971,-0.3285,0.19164302,-0.012182209999999971,-0.3285,-0.19164302,-0.012182209999999971,0.0,0.0,0.0,0.0,0.0,0.0,0.0,0.0,0.0,0.0,0.0,0.0,-38.74901946966192,-38.7490194696607,77.4980389393227,-38.74901946966109,-38.749019469660254,77.49803893932119,-38.74901946966118,-38.74901946966359,77.49803893932211,-38.7490194696623,-38.7490194696629,77.4980389393225,0.2626999999999995,0.002,0.9304000000000003,0.0,0.0,0.0,0.0,-0.0,0.0,0.0,0.0,0.0,0.0,0.0,0.0,6.508232256509403,-83.79125445660883,-0.10143598726889372,-107.75880124633758,106.7362615383288,0.7934369174444059,-36.42175998400336,-199.99999999978846,-320.0,196.86552214078125,-199.99999999999943,147.69452247730393,29.633774906163694,-100.0000000000005,99.99999999810326,-64.8056699706521,99.99999996433553,-99.99999989243075,-1.6431187077614595e-08,-1.644070835027378e-08,2.0534798750304617e-08,5.127981239638757e-08,5.718447937397286e-11,7.003109203651547e-11,493.8096850361372,-493.8096850259176,617.2621062824023,583.1803902761786,-1659.214261264939,2074.0178263568687,-1.9995442442328282,-0.1938797290790229,0.16683198267505095,-0.03444397392191537,-0.42013730105319397,-0.17512313875212315,2.655237781940902,0.04495247373115463,1.9023739123538306,-0.2570598725406838,-4.5626895268031475,-1.126878276520822,-1.8805604538450613,0.07373538171834042,0.025413189095448874,-1.8805604538450613,0.07373538171834042,0.025413189095448874,-1.8805604538450613,0.07373538171834042,0.025413189095448874,-1.8805604538450613,0.07373538171834042,0.025413189095448874,-9.73834833824455,6.376740288803979,4.274744051536974,-9.73834833824455,6.376740288803979,4.274744051536974,-9.73834833824455,6.376740288803979,4.274744051536974,-9.73834833824455,6.376740288803979,4.274744051536974,790.4062381938243,9.677962556014291,560.0848116162824,0.0,-1.8805604538450613,0.07373538171834042,0.025413189095448874,-9.73834833824455,6.376740288803979,4.274744051536974,-0.8247725885686845,-0.969901329736624,-1.6497521584774493,-20.203449349564607,7.323684256410199,-31.16230080464127
5.8580000000000005,1,1,1,1,-0.30000000000000004,1.0012827159761078e-21,0.49999999999999994,0.0,0.0,0.0,-0.5199463441640819,-0.0,0.0,-0.0728433680626046,0.0,0.0,0.3285,0.19164302,-0.012182209999999971,0.3285,-0.19164302,-0.012182209999999971,-0.3285,0.19164302,-0.012182209999999971,-0.3285,-0.19164302,-0.012182209999999971,0.0,0.0,0.0,0.0,0.0,0.0,0.0,0.0,0.0,0.0,0.0,0.0,-38.74901946966193,-38.749019469660695,77.4980389393227,-38.74901946966109,-38.74901946966026,77.49803893932119,-38.749019469661135,-38.74901946966356,77.49803893932207,-38.74901946966226,-38.749019469662876,77.49803893932253,0.2626999999999995,0.002,0.9304000000000003,0.0,0.0,0.0,0.0,-0.0,0.0,0.0,0.0,0.0,0.0,0.0,0.0,-2.0311874834993047,-1.6256664706690735,0.5404272422723853,-73.83671942684455,63.44076587508522,0.4802869415749065,116.96460668829256,-159.16898281617785,-319.9999998866323,200.00000000013506,199.9999989928154,136.8820101361636,-24.849934534358574,-99.99999999993554,99.99999997642297,56.71291740104562,99.99999999999902,-100.00000000000003,1.0395023508635859e-06,1.4863543640331045e-07,1.8474261764822586e-07,2.587943725984587e-07,-1.8873249842954465e-06,9.1619142494892e-08,774.3689247198415,774.368929368654,967.9611617104684,447.18932438261356,-488.19021184211084,610.2377648044429,-2.0065058417928103,-0.19767747546818298,0.16516720602288962,0.016244066944885456,-0.362315738710147,-0.25629138569382504,2.5421871382758807,0.0830643651869567,1.9280941803595537,2.162073448239735,-6.218622225567058,-1.2787626894276687,-1.905745857441408,0.09545579895832745,0.0324747987961624,-1.905745857441408,0.09545579895832745,0.0324747987961624,-1.905745857441408,0.09545579895832745,0.0324747987961624,-1.905745857441408,0.09545579895832745,0.0324747987961624,-8.354326774177995,2.3412162423001726,-2.0777133219287873,-8.354326774177995,2.3412162423001726,-2.0777133219287873,-8.354326774177995,2.3412162423001726,-2.0777133219287873,-8.354326774177995,2.3412162423001726,-2.0777133219287873,788.5801363445885,0.0,480.6220840848712,572.1914498116103,-1.905745857441408,0.09545579895832745,0.0324747987961624,-8.354326774177995,2.3412162423001726,-2.0777133219287873,-0.4513686600051898,-0.9398381598172674,-2.5522821680043384,-17.218933279371168,18.72538128023911,-8.576947705735552
5.878,1,1,1,1,-0.30000000000000004,1.0012827159761078e-21,0.49999999999999994,0.0,0.0,0.0,-0.5212097928374975,-0.0,0.0,-0.05555069199993741,0.0,0.0,0.3285,0.19164302,-0.012182209999999971,0.3285,-0.19164302,-0.012182209999999971,-0.3285,0.19164302,-0.012182209999999971,-0.3285,-0.19164302,-0.012182209999999971,0.0,0.0,0.0,0.0,0.0,0.0,0.0,0.0,0.0,0.0,0.0,0.0,-38.74901946966193,-38.74901946966068,77.49803893932271,-38.74901946966115,-38.749019469660276,77.49803893932118,-38.74901946966113,-38.74901946966353,77.49803893932204,-38.74901946966224,-38.749019469662834,77.4980389393225,0.2626999999999995,0.002,0.9304000000000003,0.0,0.0,0.0,0.0,-0.0,0.0,0.0,0.0,0.0,0.0,0.0,0.0,2.5118078992033066,25.040612177064702,0.7374567232566859,-72.28115909981207,60.0715386298567,0.48791741691119844,109.97322781942242,-84.49631310647345,-319.99999966713403,200.00000003650067,200.00000014767173,125.01753869690481,-57.48282263892028,-87.67618948043763,100.00000000000803,99.99999974022802,99.99999984562538,-100.0,8.773352533353318e-08,1.5240320863085799e-06,1.9050785340368748e-06,1.0724665315819948e-06,-2.879030347457956e-06,1.0081180334964301e-10,666.9867734426655,666.9867734428489,833.7334668034124,367.18309223780835,-338.8610800637508,458.97886529732904,-2.017712292554411,-0.19864776889950622,0.16890227724232387,0.2255710207855976,-0.2130474348128097,-0.6268729845832482,2.413410540544557,0.12514048596353433,1.9781321916198673,3.255382010618943,-7.416987935631406,-1.8937615933274494,-1.9350338996179024,0.11474806644732131,0.03719613148396381,-1.9350338996179024,0.11474806644732131,0.03719613148396381,-1.9350338996179024,0.11474806644732131,0.03719613148396381,-1.9350338996179024,0.11474806644732131,0.03719613148396381,-5.835857116871469,0.5489366454326452,-3.677742219090353,-5.835857116871469,0.5489366454326452,-3.677742219090353,-5.835857116871469,0.5489366454326452,-3.677742219090353,-5.835857116871469,0.5489366454326452,-3.677742219090353,797.2646209310706,0.0,526.9029952619628,528.1382498793355,-1.9350338996179024,0.11474806644732131,0.03719613148396381,-5.835857116871469,0.5489366454326452,-3.677742219090353,-0.5095906695690753,-0.631788445994603,-2.845689521512293,-11.421178884384826,16.289143172178903,3.6819744429206196
5.898,1,1,1,1,-0.30000000000000004,1.0012827159761078e-21,0.49999999999999994,0.0,0.0,0.0,-0.5221493471159347,-0.0,0.0,-0.040278983638769666,0.0,0.0,0.3285,0.19164302,-0.012182209999999971,0.3285,-0.19164302,-0.012182209999999971,-0.3285,0.19164302,-0.012182209999999971,-0.3285,-0.19164302,-0.012182209999999971,0.0,0.0,0.0,0.0,0.0,0.0,0.0,0.0,0.0,0.0,0.0,0.0,-38.74901946966196,-38.74901946966068,77.49803893932274,-38.74901946966118,-38.74901946966031,77.49803893932126,-38.74901946966116,-38.74901946966356,77.49803893932204,-38.74901946966227,-38.749019469662905,77.49803893932256,0.2626999999999995,0.002,0.9304000000000003,0.0,0.0,0.0,0.0,-0.0,0.0,0.0,0.0,0.0,0.0,0.0,0.0,13.015960849714439,24.062144848517754,0.6857564115215257,-83.48293278819142,46.612614403698494,3.6168766765921165,113.2517614829171,109.58913862607783,-319.99999992953184,200.0000000000342,200.00000025406658,119.38305879059172,31.67614954387876,-100.00000000417693,99.9999999962503,100.00000000012591,99.99999975485211,-100.00000000000001,-3.6463988095647437e-07,-7.73205769633023e-07,4.773271129465684e-07,7.314367880269316,-7.314370735426139,9.142963338699303,986.7326715567725,-986.7326714010486,1233.4158394473106,309.7819329949246,-122.63765783875422,508.55538745344853,-2.0234365169952566,-0.19769999775547986,0.18133557830715782,0.035725177898120825,0.6701643513276415,-0.5717505766598072,2.2834123281842325,0.17134774081147608,2.018670386239561,2.759133065287336,-5.442454796644521,-3.445603806204165,-1.9549823466673748,0.12693585175149097,0.05055179165151719,-1.9549823466673748,0.12693585175149097,0.05055179165151719,-1.9549823466673748,0.12693585175149097,0.05055179165151719,-1.9549823466673748,0.12693585175149097,0.05055179165151719,-0.6860603547245978,-0.7061316289969408,-2.6141240456162924,-0.6860603547245978,-0.7061316289969408,-2.6141240456162924,-0.6860603547245978,-0.7061316289969408,-2.6141240456162924,-0.6860603547245978,-0.7061316289969408,-2.6141240456162924,797.046720677569,0.0,575.1573326576024,502.4305144749838,-1.9549823466673748,0.12693585175149097,0.05055179165151719,-0.6860603547245978,-0.7061316289969408,-2.6141240456162924,-0.7626476363607368,-0.47711011950472826,-2.8016509342583404,-12.503002905975485,-1.3875498643840467,4.956479717742005
5.918,1,1,1,1,-0.30000000000000004,1.0012827159761078e-21,0.49999999999999994,0.0,0.0,0.0,-0.5228072509905027,-0.0,0.0,-0.027194684561892585,0.0,0.0,0.3285,0.19164302,-0.012182209999999971,0.3285,-0.19164302,-0.012182209999999971,-0.3285,0.19164302,-0.012182209999999971,-0.3285,-0.19164302,-0.012182209999999971,0.0,0.0,0.0,0.0,0.0,0.0,0.0,0.0,0.0,0.0,0.0,0.0,-38.74901946966191,-38.749019469660624,77.4980389393227,-38.74901946966123,-38.749019469660325,77.49803893932128,-38.749019469661185,-38.74901946966357,77.49803893932207,-38.74901946966231,-38.74901946966295,77.49803893932264,0.2626999999999995,0.002,0.9304000000000003,0.0,0.0,0.0,0.0,-0.0,0.0,0.0,0.0,0.0,0.0,0.0,0.0,12.709636901652367,11.687267924601782,0.5755344692649583,-57.1407840397806,71.46779911135569,50.24713242464804,162.376005403472,156.42461819922647,-320.000000132889,199.99999999999966,200.00000050979042,204.4333574817086,99.9999997317302,-99.99999995598888,100.0000000322919,99.99999993349302,100.0,-99.99999937962892,-4.36406892845298e-08,1.2264824533758656e-07,5.455090956729691e-08,107.61108346425247,-107.61108286266803,134.5138543222349,1372.516558446092,-1372.5165588420132,1715.6456985525176,-168.50584472595224,478.2150518348583,937.8138898320915,-2.0242833399950517,-0.1901698323840564,0.20424765490892113,0.18423150357576418,1.289878210270134,-0.5977434604335519,2.148184607023304,0.21535654441306318,2.0321315006010057,2.826842698874844,-5.140301008703899,-4.871453997506178,-1.9520875389086123,0.1385516491188353,0.0875402326755587,-1.9520875389086123,0.1385516491188353,0.0875402326755587,-1.9520875389086123,0.1385516491188353,0.0875402326755587,-1.9520875389086123,0.1385516491188353,0.0875402326755587,-1.0957547841500082,-0.6033377970251117,-2.867003312110101,-1.0957547841500082,-0.6033377970251117,-2.867003312110101,-1.0957547841500082,-0.6033377970251117,-2.867003312110101,-1.0957547841500082,-0.6033377970251117,-2.867003312110101,794.4129716134281,518.8842174433163,464.44723116475757,284.7906810744068,-1.9520875389086123,0.1385516491188353,0.0875402326755587,-1.0957547841500082,-0.6033377970251117,-2.867003312110101,-1.1118062027288076,-0.4054960975320503,-2.7332811044211214,-18.186363457760496,0.8145901122860404,5.686748858848523
5.938,1,1,1,1,-0.30000000000000004,1.0012827159761078e-21,0.49999999999999994,0.0,0.0,0.0,-0.5232291187529001,-0.0,0.0,-0.01646800625852271,0.0,0.0,0.3285,0.19164302,-0.012182209999999971,0.3285,-0.19164302,-0.012182209999999971,-0.3285,0.19164302,-0.012182209999999971,-0.3285,-0.19164302,-0.012182209999999971,0.0,0.0,0.0,0.0,0.0,0.0,0.0,0.0,0.0,0.0,0.0,0.0,-38.74901946966193,-38.74901946966063,77.4980389393227,-38.74901946966121,-38.74901946966035,77.49803893932122,-38.749019469661185,-38.7490194696636,77.49803893932211,-38.74901946966231,-38.74901946966297,77.49803893932261,0.2626999999999995,0.002,0.9304000000000003,0.0,0.0,0.0,0.0,-0.0,0.0,0.0,0.0,0.0,0.0,0.0,0.0,6.286288584483428,34.511474631777396,0.7455018833908266,50.77103276500381,186.7407771098155,319.9999999615946,158.98963724802343,-4.870537343613144,-319.99999977668074,200.0000000501684,200.00000054955876,297.23419202238387,99.99999920281279,-100.00000000000394,99.99999999657867,100.00000000000097,85.6503218742835,-99.99999999999999,1.8498525378163322e-07,1.460875864722766e-11,3.637978807091713e-12,638.4511811415173,-638.4511827164526,798.0639783955371,1091.4605993509238,97.25686086570735,1364.325748446635,-520.090409749347,916.9394477271732,1413.6186834285577,-2.022193037808766,-0.18060494251900328,0.23331650504974671,-0.15385870749015748,1.5620427007012498,-0.2230548548893545,1.9757899487810882,0.26061805672759264,2.0440326675105673,4.909584172849994,-4.800556715706765,-8.156100555543928,-1.944757769091062,0.15320008061043017,0.1478960777193109,-1.944757769091062,0.15320008061043017,0.1478960777193109,-1.944757769091062,0.15320008061043017,0.1478960777193109,-1.944757769091062,0.15320008061043017,0.1478960777193109,-0.951007780738463,-0.4441779351079814,-3.4291309919707187,-0.951007780738463,-0.4441779351079814,-3.4291309919707187,-0.951007780738463,-0.4441779351079814,-3.4291309919707187,-0.951007780738463,-0.4441779351079814,-3.4291309919707187,791.6789898576101,475.1761344014629,582.7889226821669,315.162190736472,-1.944757769091062,0.15320008061043017,0.1478960777193109,-0.951007780738463,-0.4441779351079814,-3.4291309919707187,-1.5081839629636273,-0.22848103850783574,-2.708648972521074,-20.101702743680782,-0.20599875666745682,11.575665732443365
5.958,1,1,1,1,-0.30000000000000004,1.0012827159761078e-21,0.49999999999999994,0.0,0.0,0.0,-0.5234640103936525,-0.0,0.0,-0.008272930129571284,0.0,0.0,0.3285,0.19164302,-0.012182209999999971,0.3285,-0.19164302,-0.012182209999999971,-0.3285,0.19164302,-0.012182209999999971,-0.3285,-0.19164302,-0.012182209999999971,0.0,0.0,0.0,0.0,0.0,0.0,0.0,0.0,0.0,0.0,0.0,0.0,-38.74901946966192,-38.74901946966069,77.49803893932271,-38.74901946966118,-38.74901946966035,77.4980389393212,-38.74901946966122,-38.74901946966365,77.49803893932219,-38.749019469662336,-38.749019469663,77.49803893932261,0.2626999999999995,0.002,0.9304000000000003,0.0,0.0,0.0,0.0,-0.0,0.0,0.0,0.0,0.0,0.0,0.0,0.0,54.15486330282781,-21.49888609513263,-27.930896143694756,9.660675366560014,188.50369576998887,319.9999999431683,200.00000000204332,43.6285983280133,-319.999999816393,199.99999922029548,199.99999980371882,244.45323547677722,99.99999999815205,-100.00000000015262,100.00000000038412,100.00000000000088,70.49921922535921,-99.99999999999999,328.8680670371697,328.86806893846045,411.0850861732127,574.7016895906016,-574.7016894702997,718.3771118379332,1440.7016527210835,-61.10276541826132,1800.8770681415149,-464.3328146614112,1070.7010883269718,1338.3763604087871,-2.015805475848905,-0.17411648183423678,0.265945880653136,-0.44739714402616754,1.800281156045016,-0.03138455339468321,1.777622383014337,0.31615767771436576,2.046031750297706,2.7270477354955753,-3.4447289390353006,-6.560397068267687,-1.935333418223804,0.1576505397258488,0.23911884016553442,-1.935333418223804,0.1576505397258488,0.23911884016553442,-1.935333418223804,0.1576505397258488,0.23911884016553442,-1.935333418223804,0.1576505397258488,0.23911884016553442,-0.31570638445771615,-0.17168272783198835,-1.65444074631589,-0.31570638445771615,-0.17168272783198835,-1.65444074631589,-0.31570638445771615,-0.17168272783198835,-1.65444074631589,-0.31570638445771615,-0.17168272783198835,-1.65444074631589,767.3782251338511,504.0497439940963,534.4639739640236,0.0,-1.935333418223804,0.1576505397258488,0.23911884016553442,-0.31570638445771615,-0.17168272783198835,-1.65444074631589,-2.057233780749034,-0.2828717089094046,-2.539846685936832,-28.03113345919311,-4.348274389199452,-1.9672601724541772
5.978,1,1,1,1,-0.30000000000000004,1.0012827159761078e-21,0.49999999999999994,0.0,0.0,0.0,-0.5235645070003299,-0.0,0.0,-0.0027872074860440152,0.0,0.0,0.3285,0.19164302,-0.012182209999999971,0.3285,-0.19164302,-0.012182209999999971,-0.3285,0.19164302,-0.012182209999999971,-0.3285,-0.19164302,-0.012182209999999971,0.0,0.0,0.0,0.0,0.0,0.0,0.0,0.0,0.0,0.0,0.0,0.0,-38.749019469661896,-38.749019469660674,77.49803893932268,-38.74901946966116,-38.74901946966032,77.49803893932119,-38.749019469661214,-38.749019469663665,77.4980389393222,-38.74901946966236,-38.74901946966302,77.49803893932265,0.2626999999999995,0.002,0.9304000000000003,0.0,0.0,0.0,0.0,-0.0,0.0,0.0,0.0,0.0,0.0,0.0,0.0,39.42469038434069,-85.47076350521853,-2.1239987042603827,-140.87421841661077,200.00000012251004,320.00000000178903,200.00000000008097,58.63119933467058,-320.00000009119805,200.00000029426508,199.99999876037998,319.9999995820047,-80.8200455782801,-99.99999765534035,100.00000000013259,-5.9939038495538615,100.00000000000058,-99.99999999999997,61.761806712044354,61.761806718461145,77.20225839871591,598.4166916217158,-406.6887954384126,748.020863837363,1678.771872843496,-108.41550324562895,2098.464841054703,-1458.3195788086427,1703.5095794073573,2376.975762288914,-2.0110693687594203,-0.17053379605920047,0.30596382389565796,-0.7670967190359659,2.026538695816469,0.1097375349543222,1.6591484803397252,0.3745286101151504,2.007291809243922,-0.2579352143453062,-2.8133866614943686,-4.131138507619804,-1.927274075993095,0.15356093078071303,0.30662250090168436,-1.927274075993095,0.15356093078071303,0.30662250090168436,-1.927274075993095,0.15356093078071303,0.30662250090168436,-1.927274075993095,0.15356093078071303,0.30662250090168436,-2.005543993439188,0.9258673912767861,-4.087026484400911,-2.005543993439188,0.9258673912767861,-4.087026484400911,-2.005543993439188,0.9258673912767861,-4.087026484400911,-2.005543993439188,0.9258673912767861,-4.087026484400911,750.1792220993885,628.5422707618384,509.4993344089874,204.31004560583574,-1.927274075993095,0.15356093078071303,0.30662250090168436,-2.005543993439188,0.9258673912767861,-4.087026484400911,-2.531757673973689,-0.053382924484356886,-2.640887144445296,-21.34497594656704,-4.897363664242557,12.934548898766504
5.998,1,1,1,1,-0.30000000000000004,1.0012827159761078e-21,0.49999999999999994,0.0,0.0,0.0,-0.5235867861557717,-0.0,0.0,-0.00019235955360904884,0.0,0.0,0.3285,0.19164302,-0.012182209999999971,0.3285,-0.19164302,-0.012182209999999971,-0.3285,0.19164302,-0.012182209999999971,-0.3285,-0.19164302,-0.012182209999999971,0.0,0.0,0.0,0.0,0.0,0.0,0.0,0.0,0.0,0.0,0.0,0.0,-38.74901946966188,-38.74901946966062,77.49803893932265,-38.74901946966117,-38.7490194696603,77.49803893932119,-38.74901946966121,-38.74901946966368,77.49803893932217,-38.74901946966233,-38.749019469663004,77.49803893932267,0.2626999999999995,0.002,0.9304000000000003,0.0,0.0,0.0,0.0,-0.0,0.0,0.0,0.0,0.0,0.0,0.0,0.0,199.99999992772325,-162.80002067103422,-65.84026863033885,199.99999997515206,-199.99999999347466,41.20515429124189,200.00000000001484,81.32586262338738,-301.0547204686862,161.70868060802786,200.00000000000142,319.9999999759373,99.99999986158865,-99.99999982168531,100.00000000026608,99.9999999999156,-100.00000000000064,-100.0,1052.9338545359635,1052.9338540096112,1316.1673175120413,-898.7462945518043,-32.37610872251801,1666.6801617541373,1643.1357972580342,-97.54071667411017,2053.9197465285183,-1791.6099181954019,1253.1338168154912,2657.1547091132365,-2.0063211749151,-0.1702967656818128,0.35040409442473575,-1.0613116728313876,1.9372502565292176,0.27023274741048847,1.572661150496312,0.41393586201521315,1.9470117877123108,-0.4927545803518104,-2.559217335262834,-4.104616901114571,-1.9120255937585955,0.15077163849875913,0.3627646872320909,-1.9120255937585955,0.15077163849875913,0.3627646872320909,-1.9120255937585955,0.15077163849875913,0.3627646872320909,-1.9120255937585955,0.15077163849875913,0.3627646872320909,-1.1672262433057816,1.0107241736170447,-4.954924515311591,-1.1672262433057816,1.0107241736170447,-4.954924515311591,-1.1672262433057816,1.0107241736170447,-4.954924515311591,-1.1672262433057816,1.0107241736170447,-4.954924515311591,707.0396744532744,497.9822235642215,502.6149821965135,0.0,-1.9120255937585955,0.15077163849875913,0.3627646872320909,-1.1672262433057816,1.0107241736170447,-4.954924515311591,-2.9582569422396103,0.18561773499302436,-2.845359262583113,-21.328841791229777,-10.440952202819552,13.421337523028129
6.018,1,1,1,1,-0.30000000000000004,1.0012827159792634e-21,0.49999999999999994,0.0,0.0,0.0,-0.5235781714636109,-0.0,0.0,0.001863973154505802,0.0,0.0,0.3285,0.19164302,-0.012182209999999971,0.3285,-0.19164302,-0.012182209999999971,-0.3285,0.19164302,-0.012182209999999971,-0.3285,-0.19164302,-0.012182209999999971,0.0,0.0,0.0,0.0,0.0,0.0,0.0,0.0,0.0,0.0,0.0,0.0,-38.74901946966189,-38.74901946966057,77.49803893932263,-38.749019469661185,-38.74901946966031,77.49803893932122,-38.74901946966119,-38.74901946966366,77.49803893932217,-38.74901946966231,-38.74901946966299,77.49803893932268,0.2626999999999995,0.002,0.9304000000000003,0.0,0.0,0.0,0.0,-0.0,0.0,0.0,0.0,0.0,0.0,0.0,0.0,14.266471860595917,-48.911129394127954,320.00000000000006,39.02525584151737,56.93881516287388,320.0000004755431,199.99999999999994,-7.337919954700158,-110.32322511855354,199.99999999893714,199.9999990726072,197.9819368300836,100.00000000061634,-99.9999985203304,100.00000000003672,100.00000000000003,-99.99999999999997,-78.74075219264168,590.2960224945269,-590.296003014626,737.8700253009029,537.2820480072807,-485.3239170111851,671.6025583841908,624.885599061068,1086.2271022275493,1357.7838864175862,341.99575750128747,-329.54238622889255,427.49469687661264,-1.9962987102949126,-0.17433189315841668,0.392699856652658,-1.354577824454105,1.5713291091027102,0.703095161138021,1.4465884025411337,0.47045784255159395,1.871279808817227,-0.04677909599696051,-3.32890507627092,-6.7014996912621125,-1.8908001725508834,0.11629931134337267,0.44563391814539266,-1.8908001725508834,0.11629931134337267,0.44563391814539266,-1.8908001725508834,0.11629931134337267,0.44563391814539266,-1.8908001725508834,0.11629931134337267,0.44563391814539266,4.170839634227931,-2.2626004964704407,1.5924014061876468,4.170839634227931,-2.2626004964704407,1.5924014061876468,4.170839634227931,-2.2626004964704407,1.5924014061876468,4.170839634227931,-2.2626004964704407,1.5924014061876468,939.7521408922447,670.9289657445416,802.1626105156339,332.25751124610963,-1.8908001725508834,0.11629931134337267,0.44563391814539266,4.170839634227931,-2.2626004964704407,1.5924014061876468,2.7426393874857604,-0.05889637491335331,-2.5212599276472236,-32.01221445391747,18.30877019511336,-14.316940388463177
6.038,1,1,1,1,-0.30000000000000004,1.6517860493958502e-21,0.4999999999999999,0.0,3.2525166670513784e-19,-2.7755575613723237e-14,-0.5234236144075195,-0.0,0.0,0.014178239754901328,0.0,0.0,0.3285,0.19164302,-0.012182209999999971,0.3285,-0.19164302,-0.012182209999999971,-0.3285,0.19164302,-0.012182209999999971,-0.3285,-0.19164302,-0.012182209999999971,0.0,0.0,0.0,0.0,0.0,0.0,0.0,0.0,0.0,0.0,0.0,0.0,-38.749019469661874,-38.749019469660546,77.49803893932264,-38.74901946966114,-38.74901946966028,77.49803893932116,-38.74901946966121,-38.7490194696637,77.49803893932229,-38.749019469662265,-38.74901946966297,77.49803893932264,0.2626999999999995,0.002,0.9304000000000003,0.0,0.0,0.0,0.0,-0.0,0.0,0.0,0.0,0.0,0.0,0.0,0.0,8.270202591876895,-84.56908888899223,237.32391245860177,-104.33664274054426,128.47114150974406,319.9999999984499,195.81139110034263,19.881781241233533,-29.299158167711017,199.9999999987025,18.299930443910398,319.9999999830503,99.99999999935962,99.9999999999992,100.00000000007614,100.0000000000033,-99.99999999999997,-3.12128570965587,404.65338834874734,-404.65338812917867,505.8167351379467,686.0691158524352,-233.19695672614847,857.5863949608331,815.7970850709509,1219.4217804088973,1524.2772258104408,599.1204623023173,-505.8672645011061,748.9005778285303,-1.9810630418550506,-0.18238559701369747,0.43393240631911956,-1.5690565218518433,1.1836026342252581,1.1227277969077134,1.2837393928989753,0.5314202288335124,1.7708699883931134,-0.16092781738399498,-2.4315611324031483,-7.6755155175456755,-1.852870166703163,0.07351321052978299,0.5295444137703262,-1.852870166703163,0.07351321052978299,0.5295444137703262,-1.852870166703163,0.07351321052978299,0.5295444137703262,-1.852870166703163,0.07351321052978299,0.5295444137703262,4.535413162411324,-4.120011407625801,6.167505747965656,4.535413162411324,-4.120011407625801,6.167505747965656,4.535413162411324,-4.120011407625801,6.167505747965656,4.535413162411324,-4.120011407625801,6.167505747965656,893.058519661434,645.6157355424475,781.1202549749984,0.0,-1.852870166703163,0.07351321052978299,0.5295444137703262,4.535413162411324,-4.120011407625801,6.167505747965656,2.2465979315592035,-0.24300404535942732,-2.0774138242088744,-11.475720994093694,22.46681977921895,-7.639668109443592
6.058,1,1,1,1,-0.30000000000000004,1.0012827159887298e-21,0.49999999999999994,0.0,0.0,0.0,-0.5229070662572104,-0.0,0.0,0.03679904140927629,0.0,0.0,0.3285,0.19164302,-0.012182209999999971,0.3285,-0.19164302,-0.012182209999999971,-0.3285,0.19164302,-0.012182209999999971,-0.3285,-0.19164302,-0.012182209999999971,0.0,0.0,0.0,0.0,0.0,0.0,0.0,0.0,0.0,0.0,0.0,0.0,-38.749019469661874,-38.74901946966052,77.49803893932267,-38.74901946966111,-38.74901946966027,77.49803893932112,-38.74901946966121,-38.74901946966374,77.49803893932234,-38.74901946966222,-38.749019469662954,77.4980389393226,0.2626999999999995,0.002,0.9304000000000003,0.0,0.0,0.0,0.0,-0.0,0.0,0.0,0.0,0.0,0.0,0.0,0.0,29.980383361751176,-82.5988505313433,-0.6523775353430836,-36.11000294202122,-14.596197550205275,319.9999999999397,-21.08460126413651,-67.28760583033215,34.545523434303995,199.9999999870126,-23.691065705782762,320.0000000000259,100.00000000426266,99.99999999997394,99.99999996941312,97.6413921337564,-99.99999999999952,29.432011371146782,6.375581733664148e-07,-1.5247934470608016e-07,1.9325182165630395e-07,676.1318178569512,-676.1318180009497,845.1647725012383,338.85540169343915,338.8554018870226,423.56925247532246,1252.497283647974,57.432881947140686,1565.6216050332641,-1.962634909334986,-0.19186982408714562,0.4749522251983737,-1.6074554796728724,0.8261690070239714,1.49065029795808,1.0891503117517156,0.567640738085049,1.6564655909686863,-0.9288949848882371,-0.4010051534068988,-9.07910671930495,-1.7912477924571397,0.035992916786030886,0.6149065632322159,-1.7912477924571397,0.035992916786030886,0.6149065632322159,-1.7912477924571397,0.035992916786030886,0.6149065632322159,-1.7912477924571397,0.035992916786030886,0.6149065632322159,13.056191959645835,-7.468378798713297,1.1061800287937498,13.056191959645835,-7.468378798713297,1.1061800287937498,13.056191959645835,-7.468378798713297,1.1061800287937498,13.056191959645835,-7.468378798713297,1.1061800287937498,697.9026348714099,826.4752506323748,799.1701576349996,0.0,-1.7912477924571397,0.035992916786030886,0.6149065632322159,13.056191959645835,-7.468378798713297,1.1061800287937498,1.9501255882255562,-0.3443922980942977,-1.5706472441698534,29.12327808402753,25.28257218199373,-9.6882362538734
6.078,1,1,1,1,-0.30000000000000004,1.0012827159887298e-21,0.49999999999999994,0.0,0.0,0.0,-0.5218377232625139,-0.0,0.0,0.06834206673084328,0.0,0.0,0.3285,0.19164302,-0.012182209999999971,0.3285,-0.19164302,-0.012182209999999971,-0.3285,0.19164302,-0.012182209999999971,-0.3285,-0.19164302,-0.012182209999999971,0.0,0.0,0.0,0.0,0.0,0.0,0.0,0.0,0.0,0.0,0.0,0.0,-38.7503343012163,19.282275195476664,77.49721729154909,-38.76441092217939,19.282275195566587,77.50719597640952,-38.74716522627751,-7.664580068448101,77.49473351937762,-38.745324002558625,-7.664580068319221,77.49436605279816,0.2626999999999995,0.002,0.9304000000000003,0.0,0.0,0.0,0.0,-0.0,0.0,0.0,0.0,0.0,0.0,0.0,0.0,-68.90964078208243,76.31251696878073,0.08351818771942852,-11.120634937719418,-84.68650563017425,313.21839722641374,32.86848168078698,22.639357086143445,58.301817151156925,-38.17950783959545,199.99999988434232,105.43320198431758,99.99999998792214,99.99999999996535,100.0000000053218,62.2843750797985,100.0000000000002,100.00000000000001,9.734768866564991e-07,8.403125804079536e-07,1.0501856877453974e-06,885.6214502937866,-885.6214506923233,1107.0268133023364,321.6220486093334,321.6220486089568,402.02756076165105,736.0349569509841,957.7648765842779,1197.2060921800955,-1.9436397869989979,-0.20231167034598246,0.5197332046128279,-1.7085617621223683,0.7480710028954184,1.834733239397229,0.8993723260091702,0.5784496336671259,1.5331171231941612,-1.951184404308726,-1.52279400932193,-6.96242808252511,-1.7489200418452657,-0.003455157120788789,0.6797418257998329,-1.7489200418452657,-0.003455157120788789,0.6797418257998329,-1.7489200418452657,-0.003455157120788789,0.6797418257998329,-1.7489200418452657,-0.003455157120788789,0.6797418257998329,1.5117056077729831,3.140840551195387,-2.715607332571497,1.5117056077729831,3.140840551195387,-2.715607332571497,1.5117056077729831,3.140840551195387,-2.715607332571497,1.5117056077729831,3.140840551195387,-2.715607332571497,1059.5528789612288,1183.263125254464,816.8352372652583,274.17138951940507,-1.7489200418452657,-0.003455157120788789,0.6797418257998329,1.5117056077729831,3.140840551195387,-2.715607332571497,2.3794209027743936,-0.07245680972024915,-1.802682610550348,15.922426153225633,-24.64754749524251,6.205105981034329
6.098,1,1,1,1,-0.30000000000000004,1.651786049380073e-21,0.4999999999999999,2.7755575615628914e-14,6.505033333944985e-19,-5.5511151227446455e-14,-0.520051804396629,-0.0,0.0,0.10748332291165992,0.0,0.0,0.3285,0.19164302,-0.012182209999999971,0.3285,-0.19164302,-0.012182209999999971,-0.3285,0.19164302,-0.012182209999999971,-0.3285,-0.19164302,-0.012182209999999971,0.0,0.0,0.0,0.0,0.0,0.0,0.0,0.0,0.0,0.0,0.0,0.0,-38.749019469661874,38.74901946966052,77.4980389393227,-38.749019469661114,38.74901946966027,77.49803893932119,-38.749019469661185,38.74901946966374,77.49803893932231,-38.749019469662294,38.749019469663,77.49803893932264,0.2626999999999995,0.002,0.9304000000000003,0.0,0.0,0.0,0.0,-0.0,0.0,0.0,0.0,0.0,0.0,0.0,0.0,-76.25554258499105,199.9999999999855,-0.04889354793925982,2.8429785666932745,-71.69626752629848,0.9718966287019795,164.74676497384473,199.9999999896007,198.23729138862404,-127.78246038705667,199.99999928820313,103.20404288785137,100.00000000025817,-99.99999996033932,99.99999999995671,100.0000000000005,100.00000000000207,100.0,87.15343341797774,87.15343341582638,108.94179176906701,1.7093058772843506e-06,-9.823409072851064e-07,2.385991194842063e-06,852.6253611395244,824.8121157386017,1065.7817014237653,827.6709629837909,1676.623404472773,2095.7792531874024,-1.9235590128968936,-0.21309166616727504,0.5697243145870169,-1.5776199411187106,0.6318872573115666,2.1958983502510327,0.7577724734133112,0.5609031972471108,1.3824555401499516,-3.0175944053932335,-4.82000355196497,-3.8406332067915425,-1.710796886343775,-0.043635427961216916,0.739433980917155,-1.710796886343775,-0.043635427961216916,0.739433980917155,-1.710796886343775,-0.043635427961216916,0.739433980917155,-1.710796886343775,-0.043635427961216916,0.739433980917155,1.228895135862838,0.5549440029887638,2.402772286410914,1.228895135862838,0.5549440029887638,2.402772286410914,1.228895135862838,0.5549440029887638,2.402772286410914,1.228895135862838,0.5549440029887638,2.402772286410914,720.8681963248905,224.89134290586426,938.3933734422794,459.70041999634225,-1.710796886343775,-0.043635427961216916,0.739433980917155,1.228895135862838,0.5549440029887638,2.402772286410914,2.605366028499358,0.04014250548143283,-2.2582265571039177,11.91804684008637,-9.865801900497178,16.448079138567046
6.118,1,1,1,1,-0.30000000000000004,1.0012827159824188e-21,0.49999999999999994,0.0,3.2525166670040468e-19,-2.7755575613723234e-14,-0.517411344984545,-0.0,0.0,0.15295913572271777,0.0,0.0,0.3285,0.19164302,-0.012182209999999971,0.3285,-0.19164302,-0.012182209999999971,-0.3285,0.19164302,-0.012182209999999971,-0.3285,-0.19164302,-0.012182209999999971,0.0,0.0,0.0,0.0,0.0,0.0,0.0,0.0,0.0,0.0,0.0,0.0,-38.74901946966184,38.74901946966055,77.49803893932273,-38.7490194696611,38.74901946966029,77.49803893932116,-38.74901946966119,38.74901946966373,77.4980389393223,-38.749019469662294,38.749019469663,77.49803893932261,0.2626999999999995,0.002,0.9304000000000003,0.0,0.0,-5.551115123125783e-14,0.0,-0.0,0.0,0.0,0.0,0.0,0.0,0.0,0.0,-37.6519939450505,200.00000000009717,320.0000000035802,-200.0000001669943,-14.287166401342247,-34.64087363036114,-127.6325006606625,-112.94329583818498,-0.2259102670638331,-199.99999943435773,200.00000000255255,71.57038351480853,-99.99999959007484,100.00000000027829,-100.00000001008264,99.9999972203813,-99.99999999995589,99.99999999999831,-1923.1270387664078,1923.1270398323531,2403.908799814204,-244.2288262091275,244.2288261918153,305.28603273418116,4.789878491104349e-06,-8.311501491164996e-06,1.0407538495238455e-05,776.1249448822963,1443.4364552307673,1804.2955722928996,-1.9066761364166671,-0.2194431090370962,0.6215276291257829,-1.24719956341559,1.0661527679098721,2.1573932833183695,0.7426690673677314,0.5048561084875471,1.235594515655573,-2.4845951948560803,-8.660540438948285,3.7095446530927942,-1.660175294394439,-0.09869829215822096,0.8004601476536425,-1.660175294394439,-0.09869829215822096,0.8004601476536425,-1.660175294394439,-0.09869829215822096,0.8004601476536425,-1.660175294394439,-0.09869829215822096,0.8004601476536425,5.52579071391256,-6.759551170997211,1.46018970682351,5.52579071391256,-6.759551170997211,1.46018970682351,5.52579071391256,-6.759551170997211,1.46018970682351,5.52579071391256,-6.759551170997211,1.46018970682351,1027.8565158440508,0.0,808.9554360659431,153.88128191664939,-1.660175294394439,-0.09869829215822096,0.8004601476536425,5.52579071391256,-6.759551170997211,1.46018970682351,2.844378719436553,0.008902750132920412,-2.516139191669814,8.354607544810166,0.8739808918646403,-9.909871143685315
6.138,1,1,1,1,-0.3,1.0012827159824188e-21,0.49999999999999994,2.7755575615628914e-14,0.0,0.0,-0.5138029903314628,-0.0,0.0,0.20356614951397783,0.0,0.0,0.3285,0.19164302,-0.012182209999999971,0.3285,-0.19164302,-0.012182209999999971,-0.3285,0.19164302,-0.012182209999999971,-0.3285,-0.19164302,-0.012182209999999971,0.0,0.0,0.0,0.0,0.0,0.0,0.0,0.0,0.0,0.0,0.0,0.0,-38.749019469661825,38.74901946966058,77.49803893932273,-38.74901946966107,38.7490194696603,77.49803893932119,-38.749019469661214,38.74901946966376,77.49803893932231,-38.74901946966231,38.749019469663,77.49803893932263,0.2626999999999995,0.002,0.9304000000000003,0.0,0.0,0.0,0.0,-0.0,0.0,0.0,0.0,0.0,0.0,0.0,0.0,-8.709861701043891,199.9999999939453,15.636878147417423,122.55207623938466,-199.99999999999545,7.7636747563511035,124.34436712886907,183.89692275339004,146.28663209272366,62.701242462410654,200.00000031787886,127.38470607007054,-87.87897287044619,-99.99999999320151,99.99999871239227,99.99999999951817,99.99999999971185,-99.99999931038725,59.922389612047795,59.92238791014492,74.90298532808067,782.478279563268,-761.5210961028056,978.0978494862212,532.5979087610118,532.5979073655217,665.7473859512648,256.13324774133116,-256.1332456814365,320.1665571017941,-1.8925094413771115,-0.22444126843859288,0.6686828063935019,-0.9226765691436536,0.7309804193833573,2.0420140096945323,0.812290568822857,0.43972815798081033,1.1442531399155031,-3.437860935779965,-2.9778173980916867,-0.9700142486662023,-1.6040609720041021,-0.1737472100792885,0.8307871700805335,-1.6040609720041021,-0.1737472100792885,0.8307871700805335,-1.6040609720041021,-0.1737472100792885,0.8307871700805335,-1.6040609720041021,-0.1737472100792885,0.8307871700805335,7.382123262828573,-7.387586989605447,-5.890554035758215,7.382123262828573,-7.387586989605447,-5.890554035758215,7.382123262828573,-7.387586989605447,-5.890554035758215,7.382123262828573,-7.387586989605447,-5.890554035758215,761.2116939566611,0.0,898.4773528834634,457.91931971507455,-1.6040609720041021,-0.1737472100792885,0.8307871700805335,7.382123262828573,-7.387586989605447,-5.890554035758215,2.9882236085705625,0.1835477550622966,-2.3299931217924668,-6.051976044252373,-28.087294261786347,-33.619093801015765
6.158,1,1,1,1,-0.30000000000000004,1.0012827159792634e-21,0.49999999999999994,0.0,0.0,0.0,-0.5091367893512151,-0.0,0.0,0.2581613272143727,0.0,0.0,0.3285,0.19164302,-0.012182209999999971,0.3285,-0.19164302,-0.012182209999999971,-0.3285,0.19164302,-0.012182209999999971,-0.3285,-0.19164302,-0.012182209999999971,0.0,0.0,0.0,0.0,0.0,0.0,0.0,0.0,0.0,0.0,0.0,0.0,-38.74901946966181,38.749019469660595,77.49803893932273,-38.74901946966108,38.749019469660276,77.49803893932126,-38.749019469661256,38.74901946966381,77.49803893932237,-38.74901946966235,38.74901946966301,77.49803893932265,0.2626999999999995,0.002,0.9304000000000003,1.3877787807814457e-14,0.0,0.0,0.0,-0.0,0.0,0.0,0.0,0.0,0.0,0.0,0.0,-18.91115703256399,26.117448630292078,-0.48424636624374884,119.33562761255662,-23.404606137066494,114.4895228347334,61.055066189731605,78.41325070550188,72.31994577475011,23.286308795734175,-3.4986575821768255,0.22948611178521564,-100.00000000176051,-99.99999999414754,16.722435330865245,99.99999999995752,99.99999999991672,-99.99999807965965,9.331397137657405e-06,-5.2799112353341116e-06,6.665299068231434e-06,925.4584235704638,-925.4584235578387,1156.8230294472983,268.3408258240245,268.34082380432653,335.4260297554082,3.1253837235567516e-05,-2.4343196223242103e-05,3.0879128146921175e-05,-1.8698579035636105,-0.23727214454618017,0.7066680394114198,-0.7190249557736,0.12098583222527903,2.1068136887456563,0.7341018324891853,0.39837512922793183,1.0597687953626003,-2.824204056652185,-3.2617067532180783,-0.7551731769894683,-1.5894903533080633,-0.23156943212787445,0.8657110033667177,-1.5894903533080633,-0.23156943212787445,0.8657110033667177,-1.5894903533080633,-0.23156943212787445,0.8657110033667177,-1.5894903533080633,-0.23156943212787445,0.8657110033667177,-5.620517043457887,1.7800222896602025,9.83621808093001,-5.620517043457887,1.7800222896602025,9.83621808093001,-5.620517043457887,1.7800222896602025,9.83621808093001,-5.620517043457887,1.7800222896602025,9.83621808093001,827.5264431701867,0.0,853.0333991602066,165.05532531469638,-1.5894903533080633,-0.23156943212787445,0.8657110033667177,-5.620517043457887,1.7800222896602025,9.83621808093001,2.582805172901728,0.5614739715908668,-2.2327166738247097,-24.3382036295544,-8.39799489523982,20.895757732899988
6.178,1,1,1,1,-0.30000000000000004,1.0012827159792634e-21,0.49999999999999994,0.0,0.0,0.0,-0.5033449881946879,-0.0,0.0,0.3156619503317856,0.0,0.0,0.3285,0.19164302,-0.012182209999999971,0.3285,-0.19164302,-0.012182209999999971,-0.3285,0.19164302,-0.012182209999999971,-0.3285,-0.19164302,-0.012182209999999971,0.0,0.0,0.0,0.0,0.0,0.0,0.0,0.0,0.0,0.0,0.0,0.0,-38.749019469661825,38.74901946966059,77.49803893932278,-38.74901946966101,38.749019469660254,77.49803893932129,-38.74901946966127,38.74901946966383,77.49803893932236,-38.7490194696624,38.74901946966305,77.4980389393227,0.2626999999999995,0.002,0.9304000000000003,0.0,0.0,0.0,0.0,-0.0,0.0,0.0,0.0,0.0,0.0,0.0,0.0,-10.274769703205326,13.435533825911854,-0.780030733229,30.72601114301341,53.98187984175122,82.21942120884718,200.00000000000006,199.99999999949503,66.59412813123383,76.90181451071079,-1.6487070644278232,0.24376109823854886,-82.9283832320691,-99.99999724149137,-100.00000000001428,99.99999999990771,99.99999999999685,-99.99999824988193,5.042192359638875e-06,-4.263256414560601e-14,4.547473508864641e-13,380.92820916804794,-380.9282091674244,476.1602614607565,109.40603609950037,735.6319415182118,919.5399270669542,2.5426363386316098e-05,-1.974915765856622e-05,2.468421293144729e-05,-1.8486228080986178,-0.24937727051462602,0.7422632172245613,-0.5188135744892556,0.30947381506056726,2.023772102244078,0.7554229900655696,0.3526565918697351,0.97527771215702,-0.7950380960447,-5.591526943635456,3.0827709529099323,-1.6191429848169978,-0.2750950364628602,0.9129999102265941,-1.6191429848169978,-0.2750950364628602,0.9129999102265941,-1.6191429848169978,-0.2750950364628602,0.9129999102265941,-1.6191429848169978,-0.2750950364628602,0.9129999102265941,-3.4767798541559785,6.654489046460486,6.090344113183338,-3.4767798541559785,6.654489046460486,6.090344113183338,-3.4767798541559785,6.654489046460486,6.090344113183338,-3.4767798541559785,6.654489046460486,6.090344113183338,789.5416811866065,0.0,812.7666203581348,25.908946931204667,-1.6191429848169978,-0.2750950364628602,0.9129999102265941,-3.4767798541559785,6.654489046460486,6.090344113183338,1.9381241158299383,0.4261972906239677,-2.850074915293949,-15.127637800296963,-25.381373420676958,18.110877594553926
6.198,1,1,1,1,-0.30000000000000004,1.0012827159792634e-21,0.49999999999999994,0.0,0.0,0.0,-0.49638082387824145,-0.0,0.0,0.375045618953013,0.0,0.0,0.3285,0.19164302,-0.012182209999999971,0.3285,-0.19164302,-0.012182209999999971,-0.3285,0.19164302,-0.012182209999999971,-0.3285,-0.19164302,-0.012182209999999971,0.0,0.0,0.0,0.0,0.0,0.0,0.0,0.0,0.0,0.0,0.0,0.0,-38.74901946966182,38.74901946966058,77.49803893932281,-38.74901946966104,38.74901946966028,77.49803893932142,-38.74901946966126,38.74901946966389,77.49803893932238,-38.74901946966245,38.74901946966307,77.49803893932278,0.2626999999999995,0.002,0.9304000000000003,0.0,0.0,0.0,0.0,-0.0,0.0,0.0,0.0,0.0,0.0,0.0,0.0,-19.7686722219272,5.101192261878234,-0.7989143780292671,102.48987895519203,162.2633656067518,169.3288893763234,118.5369144474799,-199.99999999998198,128.57069612061758,132.99168528525624,34.36427314330813,0.04418342168650905,-99.99999997633137,99.99999999984036,-99.99999999999608,99.99999999999999,99.99999999999663,-100.00000000000014,9.136753575944567e-07,2.8472868507378735e-10,2.2581048142455984e-10,641.6974511929313,-641.6974511806893,802.1218139906986,-374.2522178048199,1515.869558856824,1894.8369470293949,1.5958865020593294e-06,-2.0668389311140345e-06,4.196073916773457e-06,-1.8287613140396985,-0.2606547926415277,0.7753644734174712,-0.23977191539961423,0.38897190716037056,1.8505697892153927,0.8381658787192754,0.29764930344888274,0.8918283985566933,-0.08684155150801917,-5.345483925735071,5.2201215457566885,-1.6426887598770525,-0.2983531381682778,0.9529426300607284,-1.6426887598770525,-0.2983531381682778,0.9529426300607284,-1.6426887598770525,-0.2983531381682778,0.9529426300607284,-1.6426887598770525,-0.2983531381682778,0.9529426300607284,-0.4276578202959128,7.036723708605525,4.52054283433112,-0.4276578202959128,7.036723708605525,4.52054283433112,-0.4276578202959128,7.036723708605525,4.52054283433112,-0.4276578202959128,7.036723708605525,4.52054283433112,788.5554103679726,0.0,955.0509243513482,0.0,-1.6426887598770525,-0.2983531381682778,0.9529426300607284,-0.4276578202959128,7.036723708605525,4.52054283433112,1.4353773739205806,0.21039432245450884,2.815789173363636,-14.996091996263992,-27.28463506187925,10.645180814012186
6.218,1,1,1,1,-0.30000000000000004,1.0012827159792634e-21,0.49999999999999994,0.0,0.0,0.0,-0.488217317912131,-0.0,0.0,0.4353502517438626,0.0,0.0,0.3285,0.19164302,-0.012182209999999971,0.3285,-0.19164302,-0.012182209999999971,-0.3285,0.19164302,-0.012182209999999971,-0.3285,-0.19164302,-0.012182209999999971,0.0,0.0,0.0,0.0,0.0,0.0,0.0,0.0,0.0,0.0,0.0,0.0,-38.74901946966185,38.74901946966057,77.49803893932285,-38.74901946966102,38.74901946966029,77.49803893932142,-38.74901946966129,38.749019469663956,77.49803893932243,-38.749019469662436,38.74901946966307,77.49803893932273,0.2626999999999995,0.002,0.9304000000000003,0.0,0.0,0.0,0.0,-0.0,0.0,0.0,0.0,0.0,0.0,0.0,0.0,-24.78679452813466,-38.92683815595133,-1.154266159562055,104.45492778890986,148.776006091291,127.74589669927491,66.45743777115337,-199.9999999999799,19.049559778374572,-31.563184869166992,-22.877172811016507,0.36247341767841224,100.00000000003116,100.00000000008146,-100.00000000541226,99.9999999998984,99.99999999999996,-99.99999999999994,1.2572861862736318e-07,-2.0101944642192393e-07,2.509913912263073e-07,479.3284962398124,-479.3284944834627,599.1606181052947,-293.4583467623969,761.0680825029706,951.3351075556814,-1.0032920272351475e-08,-5.296289486977912e-07,5.585606857039238e-07,-1.8084860657766781,-0.27042611772930436,0.8032907634372346,0.05248618379571374,0.40769771236886065,1.6616653059550677,0.9064355148482032,0.23861360481860538,0.8115365289092166,-1.0047756088897735,-3.8542978682552516,4.401181298911578,-1.6227972812764526,-0.3181062538629578,1.0040756772758415,-1.6227972812764526,-0.3181062538629578,1.0040756772758415,-1.6227972812764526,-0.3181062538629578,1.0040756772758415,-1.6227972812764526,-0.3181062538629578,1.0040756772758415,4.084367081273921,10.310058595223042,4.4614268068423595,4.084367081273921,10.310058595223042,4.4614268068423595,4.084367081273921,10.310058595223042,4.4614268068423595,4.084367081273921,10.310058595223042,4.4614268068423595,788.279270805139,0.0,1183.7645241527046,0.0,-1.6227972812764526,-0.3181062538629578,1.0040756772758415,4.084367081273921,10.310058595223042,4.4614268068423595,0.8874968576080852,-0.2365019253038767,2.313486730839366,-32.56850164001506,-32.929047247980634,6.3787165417326115
6.238,1,1,1,1,-0.3000000000000001,1.0012827159761078e-21,0.49999999999999994,-2.7755575615628914e-14,0.0,0.0,-0.4788460699289282,-0.0,0.0,0.49567408594895584,0.0,0.0,0.3285,0.19164302,-0.012182209999999971,0.3285,-0.19164302,-0.012182209999999971,-0.3285,0.19164302,-0.012182209999999971,-0.3285,-0.19164302,-0.012182209999999971,0.0,0.0,0.0,0.0,0.0,0.0,0.0,0.0,0.0,0.0,0.0,0.0,-38.74901946966186,38.74901946966055,77.49803893932285,-38.74901946966102,38.749019469660276,77.4980389393214,-38.74901946966134,38.749019469664006,77.49803893932244,-38.74901946966244,38.749019469663104,77.49803893932273,0.2626999999999995,0.002,0.9304000000000003,0.0,0.0,0.0,0.0,-0.0,0.0,0.0,0.0,0.0,0.0,0.0,0.0,-22.506591581977816,-42.50005485506804,-1.1880859501192922,63.64360499174253,113.02149168777956,85.7219655002524,133.28476355159427,124.41783103885027,110.33737354971912,-67.2353031720542,-41.40066304227272,0.49170243134648856,99.99999999987276,31.211391764886752,-100.00000000394029,100.00000000000759,100.00000000000148,-99.99999999999999,1.0379119856906982e-06,-3.1029455271891493e-07,1.2920659457904549e-06,289.08920774257706,-289.089208433593,361.3615105378407,293.4889815583247,293.48898155516963,366.8612269471239,5.031482274375776e-06,-5.008296923847411e-06,6.260708104832702e-06,-1.7885989676158651,-0.2798893194418477,0.8273486924796738,0.19276298092013242,0.37248456765856963,1.5138847407101634,0.9462563156989418,0.1820024254136794,0.7310759745061876,-1.395027204477302,-3.418279174877506,4.048626065729767,-1.572177078782772,-0.37361123993379597,1.0574051992531843,-1.572177078782772,-0.37361123993379597,1.0574051992531843,-1.572177078782772,-0.37361123993379597,1.0574051992531843,-1.572177078782772,-0.37361123993379597,1.0574051992531843,9.603858269380359,11.395320933051934,3.514974540618711,9.603858269380359,11.395320933051934,3.514974540618711,9.603858269380359,11.395320933051934,3.514974540618711,9.603858269380359,11.395320933051934,3.514974540618711,788.5894056189643,0.0,994.655044437565,0.0,-1.572177078782772,-0.37361123993379597,1.0574051992531843,9.603858269380359,11.395320933051934,3.514974540618711,0.3484357062011929,-0.7516477325226817,1.889240857709142,-45.12261410453641,-30.44995193336689,-6.426630012012687
6.258,1,1,1,1,-0.3,1.0012827159824187e-21,0.49999999999999994,2.7755575615628914e-14,0.0,0.0,-0.4682760513119422,-0.0,0.0,0.555175677392001,0.0,0.0,0.3285,0.19164302,-0.012182209999999971,0.3285,-0.19164302,-0.012182209999999971,-0.3285,0.19164302,-0.012182209999999971,-0.3285,-0.19164302,-0.012182209999999971,0.0,0.0,0.0,0.0,0.0,0.0,0.0,0.0,0.0,0.0,0.0,0.0,-38.74901946966187,38.74901946966061,77.4980389393229,-38.74901946966101,38.749019469660254,77.49803893932139,-38.74901946966133,38.749019469664034,77.49803893932244,-38.749019469662464,38.74901946966315,77.49803893932273,0.2626999999999995,0.002,0.9304000000000003,0.0,0.0,0.0,0.0,-0.0,0.0,0.0,0.0,0.0,0.0,0.0,0.0,-15.336954275976934,-62.02098652924008,-1.3278102825661773,65.97110700863574,146.08616775214634,101.14944080218548,59.58489515499332,-199.9999999999954,47.06761435476128,-49.930709715662786,-20.332940179242144,0.35771880783793925,100.00000000001693,100.00000000004907,-100.00000000003003,99.99999999999301,-7.838441415415382,-99.99999999999997,3.082248554164835e-07,-3.0537621853454766e-07,3.8178939121280564e-07,288.98473591021013,-288.9847338686378,361.23091988607746,-174.37553763651897,780.837337684624,976.0466720464485,-5.8779185962976044e-08,-4.792770624817422e-08,5.97662506152119e-08,-1.7698281183979934,-0.28891678756459876,0.8477714026134411,0.36635129843159353,0.3063719760154627,1.2925668685663236,0.9754247732393259,0.12627084712207948,0.647496330492432,-1.5639752081086518,-2.998082966572178,4.08784312154433,-1.5188947970373903,-0.4699770576833162,1.1068370355253232,-1.5188947970373903,-0.4699770576833162,1.1068370355253232,-1.5188947970373903,-0.4699770576833162,1.1068370355253232,-1.5188947970373903,-0.4699770576833162,1.1068370355253232,12.286812262291566,6.697317395865168,2.473415970522417,12.286812262291566,6.697317395865168,2.473415970522417,12.286812262291566,6.697317395865168,2.473415970522417,12.286812262291566,6.697317395865168,2.473415970522417,789.1142665657424,0.0,912.2167730521387,0.0,-1.5188947970373903,-0.4699770576833162,1.1068370355253232,12.286812262291566,6.697317395865168,2.473415970522417,-0.1865408823801249,-1.2461178145262468,1.5484070489146027,-37.108780704774716,-16.53178604064407,-2.67205389143305
6.2780000000000005,1,1,1,1,-0.30000000000000004,3.507793825879202e-22,0.5,0.0,-3.252516666956715e-19,2.7755575613723215e-14,-0.45653239882364044,-0.0,0.0,0.6130739004757099,0.0,0.0,0.3285,0.19164302,-0.012182209999999971,0.3285,-0.19164302,-0.012182209999999971,-0.3285,0.19164302,-0.012182209999999971,-0.3285,-0.19164302,-0.012182209999999971,0.0,0.0,0.0,0.0,0.0,0.0,0.0,0.0,0.0,0.0,0.0,0.0,-38.74901946966186,22.573494605022987,77.49803893932291,-38.749019469660965,22.573494601118583,77.49803893932138,-38.74901946966131,38.74901946966406,77.49803893932246,-38.74901946966251,38.74901946966322,77.49803893932284,0.2626999999999995,0.002,0.9304000000000003,0.0,0.0,-5.551115123125783e-14,0.0,-0.0,0.0,0.0,0.0,0.0,0.0,0.0,0.0,-9.601579583528766,-40.703745868206944,-1.158140568143228,25.39200407644172,55.966819180318495,38.078870006528284,79.51413784708079,-38.865197976928265,235.48774156114592,-72.98510954624308,-44.59253982184875,0.5224657521136717,40.90618606061269,99.99999981030194,-99.9999999955128,100.00000000000149,100.00000000000063,-100.00000000000004,1.2733173591072955e-06,-6.570312507392373e-07,8.213884825636342e-07,94.71816757186001,-94.71816920103291,118.3977115014605,562.4138996840592,562.4139015854194,703.0173746048192,-3.278749716173479e-09,-3.516333890729584e-09,4.452374469110509e-09,-1.7511276539656988,-0.29659766079937705,0.8640296223826262,0.5245853242133487,0.23420963945272844,1.0787197595305524,1.006219592014958,0.06969524523078996,0.5667979557685776,-0.7781366294262846,-2.6996825831456195,4.604900554341095,-1.4604302276135692,-0.5730385012192136,1.1519547394907212,-1.4604302276135692,-0.5730385012192136,1.1519547394907212,-1.4604302276135692,-0.5730385012192136,1.1519547394907212,-1.4604302276135692,-0.5730385012192136,1.1519547394907212,15.709692373536257,6.089064086517257,2.026202586335895,15.709692373536257,6.089064086517257,2.026202586335895,15.709692373536257,6.089064086517257,2.026202586335895,15.709692373536257,6.089064086517257,2.026202586335895,789.9019081919907,0.0,897.2732715671826,0.0,-1.4604302276135692,-0.5730385012192136,1.1519547394907212,15.709692373536257,6.089064086517257,2.026202586335895,-1.6658994472755995,-1.316067331431745,2.345172840570363,-33.84489632853403,-12.405773887806507,-0.21362028243559272
